2026-05-10 12:08:50 [http-nio-8082-exec-2] INFO  c.w.product.aspect.LoggingAspect - ==> API REQUEST: com.warehouse.product.controller.NotificationController.getNotifications()
2026-05-10 12:08:50 [http-nio-8082-exec-1] INFO  c.w.product.aspect.LoggingAspect - ==> API REQUEST: com.warehouse.product.controller.ProductController.getAllProducts()
2026-05-10 12:08:50 [http-nio-8082-exec-1] INFO  c.w.product.aspect.LoggingAspect - ==> SERVICE METHOD CALLED: com.warehouse.product.service.ProductService.getAllProducts()
2026-05-10 12:08:50 [http-nio-8082-exec-2] INFO  c.w.product.aspect.LoggingAspect - ==> SERVICE METHOD CALLED: com.warehouse.product.service.ProductService.getAllProducts()
2026-05-10 12:08:51 [http-nio-8082-exec-1] INFO  c.w.product.aspect.LoggingAspect - ==> METHOD: getAllProducts() COMPLETED IN: 1184 ms
2026-05-10 12:08:51 [http-nio-8082-exec-2] INFO  c.w.product.aspect.LoggingAspect - ==> METHOD: getAllProducts() COMPLETED IN: 1185 ms
2026-05-10 12:09:07 [http-nio-8082-exec-3] INFO  c.w.product.aspect.LoggingAspect - ==> API REQUEST: com.warehouse.product.controller.NotificationController.getNotifications()
2026-05-10 12:09:07 [http-nio-8082-exec-3] INFO  c.w.product.aspect.LoggingAspect - ==> SERVICE METHOD CALLED: com.warehouse.product.service.ProductService.getAllProducts()
2026-05-10 12:09:07 [http-nio-8082-exec-3] INFO  c.w.product.aspect.LoggingAspect - ==> METHOD: getAllProducts() COMPLETED IN: 17 ms
2026-05-10 12:09:18 [http-nio-8082-exec-8] INFO  c.w.product.aspect.LoggingAspect - ==> API REQUEST: com.warehouse.product.controller.NotificationController.getNotifications()
2026-05-10 12:09:18 [http-nio-8082-exec-8] INFO  c.w.product.aspect.LoggingAspect - ==> SERVICE METHOD CALLED: com.warehouse.product.service.ProductService.getAllProducts()
2026-05-10 12:09:18 [http-nio-8082-exec-8] INFO  c.w.product.aspect.LoggingAspect - ==> METHOD: getAllProducts() COMPLETED IN: 14 ms
2026-05-10 12:09:37 [http-nio-8082-exec-9] INFO  c.w.product.aspect.LoggingAspect - ==> API REQUEST: com.warehouse.product.controller.NotificationController.getNotifications()
2026-05-10 12:09:37 [http-nio-8082-exec-9] INFO  c.w.product.aspect.LoggingAspect - ==> SERVICE METHOD CALLED: com.warehouse.product.service.ProductService.getAllProducts()
2026-05-10 12:09:37 [http-nio-8082-exec-9] INFO  c.w.product.aspect.LoggingAspect - ==> METHOD: getAllProducts() COMPLETED IN: 13 ms
2026-05-10 12:09:48 [http-nio-8082-exec-6] INFO  c.w.product.aspect.LoggingAspect - ==> API REQUEST: com.warehouse.product.controller.NotificationController.getNotifications()
2026-05-10 12:09:48 [http-nio-8082-exec-6] INFO  c.w.product.aspect.LoggingAspect - ==> SERVICE METHOD CALLED: com.warehouse.product.service.ProductService.getAllProducts()
2026-05-10 12:09:48 [http-nio-8082-exec-6] INFO  c.w.product.aspect.LoggingAspect - ==> METHOD: getAllProducts() COMPLETED IN: 23 ms
2026-05-10 12:10:01 [http-nio-8082-exec-5] INFO  c.w.product.aspect.LoggingAspect - ==> API REQUEST: com.warehouse.product.controller.NotificationController.getNotifications()
2026-05-10 12:10:01 [http-nio-8082-exec-5] INFO  c.w.product.aspect.LoggingAspect - ==> SERVICE METHOD CALLED: com.warehouse.product.service.ProductService.getAllProducts()
2026-05-10 12:10:01 [http-nio-8082-exec-5] INFO  c.w.product.aspect.LoggingAspect - ==> METHOD: getAllProducts() COMPLETED IN: 81 ms
2026-05-10 12:10:11 [http-nio-8082-exec-10] INFO  c.w.product.aspect.LoggingAspect - ==> API REQUEST: com.warehouse.product.controller.NotificationController.getNotifications()
2026-05-10 12:10:11 [http-nio-8082-exec-4] INFO  c.w.product.aspect.LoggingAspect - ==> API REQUEST: com.warehouse.product.controller.ProductController.getAllProducts()
2026-05-10 12:10:11 [http-nio-8082-exec-10] INFO  c.w.product.aspect.LoggingAspect - ==> SERVICE METHOD CALLED: com.warehouse.product.service.ProductService.getAllProducts()
2026-05-10 12:10:11 [http-nio-8082-exec-4] INFO  c.w.product.aspect.LoggingAspect - ==> SERVICE METHOD CALLED: com.warehouse.product.service.ProductService.getAllProducts()
2026-05-10 12:10:11 [http-nio-8082-exec-10] INFO  c.w.product.aspect.LoggingAspect - ==> METHOD: getAllProducts() COMPLETED IN: 10 ms
2026-05-10 12:10:11 [http-nio-8082-exec-4] INFO  c.w.product.aspect.LoggingAspect - ==> METHOD: getAllProducts() COMPLETED IN: 14 ms
2026-05-10 12:10:31 [http-nio-8082-exec-7] INFO  c.w.product.aspect.LoggingAspect - ==> API REQUEST: com.warehouse.product.controller.NotificationController.getNotifications()
2026-05-10 12:10:31 [http-nio-8082-exec-7] INFO  c.w.product.aspect.LoggingAspect - ==> SERVICE METHOD CALLED: com.warehouse.product.service.ProductService.getAllProducts()
2026-05-10 12:10:31 [http-nio-8082-exec-7] INFO  c.w.product.aspect.LoggingAspect - ==> METHOD: getAllProducts() COMPLETED IN: 13 ms
2026-05-10 12:10:41 [http-nio-8082-exec-2] INFO  c.w.product.aspect.LoggingAspect - ==> API REQUEST: com.warehouse.product.controller.NotificationController.getNotifications()
2026-05-10 12:10:41 [http-nio-8082-exec-2] INFO  c.w.product.aspect.LoggingAspect - ==> SERVICE METHOD CALLED: com.warehouse.product.service.ProductService.getAllProducts()
2026-05-10 12:10:41 [http-nio-8082-exec-2] INFO  c.w.product.aspect.LoggingAspect - ==> METHOD: getAllProducts() COMPLETED IN: 16 ms
2026-05-10 12:11:01 [http-nio-8082-exec-1] INFO  c.w.product.aspect.LoggingAspect - ==> API REQUEST: com.warehouse.product.controller.NotificationController.getNotifications()
2026-05-10 12:11:01 [http-nio-8082-exec-1] INFO  c.w.product.aspect.LoggingAspect - ==> SERVICE METHOD CALLED: com.warehouse.product.service.ProductService.getAllProducts()
2026-05-10 12:11:01 [http-nio-8082-exec-1] INFO  c.w.product.aspect.LoggingAspect - ==> METHOD: getAllProducts() COMPLETED IN: 17 ms
2026-05-10 12:11:11 [http-nio-8082-exec-3] INFO  c.w.product.aspect.LoggingAspect - ==> API REQUEST: com.warehouse.product.controller.NotificationController.getNotifications()
2026-05-10 12:11:11 [http-nio-8082-exec-3] INFO  c.w.product.aspect.LoggingAspect - ==> SERVICE METHOD CALLED: com.warehouse.product.service.ProductService.getAllProducts()
2026-05-10 12:11:11 [http-nio-8082-exec-3] INFO  c.w.product.aspect.LoggingAspect - ==> METHOD: getAllProducts() COMPLETED IN: 14 ms
2026-05-10 12:11:21 [http-nio-8082-exec-8] INFO  c.w.product.aspect.LoggingAspect - ==> API REQUEST: com.warehouse.product.controller.ProductController.createProduct()
2026-05-10 12:11:21 [http-nio-8082-exec-8] INFO  c.w.product.aspect.LoggingAspect - ==> SERVICE METHOD CALLED: com.warehouse.product.service.ProductService.createProduct()
2026-05-10 12:11:21 [http-nio-8082-exec-8] INFO  c.w.product.aspect.LoggingAspect - ==> METHOD: createProduct() COMPLETED IN: 141 ms
2026-05-10 12:11:30 [http-nio-8082-exec-9] INFO  c.w.product.aspect.LoggingAspect - ==> API REQUEST: com.warehouse.product.controller.ProductController.getAllProducts()
2026-05-10 12:11:30 [http-nio-8082-exec-9] INFO  c.w.product.aspect.LoggingAspect - ==> SERVICE METHOD CALLED: com.warehouse.product.service.ProductService.getAllProducts()
2026-05-10 12:11:30 [http-nio-8082-exec-6] INFO  c.w.product.aspect.LoggingAspect - ==> API REQUEST: com.warehouse.product.controller.NotificationController.getNotifications()
2026-05-10 12:11:30 [http-nio-8082-exec-6] INFO  c.w.product.aspect.LoggingAspect - ==> SERVICE METHOD CALLED: com.warehouse.product.service.ProductService.getAllProducts()
2026-05-10 12:11:30 [http-nio-8082-exec-9] INFO  c.w.product.aspect.LoggingAspect - ==> METHOD: getAllProducts() COMPLETED IN: 37 ms
2026-05-10 12:11:30 [http-nio-8082-exec-6] INFO  c.w.product.aspect.LoggingAspect - ==> METHOD: getAllProducts() COMPLETED IN: 21 ms
2026-05-10 12:11:42 [http-nio-8082-exec-5] INFO  c.w.product.aspect.LoggingAspect - ==> API REQUEST: com.warehouse.product.controller.NotificationController.getNotifications()
2026-05-10 12:11:42 [http-nio-8082-exec-5] INFO  c.w.product.aspect.LoggingAspect - ==> SERVICE METHOD CALLED: com.warehouse.product.service.ProductService.getAllProducts()
2026-05-10 12:11:42 [http-nio-8082-exec-5] INFO  c.w.product.aspect.LoggingAspect - ==> METHOD: getAllProducts() COMPLETED IN: 20 ms
2026-05-10 12:12:00 [http-nio-8082-exec-10] INFO  c.w.product.aspect.LoggingAspect - ==> API REQUEST: com.warehouse.product.controller.NotificationController.getNotifications()
2026-05-10 12:12:00 [http-nio-8082-exec-10] INFO  c.w.product.aspect.LoggingAspect - ==> SERVICE METHOD CALLED: com.warehouse.product.service.ProductService.getAllProducts()
2026-05-10 12:12:00 [http-nio-8082-exec-10] INFO  c.w.product.aspect.LoggingAspect - ==> METHOD: getAllProducts() COMPLETED IN: 14 ms
2026-05-10 12:12:12 [http-nio-8082-exec-4] INFO  c.w.product.aspect.LoggingAspect - ==> API REQUEST: com.warehouse.product.controller.NotificationController.getNotifications()
2026-05-10 12:12:12 [http-nio-8082-exec-4] INFO  c.w.product.aspect.LoggingAspect - ==> SERVICE METHOD CALLED: com.warehouse.product.service.ProductService.getAllProducts()
2026-05-10 12:12:12 [http-nio-8082-exec-4] INFO  c.w.product.aspect.LoggingAspect - ==> METHOD: getAllProducts() COMPLETED IN: 16 ms
2026-05-10 12:12:14 [http-nio-8082-exec-7] INFO  c.w.product.aspect.LoggingAspect - ==> API REQUEST: com.warehouse.product.controller.NotificationController.getNotifications()
2026-05-10 12:12:14 [http-nio-8082-exec-7] INFO  c.w.product.aspect.LoggingAspect - ==> SERVICE METHOD CALLED: com.warehouse.product.service.ProductService.getAllProducts()
2026-05-10 12:12:14 [http-nio-8082-exec-7] INFO  c.w.product.aspect.LoggingAspect - ==> METHOD: getAllProducts() COMPLETED IN: 25 ms
2026-05-10 12:12:22 [http-nio-8082-exec-2] INFO  c.w.product.aspect.LoggingAspect - ==> API REQUEST: com.warehouse.product.controller.NotificationController.getNotifications()
2026-05-10 12:12:22 [http-nio-8082-exec-2] INFO  c.w.product.aspect.LoggingAspect - ==> SERVICE METHOD CALLED: com.warehouse.product.service.ProductService.getAllProducts()
2026-05-10 12:12:22 [http-nio-8082-exec-1] INFO  c.w.product.aspect.LoggingAspect - ==> API REQUEST: com.warehouse.product.controller.ProductController.getAllProducts()
2026-05-10 12:12:22 [http-nio-8082-exec-1] INFO  c.w.product.aspect.LoggingAspect - ==> SERVICE METHOD CALLED: com.warehouse.product.service.ProductService.getAllProducts()
2026-05-10 12:12:22 [http-nio-8082-exec-1] INFO  c.w.product.aspect.LoggingAspect - ==> METHOD: getAllProducts() COMPLETED IN: 18 ms
2026-05-10 12:12:22 [http-nio-8082-exec-2] INFO  c.w.product.aspect.LoggingAspect - ==> METHOD: getAllProducts() COMPLETED IN: 28 ms
2026-05-10 12:12:45 [http-nio-8082-exec-3] INFO  c.w.product.aspect.LoggingAspect - ==> API REQUEST: com.warehouse.product.controller.NotificationController.getNotifications()
2026-05-10 12:12:45 [http-nio-8082-exec-3] INFO  c.w.product.aspect.LoggingAspect - ==> SERVICE METHOD CALLED: com.warehouse.product.service.ProductService.getAllProducts()
2026-05-10 12:12:45 [http-nio-8082-exec-3] INFO  c.w.product.aspect.LoggingAspect - ==> METHOD: getAllProducts() COMPLETED IN: 15 ms
2026-05-10 12:12:46 [http-nio-8082-exec-8] INFO  c.w.product.aspect.LoggingAspect - ==> API REQUEST: com.warehouse.product.controller.ProductController.reduceQuantity()
2026-05-10 12:12:46 [http-nio-8082-exec-8] INFO  c.w.product.aspect.LoggingAspect - ==> SERVICE METHOD CALLED: com.warehouse.product.service.ProductService.reduceQuantity()
2026-05-10 12:12:46 [http-nio-8082-exec-8] INFO  c.w.product.aspect.LoggingAspect - ==> METHOD: reduceQuantity() COMPLETED IN: 68 ms
2026-05-10 12:12:50 [http-nio-8082-exec-9] INFO  c.w.product.aspect.LoggingAspect - ==> API REQUEST: com.warehouse.product.controller.ProductController.getAllProducts()
2026-05-10 12:12:50 [http-nio-8082-exec-9] INFO  c.w.product.aspect.LoggingAspect - ==> SERVICE METHOD CALLED: com.warehouse.product.service.ProductService.getAllProducts()
2026-05-10 12:12:50 [http-nio-8082-exec-6] INFO  c.w.product.aspect.LoggingAspect - ==> API REQUEST: com.warehouse.product.controller.NotificationController.getNotifications()
2026-05-10 12:12:50 [http-nio-8082-exec-6] INFO  c.w.product.aspect.LoggingAspect - ==> SERVICE METHOD CALLED: com.warehouse.product.service.ProductService.getAllProducts()
2026-05-10 12:12:50 [http-nio-8082-exec-9] INFO  c.w.product.aspect.LoggingAspect - ==> METHOD: getAllProducts() COMPLETED IN: 19 ms
2026-05-10 12:12:50 [http-nio-8082-exec-6] INFO  c.w.product.aspect.LoggingAspect - ==> METHOD: getAllProducts() COMPLETED IN: 37 ms
2026-05-10 12:12:52 [http-nio-8082-exec-5] INFO  c.w.product.aspect.LoggingAspect - ==> API REQUEST: com.warehouse.product.controller.NotificationController.getNotifications()
2026-05-10 12:12:52 [http-nio-8082-exec-5] INFO  c.w.product.aspect.LoggingAspect - ==> SERVICE METHOD CALLED: com.warehouse.product.service.ProductService.getAllProducts()
2026-05-10 12:12:52 [http-nio-8082-exec-5] INFO  c.w.product.aspect.LoggingAspect - ==> METHOD: getAllProducts() COMPLETED IN: 45 ms
2026-05-10 12:13:04 [http-nio-8082-exec-10] INFO  c.w.product.aspect.LoggingAspect - ==> API REQUEST: com.warehouse.product.controller.NotificationController.getNotifications()
2026-05-10 12:13:04 [http-nio-8082-exec-10] INFO  c.w.product.aspect.LoggingAspect - ==> SERVICE METHOD CALLED: com.warehouse.product.service.ProductService.getAllProducts()
2026-05-10 12:13:04 [http-nio-8082-exec-10] INFO  c.w.product.aspect.LoggingAspect - ==> METHOD: getAllProducts() COMPLETED IN: 10 ms
2026-05-10 12:13:14 [http-nio-8082-exec-4] INFO  c.w.product.aspect.LoggingAspect - ==> API REQUEST: com.warehouse.product.controller.NotificationController.getNotifications()
2026-05-10 12:13:14 [http-nio-8082-exec-4] INFO  c.w.product.aspect.LoggingAspect - ==> SERVICE METHOD CALLED: com.warehouse.product.service.ProductService.getAllProducts()
2026-05-10 12:13:14 [http-nio-8082-exec-4] INFO  c.w.product.aspect.LoggingAspect - ==> METHOD: getAllProducts() COMPLETED IN: 10 ms
2026-05-10 12:13:20 [http-nio-8082-exec-7] INFO  c.w.product.aspect.LoggingAspect - ==> API REQUEST: com.warehouse.product.controller.NotificationController.getNotifications()
2026-05-10 12:13:20 [http-nio-8082-exec-7] INFO  c.w.product.aspect.LoggingAspect - ==> SERVICE METHOD CALLED: com.warehouse.product.service.ProductService.getAllProducts()
2026-05-10 12:13:20 [http-nio-8082-exec-7] INFO  c.w.product.aspect.LoggingAspect - ==> METHOD: getAllProducts() COMPLETED IN: 27 ms
2026-05-10 12:13:22 [http-nio-8082-exec-2] INFO  c.w.product.aspect.LoggingAspect - ==> API REQUEST: com.warehouse.product.controller.NotificationController.getNotifications()
2026-05-10 12:13:22 [http-nio-8082-exec-2] INFO  c.w.product.aspect.LoggingAspect - ==> SERVICE METHOD CALLED: com.warehouse.product.service.ProductService.getAllProducts()
2026-05-10 12:13:22 [http-nio-8082-exec-2] INFO  c.w.product.aspect.LoggingAspect - ==> METHOD: getAllProducts() COMPLETED IN: 24 ms
2026-05-10 12:13:34 [http-nio-8082-exec-1] INFO  c.w.product.aspect.LoggingAspect - ==> API REQUEST: com.warehouse.product.controller.NotificationController.getNotifications()
2026-05-10 12:13:34 [http-nio-8082-exec-1] INFO  c.w.product.aspect.LoggingAspect - ==> SERVICE METHOD CALLED: com.warehouse.product.service.ProductService.getAllProducts()
2026-05-10 12:13:34 [http-nio-8082-exec-1] INFO  c.w.product.aspect.LoggingAspect - ==> METHOD: getAllProducts() COMPLETED IN: 17 ms
2026-05-10 12:13:35 [http-nio-8082-exec-3] INFO  c.w.product.aspect.LoggingAspect - ==> API REQUEST: com.warehouse.product.controller.ProductController.getAllProducts()
2026-05-10 12:13:35 [http-nio-8082-exec-3] INFO  c.w.product.aspect.LoggingAspect - ==> SERVICE METHOD CALLED: com.warehouse.product.service.ProductService.getAllProducts()
2026-05-10 12:13:35 [http-nio-8082-exec-8] INFO  c.w.product.aspect.LoggingAspect - ==> API REQUEST: com.warehouse.product.controller.NotificationController.getNotifications()
2026-05-10 12:13:35 [http-nio-8082-exec-8] INFO  c.w.product.aspect.LoggingAspect - ==> SERVICE METHOD CALLED: com.warehouse.product.service.ProductService.getAllProducts()
2026-05-10 12:13:35 [http-nio-8082-exec-3] INFO  c.w.product.aspect.LoggingAspect - ==> METHOD: getAllProducts() COMPLETED IN: 45 ms
2026-05-10 12:13:35 [http-nio-8082-exec-8] INFO  c.w.product.aspect.LoggingAspect - ==> METHOD: getAllProducts() COMPLETED IN: 51 ms
2026-05-10 12:13:44 [http-nio-8082-exec-9] INFO  c.w.product.aspect.LoggingAspect - ==> API REQUEST: com.warehouse.product.controller.NotificationController.getNotifications()
2026-05-10 12:13:44 [http-nio-8082-exec-9] INFO  c.w.product.aspect.LoggingAspect - ==> SERVICE METHOD CALLED: com.warehouse.product.service.ProductService.getAllProducts()
2026-05-10 12:13:44 [http-nio-8082-exec-9] INFO  c.w.product.aspect.LoggingAspect - ==> METHOD: getAllProducts() COMPLETED IN: 18 ms
2026-05-10 12:13:48 [http-nio-8082-exec-5] INFO  c.w.product.aspect.LoggingAspect - ==> API REQUEST: com.warehouse.product.controller.NotificationController.getNotifications()
2026-05-10 12:13:48 [http-nio-8082-exec-5] INFO  c.w.product.aspect.LoggingAspect - ==> SERVICE METHOD CALLED: com.warehouse.product.service.ProductService.getAllProducts()
2026-05-10 12:13:48 [http-nio-8082-exec-5] INFO  c.w.product.aspect.LoggingAspect - ==> METHOD: getAllProducts() COMPLETED IN: 12 ms
2026-05-10 12:13:50 [http-nio-8082-exec-10] INFO  c.w.product.aspect.LoggingAspect - ==> API REQUEST: com.warehouse.product.controller.NotificationController.getNotifications()
2026-05-10 12:13:50 [http-nio-8082-exec-10] INFO  c.w.product.aspect.LoggingAspect - ==> SERVICE METHOD CALLED: com.warehouse.product.service.ProductService.getAllProducts()
2026-05-10 12:13:50 [http-nio-8082-exec-10] INFO  c.w.product.aspect.LoggingAspect - ==> METHOD: getAllProducts() COMPLETED IN: 16 ms
2026-05-10 12:13:51 [http-nio-8082-exec-4] INFO  c.w.product.aspect.LoggingAspect - ==> API REQUEST: com.warehouse.product.controller.ProductController.getAllProducts()
2026-05-10 12:13:51 [http-nio-8082-exec-4] INFO  c.w.product.aspect.LoggingAspect - ==> SERVICE METHOD CALLED: com.warehouse.product.service.ProductService.getAllProducts()
2026-05-10 12:13:51 [http-nio-8082-exec-7] INFO  c.w.product.aspect.LoggingAspect - ==> API REQUEST: com.warehouse.product.controller.NotificationController.getNotifications()
2026-05-10 12:13:51 [http-nio-8082-exec-7] INFO  c.w.product.aspect.LoggingAspect - ==> SERVICE METHOD CALLED: com.warehouse.product.service.ProductService.getAllProducts()
2026-05-10 12:13:51 [http-nio-8082-exec-4] INFO  c.w.product.aspect.LoggingAspect - ==> METHOD: getAllProducts() COMPLETED IN: 18 ms
2026-05-10 12:13:51 [http-nio-8082-exec-7] INFO  c.w.product.aspect.LoggingAspect - ==> METHOD: getAllProducts() COMPLETED IN: 16 ms
2026-05-10 12:13:52 [http-nio-8082-exec-2] INFO  c.w.product.aspect.LoggingAspect - ==> API REQUEST: com.warehouse.product.controller.NotificationController.getNotifications()
2026-05-10 12:13:52 [http-nio-8082-exec-2] INFO  c.w.product.aspect.LoggingAspect - ==> SERVICE METHOD CALLED: com.warehouse.product.service.ProductService.getAllProducts()
2026-05-10 12:13:52 [http-nio-8082-exec-2] INFO  c.w.product.aspect.LoggingAspect - ==> METHOD: getAllProducts() COMPLETED IN: 17 ms
2026-05-10 12:14:04 [http-nio-8082-exec-1] INFO  c.w.product.aspect.LoggingAspect - ==> API REQUEST: com.warehouse.product.controller.NotificationController.getNotifications()
2026-05-10 12:14:04 [http-nio-8082-exec-1] INFO  c.w.product.aspect.LoggingAspect - ==> SERVICE METHOD CALLED: com.warehouse.product.service.ProductService.getAllProducts()
2026-05-10 12:14:04 [http-nio-8082-exec-1] INFO  c.w.product.aspect.LoggingAspect - ==> METHOD: getAllProducts() COMPLETED IN: 10 ms
2026-05-10 12:14:05 [http-nio-8082-exec-3] INFO  c.w.product.aspect.LoggingAspect - ==> API REQUEST: com.warehouse.product.controller.NotificationController.getNotifications()
2026-05-10 12:14:05 [http-nio-8082-exec-3] INFO  c.w.product.aspect.LoggingAspect - ==> SERVICE METHOD CALLED: com.warehouse.product.service.ProductService.getAllProducts()
2026-05-10 12:14:05 [http-nio-8082-exec-3] INFO  c.w.product.aspect.LoggingAspect - ==> METHOD: getAllProducts() COMPLETED IN: 16 ms
2026-05-10 12:14:14 [http-nio-8082-exec-8] INFO  c.w.product.aspect.LoggingAspect - ==> API REQUEST: com.warehouse.product.controller.NotificationController.getNotifications()
2026-05-10 12:14:14 [http-nio-8082-exec-8] INFO  c.w.product.aspect.LoggingAspect - ==> SERVICE METHOD CALLED: com.warehouse.product.service.ProductService.getAllProducts()
2026-05-10 12:14:14 [http-nio-8082-exec-8] INFO  c.w.product.aspect.LoggingAspect - ==> METHOD: getAllProducts() COMPLETED IN: 17 ms
2026-05-10 12:14:18 [http-nio-8082-exec-9] INFO  c.w.product.aspect.LoggingAspect - ==> API REQUEST: com.warehouse.product.controller.NotificationController.getNotifications()
2026-05-10 12:14:18 [http-nio-8082-exec-9] INFO  c.w.product.aspect.LoggingAspect - ==> SERVICE METHOD CALLED: com.warehouse.product.service.ProductService.getAllProducts()
2026-05-10 12:14:18 [http-nio-8082-exec-9] INFO  c.w.product.aspect.LoggingAspect - ==> METHOD: getAllProducts() COMPLETED IN: 23 ms
2026-05-10 12:14:20 [http-nio-8082-exec-6] INFO  c.w.product.aspect.LoggingAspect - ==> API REQUEST: com.warehouse.product.controller.NotificationController.getNotifications()
2026-05-10 12:14:20 [http-nio-8082-exec-6] INFO  c.w.product.aspect.LoggingAspect - ==> SERVICE METHOD CALLED: com.warehouse.product.service.ProductService.getAllProducts()
2026-05-10 12:14:20 [http-nio-8082-exec-6] INFO  c.w.product.aspect.LoggingAspect - ==> METHOD: getAllProducts() COMPLETED IN: 8 ms
2026-05-10 12:14:21 [http-nio-8082-exec-5] INFO  c.w.product.aspect.LoggingAspect - ==> API REQUEST: com.warehouse.product.controller.NotificationController.getNotifications()
2026-05-10 12:14:21 [http-nio-8082-exec-5] INFO  c.w.product.aspect.LoggingAspect - ==> SERVICE METHOD CALLED: com.warehouse.product.service.ProductService.getAllProducts()
2026-05-10 12:14:21 [http-nio-8082-exec-5] INFO  c.w.product.aspect.LoggingAspect - ==> METHOD: getAllProducts() COMPLETED IN: 8 ms
2026-05-10 12:14:22 [http-nio-8082-exec-10] INFO  c.w.product.aspect.LoggingAspect - ==> API REQUEST: com.warehouse.product.controller.NotificationController.getNotifications()
2026-05-10 12:14:22 [http-nio-8082-exec-10] INFO  c.w.product.aspect.LoggingAspect - ==> SERVICE METHOD CALLED: com.warehouse.product.service.ProductService.getAllProducts()
2026-05-10 12:14:22 [http-nio-8082-exec-10] INFO  c.w.product.aspect.LoggingAspect - ==> METHOD: getAllProducts() COMPLETED IN: 5 ms
2026-05-10 12:14:34 [http-nio-8082-exec-4] INFO  c.w.product.aspect.LoggingAspect - ==> API REQUEST: com.warehouse.product.controller.NotificationController.getNotifications()
2026-05-10 12:14:34 [http-nio-8082-exec-4] INFO  c.w.product.aspect.LoggingAspect - ==> SERVICE METHOD CALLED: com.warehouse.product.service.ProductService.getAllProducts()
2026-05-10 12:14:34 [http-nio-8082-exec-4] INFO  c.w.product.aspect.LoggingAspect - ==> METHOD: getAllProducts() COMPLETED IN: 23 ms
2026-05-10 12:14:35 [http-nio-8082-exec-7] INFO  c.w.product.aspect.LoggingAspect - ==> API REQUEST: com.warehouse.product.controller.NotificationController.getNotifications()
2026-05-10 12:14:35 [http-nio-8082-exec-7] INFO  c.w.product.aspect.LoggingAspect - ==> SERVICE METHOD CALLED: com.warehouse.product.service.ProductService.getAllProducts()
2026-05-10 12:14:35 [http-nio-8082-exec-7] INFO  c.w.product.aspect.LoggingAspect - ==> METHOD: getAllProducts() COMPLETED IN: 14 ms
2026-05-10 12:14:36 [http-nio-8082-exec-2] INFO  c.w.product.aspect.LoggingAspect - ==> API REQUEST: com.warehouse.product.controller.ProductController.createProduct()
2026-05-10 12:14:36 [http-nio-8082-exec-2] INFO  c.w.product.aspect.LoggingAspect - ==> SERVICE METHOD CALLED: com.warehouse.product.service.ProductService.createProduct()
2026-05-10 12:14:36 [http-nio-8082-exec-2] INFO  c.w.product.aspect.LoggingAspect - ==> METHOD: createProduct() COMPLETED IN: 22 ms
2026-05-10 12:14:39 [http-nio-8082-exec-1] INFO  c.w.product.aspect.LoggingAspect - ==> API REQUEST: com.warehouse.product.controller.ProductController.getAllProducts()
2026-05-10 12:14:39 [http-nio-8082-exec-1] INFO  c.w.product.aspect.LoggingAspect - ==> SERVICE METHOD CALLED: com.warehouse.product.service.ProductService.getAllProducts()
2026-05-10 12:14:39 [http-nio-8082-exec-1] INFO  c.w.product.aspect.LoggingAspect - ==> METHOD: getAllProducts() COMPLETED IN: 25 ms
2026-05-10 12:14:39 [http-nio-8082-exec-3] INFO  c.w.product.aspect.LoggingAspect - ==> API REQUEST: com.warehouse.product.controller.NotificationController.getNotifications()
2026-05-10 12:14:39 [http-nio-8082-exec-3] INFO  c.w.product.aspect.LoggingAspect - ==> SERVICE METHOD CALLED: com.warehouse.product.service.ProductService.getAllProducts()
2026-05-10 12:14:39 [http-nio-8082-exec-3] INFO  c.w.product.aspect.LoggingAspect - ==> METHOD: getAllProducts() COMPLETED IN: 35 ms
2026-05-10 12:14:51 [http-nio-8082-exec-8] INFO  c.w.product.aspect.LoggingAspect - ==> API REQUEST: com.warehouse.product.controller.ProductController.reserveProduct()
2026-05-10 12:14:51 [http-nio-8082-exec-8] INFO  c.w.product.aspect.LoggingAspect - ==> SERVICE METHOD CALLED: com.warehouse.product.service.ProductService.reserveProduct()
2026-05-10 12:14:51 [http-nio-8082-exec-8] INFO  c.w.product.aspect.LoggingAspect - ==> METHOD: reserveProduct() COMPLETED IN: 24 ms
2026-05-10 12:14:51 [http-nio-8082-exec-9] INFO  c.w.product.aspect.LoggingAspect - ==> API REQUEST: com.warehouse.product.controller.ProductController.getAllProducts()
2026-05-10 12:14:51 [http-nio-8082-exec-9] INFO  c.w.product.aspect.LoggingAspect - ==> SERVICE METHOD CALLED: com.warehouse.product.service.ProductService.getAllProducts()
2026-05-10 12:14:51 [http-nio-8082-exec-9] INFO  c.w.product.aspect.LoggingAspect - ==> METHOD: getAllProducts() COMPLETED IN: 10 ms
2026-05-10 12:15:01 [http-nio-8082-exec-6] INFO  c.w.product.aspect.LoggingAspect - ==> API REQUEST: com.warehouse.product.controller.ProductController.restoreProduct()
2026-05-10 12:15:01 [http-nio-8082-exec-6] INFO  c.w.product.aspect.LoggingAspect - ==> SERVICE METHOD CALLED: com.warehouse.product.service.ProductService.restoreProduct()
2026-05-10 12:15:01 [http-nio-8082-exec-6] INFO  c.w.product.aspect.LoggingAspect - ==> METHOD: restoreProduct() COMPLETED IN: 20 ms
2026-05-10 12:15:01 [http-nio-8082-exec-5] INFO  c.w.product.aspect.LoggingAspect - ==> API REQUEST: com.warehouse.product.controller.ProductController.getAllProducts()
2026-05-10 12:15:01 [http-nio-8082-exec-5] INFO  c.w.product.aspect.LoggingAspect - ==> SERVICE METHOD CALLED: com.warehouse.product.service.ProductService.getAllProducts()
2026-05-10 12:15:01 [http-nio-8082-exec-5] INFO  c.w.product.aspect.LoggingAspect - ==> METHOD: getAllProducts() COMPLETED IN: 6 ms
2026-05-10 12:15:04 [http-nio-8082-exec-10] INFO  c.w.product.aspect.LoggingAspect - ==> API REQUEST: com.warehouse.product.controller.NotificationController.getNotifications()
2026-05-10 12:15:04 [http-nio-8082-exec-10] INFO  c.w.product.aspect.LoggingAspect - ==> SERVICE METHOD CALLED: com.warehouse.product.service.ProductService.getAllProducts()
2026-05-10 12:15:04 [http-nio-8082-exec-10] INFO  c.w.product.aspect.LoggingAspect - ==> METHOD: getAllProducts() COMPLETED IN: 39 ms
2026-05-10 12:15:06 [http-nio-8082-exec-4] INFO  c.w.product.aspect.LoggingAspect - ==> API REQUEST: com.warehouse.product.controller.ProductController.getAllProducts()
2026-05-10 12:15:06 [http-nio-8082-exec-4] INFO  c.w.product.aspect.LoggingAspect - ==> SERVICE METHOD CALLED: com.warehouse.product.service.ProductService.getAllProducts()
2026-05-10 12:15:06 [http-nio-8082-exec-7] INFO  c.w.product.aspect.LoggingAspect - ==> API REQUEST: com.warehouse.product.controller.NotificationController.getNotifications()
2026-05-10 12:15:06 [http-nio-8082-exec-7] INFO  c.w.product.aspect.LoggingAspect - ==> SERVICE METHOD CALLED: com.warehouse.product.service.ProductService.getAllProducts()
2026-05-10 12:15:06 [http-nio-8082-exec-4] INFO  c.w.product.aspect.LoggingAspect - ==> METHOD: getAllProducts() COMPLETED IN: 20 ms
2026-05-10 12:15:06 [http-nio-8082-exec-7] INFO  c.w.product.aspect.LoggingAspect - ==> METHOD: getAllProducts() COMPLETED IN: 34 ms
2026-05-10 12:15:09 [http-nio-8082-exec-2] INFO  c.w.product.aspect.LoggingAspect - ==> API REQUEST: com.warehouse.product.controller.NotificationController.getNotifications()
2026-05-10 12:15:09 [http-nio-8082-exec-2] INFO  c.w.product.aspect.LoggingAspect - ==> SERVICE METHOD CALLED: com.warehouse.product.service.ProductService.getAllProducts()
2026-05-10 12:15:09 [http-nio-8082-exec-2] INFO  c.w.product.aspect.LoggingAspect - ==> METHOD: getAllProducts() COMPLETED IN: 17 ms
2026-05-10 12:15:24 [http-nio-8082-exec-1] INFO  c.w.product.aspect.LoggingAspect - ==> API REQUEST: com.warehouse.product.controller.ProductController.reduceQuantity()
2026-05-10 12:15:24 [http-nio-8082-exec-1] INFO  c.w.product.aspect.LoggingAspect - ==> SERVICE METHOD CALLED: com.warehouse.product.service.ProductService.reduceQuantity()
2026-05-10 12:15:24 [http-nio-8082-exec-1] INFO  c.w.product.aspect.LoggingAspect - ==> METHOD: reduceQuantity() COMPLETED IN: 23 ms
2026-05-10 12:15:27 [http-nio-8082-exec-3] INFO  c.w.product.aspect.LoggingAspect - ==> API REQUEST: com.warehouse.product.controller.NotificationController.getNotifications()
2026-05-10 12:15:27 [http-nio-8082-exec-3] INFO  c.w.product.aspect.LoggingAspect - ==> SERVICE METHOD CALLED: com.warehouse.product.service.ProductService.getAllProducts()
2026-05-10 12:15:27 [http-nio-8082-exec-8] INFO  c.w.product.aspect.LoggingAspect - ==> API REQUEST: com.warehouse.product.controller.ProductController.getAllProducts()
2026-05-10 12:15:27 [http-nio-8082-exec-8] INFO  c.w.product.aspect.LoggingAspect - ==> SERVICE METHOD CALLED: com.warehouse.product.service.ProductService.getAllProducts()
2026-05-10 12:15:27 [http-nio-8082-exec-8] INFO  c.w.product.aspect.LoggingAspect - ==> METHOD: getAllProducts() COMPLETED IN: 13 ms
2026-05-10 12:15:27 [http-nio-8082-exec-3] INFO  c.w.product.aspect.LoggingAspect - ==> METHOD: getAllProducts() COMPLETED IN: 18 ms
2026-05-10 12:15:34 [http-nio-8082-exec-9] INFO  c.w.product.aspect.LoggingAspect - ==> API REQUEST: com.warehouse.product.controller.NotificationController.getNotifications()
2026-05-10 12:15:34 [http-nio-8082-exec-9] INFO  c.w.product.aspect.LoggingAspect - ==> SERVICE METHOD CALLED: com.warehouse.product.service.ProductService.getAllProducts()
2026-05-10 12:15:34 [http-nio-8082-exec-9] INFO  c.w.product.aspect.LoggingAspect - ==> METHOD: getAllProducts() COMPLETED IN: 23 ms
2026-05-10 12:15:36 [http-nio-8082-exec-6] INFO  c.w.product.aspect.LoggingAspect - ==> API REQUEST: com.warehouse.product.controller.NotificationController.getNotifications()
2026-05-10 12:15:36 [http-nio-8082-exec-6] INFO  c.w.product.aspect.LoggingAspect - ==> SERVICE METHOD CALLED: com.warehouse.product.service.ProductService.getAllProducts()
2026-05-10 12:15:36 [http-nio-8082-exec-6] INFO  c.w.product.aspect.LoggingAspect - ==> METHOD: getAllProducts() COMPLETED IN: 5 ms
2026-05-10 12:15:37 [http-nio-8082-exec-10] INFO  c.w.product.aspect.LoggingAspect - ==> API REQUEST: com.warehouse.product.controller.NotificationController.getNotifications()
2026-05-10 12:15:37 [http-nio-8082-exec-10] INFO  c.w.product.aspect.LoggingAspect - ==> SERVICE METHOD CALLED: com.warehouse.product.service.ProductService.getAllProducts()
2026-05-10 12:15:37 [http-nio-8082-exec-5] INFO  c.w.product.aspect.LoggingAspect - ==> API REQUEST: com.warehouse.product.controller.ProductController.getAllProducts()
2026-05-10 12:15:37 [http-nio-8082-exec-5] INFO  c.w.product.aspect.LoggingAspect - ==> SERVICE METHOD CALLED: com.warehouse.product.service.ProductService.getAllProducts()
2026-05-10 12:15:37 [http-nio-8082-exec-5] INFO  c.w.product.aspect.LoggingAspect - ==> METHOD: getAllProducts() COMPLETED IN: 5 ms
2026-05-10 12:15:37 [http-nio-8082-exec-10] INFO  c.w.product.aspect.LoggingAspect - ==> METHOD: getAllProducts() COMPLETED IN: 6 ms
2026-05-10 12:15:39 [http-nio-8082-exec-4] INFO  c.w.product.aspect.LoggingAspect - ==> API REQUEST: com.warehouse.product.controller.NotificationController.getNotifications()
2026-05-10 12:15:39 [http-nio-8082-exec-4] INFO  c.w.product.aspect.LoggingAspect - ==> SERVICE METHOD CALLED: com.warehouse.product.service.ProductService.getAllProducts()
2026-05-10 12:15:39 [http-nio-8082-exec-4] INFO  c.w.product.aspect.LoggingAspect - ==> METHOD: getAllProducts() COMPLETED IN: 6 ms
2026-05-10 12:15:46 [http-nio-8082-exec-7] INFO  c.w.product.aspect.LoggingAspect - ==> API REQUEST: com.warehouse.product.controller.NotificationController.getNotifications()
2026-05-10 12:15:46 [http-nio-8082-exec-7] INFO  c.w.product.aspect.LoggingAspect - ==> SERVICE METHOD CALLED: com.warehouse.product.service.ProductService.getAllProducts()
2026-05-10 12:15:46 [http-nio-8082-exec-7] INFO  c.w.product.aspect.LoggingAspect - ==> METHOD: getAllProducts() COMPLETED IN: 13 ms
2026-05-10 12:15:48 [http-nio-8082-exec-2] INFO  c.w.product.aspect.LoggingAspect - ==> API REQUEST: com.warehouse.product.controller.NotificationController.getNotifications()
2026-05-10 12:15:48 [http-nio-8082-exec-1] INFO  c.w.product.aspect.LoggingAspect - ==> API REQUEST: com.warehouse.product.controller.ProductController.getAllProducts()
2026-05-10 12:15:48 [http-nio-8082-exec-1] INFO  c.w.product.aspect.LoggingAspect - ==> SERVICE METHOD CALLED: com.warehouse.product.service.ProductService.getAllProducts()
2026-05-10 12:15:48 [http-nio-8082-exec-2] INFO  c.w.product.aspect.LoggingAspect - ==> SERVICE METHOD CALLED: com.warehouse.product.service.ProductService.getAllProducts()
2026-05-10 12:15:48 [http-nio-8082-exec-1] INFO  c.w.product.aspect.LoggingAspect - ==> METHOD: getAllProducts() COMPLETED IN: 5 ms
2026-05-10 12:15:48 [http-nio-8082-exec-2] INFO  c.w.product.aspect.LoggingAspect - ==> METHOD: getAllProducts() COMPLETED IN: 20 ms
2026-05-10 12:15:57 [http-nio-8082-exec-8] INFO  c.w.product.aspect.LoggingAspect - ==> API REQUEST: com.warehouse.product.controller.NotificationController.getNotifications()
2026-05-10 12:15:57 [http-nio-8082-exec-8] INFO  c.w.product.aspect.LoggingAspect - ==> SERVICE METHOD CALLED: com.warehouse.product.service.ProductService.getAllProducts()
2026-05-10 12:15:57 [http-nio-8082-exec-8] INFO  c.w.product.aspect.LoggingAspect - ==> METHOD: getAllProducts() COMPLETED IN: 10 ms
2026-05-10 12:16:05 [http-nio-8082-exec-3] INFO  c.w.product.aspect.LoggingAspect - ==> API REQUEST: com.warehouse.product.controller.NotificationController.getNotifications()
2026-05-10 12:16:05 [http-nio-8082-exec-3] INFO  c.w.product.aspect.LoggingAspect - ==> SERVICE METHOD CALLED: com.warehouse.product.service.ProductService.getAllProducts()
2026-05-10 12:16:05 [http-nio-8082-exec-3] INFO  c.w.product.aspect.LoggingAspect - ==> METHOD: getAllProducts() COMPLETED IN: 23 ms
2026-05-10 12:16:07 [http-nio-8082-exec-9] INFO  c.w.product.aspect.LoggingAspect - ==> API REQUEST: com.warehouse.product.controller.NotificationController.getNotifications()
2026-05-10 12:16:07 [http-nio-8082-exec-9] INFO  c.w.product.aspect.LoggingAspect - ==> SERVICE METHOD CALLED: com.warehouse.product.service.ProductService.getAllProducts()
2026-05-10 12:16:07 [http-nio-8082-exec-9] INFO  c.w.product.aspect.LoggingAspect - ==> METHOD: getAllProducts() COMPLETED IN: 20 ms
2026-05-10 12:16:08 [http-nio-8082-exec-6] INFO  c.w.product.aspect.LoggingAspect - ==> API REQUEST: com.warehouse.product.controller.NotificationController.getNotifications()
2026-05-10 12:16:08 [http-nio-8082-exec-6] INFO  c.w.product.aspect.LoggingAspect - ==> SERVICE METHOD CALLED: com.warehouse.product.service.ProductService.getAllProducts()
2026-05-10 12:16:08 [http-nio-8082-exec-6] INFO  c.w.product.aspect.LoggingAspect - ==> METHOD: getAllProducts() COMPLETED IN: 13 ms
2026-05-10 12:16:10 [http-nio-8082-exec-5] INFO  c.w.product.aspect.LoggingAspect - ==> API REQUEST: com.warehouse.product.controller.NotificationController.getNotifications()
2026-05-10 12:16:10 [http-nio-8082-exec-5] INFO  c.w.product.aspect.LoggingAspect - ==> SERVICE METHOD CALLED: com.warehouse.product.service.ProductService.getAllProducts()
2026-05-10 12:16:10 [http-nio-8082-exec-5] INFO  c.w.product.aspect.LoggingAspect - ==> METHOD: getAllProducts() COMPLETED IN: 14 ms
2026-05-10 12:16:17 [http-nio-8082-exec-10] INFO  c.w.product.aspect.LoggingAspect - ==> API REQUEST: com.warehouse.product.controller.NotificationController.getNotifications()
2026-05-10 12:16:17 [http-nio-8082-exec-10] INFO  c.w.product.aspect.LoggingAspect - ==> SERVICE METHOD CALLED: com.warehouse.product.service.ProductService.getAllProducts()
2026-05-10 12:16:17 [http-nio-8082-exec-10] INFO  c.w.product.aspect.LoggingAspect - ==> METHOD: getAllProducts() COMPLETED IN: 97 ms
2026-05-10 12:16:19 [http-nio-8082-exec-4] INFO  c.w.product.aspect.LoggingAspect - ==> API REQUEST: com.warehouse.product.controller.NotificationController.getNotifications()
2026-05-10 12:16:19 [http-nio-8082-exec-4] INFO  c.w.product.aspect.LoggingAspect - ==> SERVICE METHOD CALLED: com.warehouse.product.service.ProductService.getAllProducts()
2026-05-10 12:16:19 [http-nio-8082-exec-4] INFO  c.w.product.aspect.LoggingAspect - ==> METHOD: getAllProducts() COMPLETED IN: 14 ms
2026-05-10 12:16:27 [http-nio-8082-exec-1] INFO  c.w.product.aspect.LoggingAspect - ==> API REQUEST: com.warehouse.product.controller.NotificationController.getNotifications()
2026-05-10 12:16:27 [http-nio-8082-exec-1] INFO  c.w.product.aspect.LoggingAspect - ==> SERVICE METHOD CALLED: com.warehouse.product.service.ProductService.getAllProducts()
2026-05-10 12:16:27 [http-nio-8082-exec-1] INFO  c.w.product.aspect.LoggingAspect - ==> METHOD: getAllProducts() COMPLETED IN: 8 ms
2026-05-10 12:16:34 [http-nio-8082-exec-2] INFO  c.w.product.aspect.LoggingAspect - ==> API REQUEST: com.warehouse.product.controller.NotificationController.getNotifications()
2026-05-10 12:16:34 [http-nio-8082-exec-2] INFO  c.w.product.aspect.LoggingAspect - ==> SERVICE METHOD CALLED: com.warehouse.product.service.ProductService.getAllProducts()
2026-05-10 12:16:34 [http-nio-8082-exec-2] INFO  c.w.product.aspect.LoggingAspect - ==> METHOD: getAllProducts() COMPLETED IN: 12 ms
2026-05-10 12:16:37 [http-nio-8082-exec-8] INFO  c.w.product.aspect.LoggingAspect - ==> API REQUEST: com.warehouse.product.controller.NotificationController.getNotifications()
2026-05-10 12:16:37 [http-nio-8082-exec-8] INFO  c.w.product.aspect.LoggingAspect - ==> SERVICE METHOD CALLED: com.warehouse.product.service.ProductService.getAllProducts()
2026-05-10 12:16:37 [http-nio-8082-exec-8] INFO  c.w.product.aspect.LoggingAspect - ==> METHOD: getAllProducts() COMPLETED IN: 10 ms
2026-05-10 12:16:38 [http-nio-8082-exec-3] INFO  c.w.product.aspect.LoggingAspect - ==> API REQUEST: com.warehouse.product.controller.NotificationController.getNotifications()
2026-05-10 12:16:38 [http-nio-8082-exec-3] INFO  c.w.product.aspect.LoggingAspect - ==> SERVICE METHOD CALLED: com.warehouse.product.service.ProductService.getAllProducts()
2026-05-10 12:16:38 [http-nio-8082-exec-3] INFO  c.w.product.aspect.LoggingAspect - ==> METHOD: getAllProducts() COMPLETED IN: 12 ms
2026-05-10 12:16:39 [http-nio-8082-exec-9] INFO  c.w.product.aspect.LoggingAspect - ==> API REQUEST: com.warehouse.product.controller.NotificationController.getNotifications()
2026-05-10 12:16:39 [http-nio-8082-exec-9] INFO  c.w.product.aspect.LoggingAspect - ==> SERVICE METHOD CALLED: com.warehouse.product.service.ProductService.getAllProducts()
2026-05-10 12:16:39 [http-nio-8082-exec-9] INFO  c.w.product.aspect.LoggingAspect - ==> METHOD: getAllProducts() COMPLETED IN: 11 ms
2026-05-10 12:16:47 [http-nio-8082-exec-6] INFO  c.w.product.aspect.LoggingAspect - ==> API REQUEST: com.warehouse.product.controller.NotificationController.getNotifications()
2026-05-10 12:16:47 [http-nio-8082-exec-6] INFO  c.w.product.aspect.LoggingAspect - ==> SERVICE METHOD CALLED: com.warehouse.product.service.ProductService.getAllProducts()
2026-05-10 12:16:47 [http-nio-8082-exec-6] INFO  c.w.product.aspect.LoggingAspect - ==> METHOD: getAllProducts() COMPLETED IN: 10 ms
2026-05-10 12:16:49 [http-nio-8082-exec-5] INFO  c.w.product.aspect.LoggingAspect - ==> API REQUEST: com.warehouse.product.controller.NotificationController.getNotifications()
2026-05-10 12:16:49 [http-nio-8082-exec-5] INFO  c.w.product.aspect.LoggingAspect - ==> SERVICE METHOD CALLED: com.warehouse.product.service.ProductService.getAllProducts()
2026-05-10 12:16:49 [http-nio-8082-exec-5] INFO  c.w.product.aspect.LoggingAspect - ==> METHOD: getAllProducts() COMPLETED IN: 12 ms
2026-05-10 12:16:57 [http-nio-8082-exec-10] INFO  c.w.product.aspect.LoggingAspect - ==> API REQUEST: com.warehouse.product.controller.NotificationController.getNotifications()
2026-05-10 12:16:57 [http-nio-8082-exec-10] INFO  c.w.product.aspect.LoggingAspect - ==> SERVICE METHOD CALLED: com.warehouse.product.service.ProductService.getAllProducts()
2026-05-10 12:16:57 [http-nio-8082-exec-10] INFO  c.w.product.aspect.LoggingAspect - ==> METHOD: getAllProducts() COMPLETED IN: 15 ms
2026-05-10 12:17:05 [http-nio-8082-exec-4] INFO  c.w.product.aspect.LoggingAspect - ==> API REQUEST: com.warehouse.product.controller.NotificationController.getNotifications()
2026-05-10 12:17:05 [http-nio-8082-exec-4] INFO  c.w.product.aspect.LoggingAspect - ==> SERVICE METHOD CALLED: com.warehouse.product.service.ProductService.getAllProducts()
2026-05-10 12:17:05 [http-nio-8082-exec-4] INFO  c.w.product.aspect.LoggingAspect - ==> METHOD: getAllProducts() COMPLETED IN: 16 ms
2026-05-10 12:17:07 [http-nio-8082-exec-7] INFO  c.w.product.aspect.LoggingAspect - ==> API REQUEST: com.warehouse.product.controller.NotificationController.getNotifications()
2026-05-10 12:17:07 [http-nio-8082-exec-7] INFO  c.w.product.aspect.LoggingAspect - ==> SERVICE METHOD CALLED: com.warehouse.product.service.ProductService.getAllProducts()
2026-05-10 12:17:07 [http-nio-8082-exec-7] INFO  c.w.product.aspect.LoggingAspect - ==> METHOD: getAllProducts() COMPLETED IN: 8 ms
2026-05-10 12:17:08 [http-nio-8082-exec-1] INFO  c.w.product.aspect.LoggingAspect - ==> API REQUEST: com.warehouse.product.controller.NotificationController.getNotifications()
2026-05-10 12:17:08 [http-nio-8082-exec-1] INFO  c.w.product.aspect.LoggingAspect - ==> SERVICE METHOD CALLED: com.warehouse.product.service.ProductService.getAllProducts()
2026-05-10 12:17:08 [http-nio-8082-exec-1] INFO  c.w.product.aspect.LoggingAspect - ==> METHOD: getAllProducts() COMPLETED IN: 8 ms
2026-05-10 12:17:09 [http-nio-8082-exec-2] INFO  c.w.product.aspect.LoggingAspect - ==> API REQUEST: com.warehouse.product.controller.NotificationController.getNotifications()
2026-05-10 12:17:09 [http-nio-8082-exec-2] INFO  c.w.product.aspect.LoggingAspect - ==> SERVICE METHOD CALLED: com.warehouse.product.service.ProductService.getAllProducts()
2026-05-10 12:17:09 [http-nio-8082-exec-2] INFO  c.w.product.aspect.LoggingAspect - ==> METHOD: getAllProducts() COMPLETED IN: 20 ms
2026-05-10 12:17:17 [http-nio-8082-exec-8] INFO  c.w.product.aspect.LoggingAspect - ==> API REQUEST: com.warehouse.product.controller.NotificationController.getNotifications()
2026-05-10 12:17:17 [http-nio-8082-exec-8] INFO  c.w.product.aspect.LoggingAspect - ==> SERVICE METHOD CALLED: com.warehouse.product.service.ProductService.getAllProducts()
2026-05-10 12:17:17 [http-nio-8082-exec-8] INFO  c.w.product.aspect.LoggingAspect - ==> METHOD: getAllProducts() COMPLETED IN: 8 ms
2026-05-10 12:17:19 [http-nio-8082-exec-3] INFO  c.w.product.aspect.LoggingAspect - ==> API REQUEST: com.warehouse.product.controller.NotificationController.getNotifications()
2026-05-10 12:17:19 [http-nio-8082-exec-3] INFO  c.w.product.aspect.LoggingAspect - ==> SERVICE METHOD CALLED: com.warehouse.product.service.ProductService.getAllProducts()
2026-05-10 12:17:19 [http-nio-8082-exec-3] INFO  c.w.product.aspect.LoggingAspect - ==> METHOD: getAllProducts() COMPLETED IN: 10 ms
2026-05-10 12:17:27 [http-nio-8082-exec-9] INFO  c.w.product.aspect.LoggingAspect - ==> API REQUEST: com.warehouse.product.controller.NotificationController.getNotifications()
2026-05-10 12:17:27 [http-nio-8082-exec-9] INFO  c.w.product.aspect.LoggingAspect - ==> SERVICE METHOD CALLED: com.warehouse.product.service.ProductService.getAllProducts()
2026-05-10 12:17:27 [http-nio-8082-exec-9] INFO  c.w.product.aspect.LoggingAspect - ==> METHOD: getAllProducts() COMPLETED IN: 17 ms
2026-05-10 12:17:34 [http-nio-8082-exec-6] INFO  c.w.product.aspect.LoggingAspect - ==> API REQUEST: com.warehouse.product.controller.NotificationController.getNotifications()
2026-05-10 12:17:34 [http-nio-8082-exec-6] INFO  c.w.product.aspect.LoggingAspect - ==> SERVICE METHOD CALLED: com.warehouse.product.service.ProductService.getAllProducts()
2026-05-10 12:17:34 [http-nio-8082-exec-6] INFO  c.w.product.aspect.LoggingAspect - ==> METHOD: getAllProducts() COMPLETED IN: 10 ms
2026-05-10 12:17:36 [http-nio-8082-exec-5] INFO  c.w.product.aspect.LoggingAspect - ==> API REQUEST: com.warehouse.product.controller.NotificationController.getNotifications()
2026-05-10 12:17:36 [http-nio-8082-exec-5] INFO  c.w.product.aspect.LoggingAspect - ==> SERVICE METHOD CALLED: com.warehouse.product.service.ProductService.getAllProducts()
2026-05-10 12:17:36 [http-nio-8082-exec-5] INFO  c.w.product.aspect.LoggingAspect - ==> METHOD: getAllProducts() COMPLETED IN: 10 ms
2026-05-10 12:17:37 [http-nio-8082-exec-10] INFO  c.w.product.aspect.LoggingAspect - ==> API REQUEST: com.warehouse.product.controller.NotificationController.getNotifications()
2026-05-10 12:17:37 [http-nio-8082-exec-10] INFO  c.w.product.aspect.LoggingAspect - ==> SERVICE METHOD CALLED: com.warehouse.product.service.ProductService.getAllProducts()
2026-05-10 12:17:37 [http-nio-8082-exec-10] INFO  c.w.product.aspect.LoggingAspect - ==> METHOD: getAllProducts() COMPLETED IN: 6 ms
2026-05-10 12:17:37 [http-nio-8082-exec-4] INFO  c.w.product.aspect.LoggingAspect - ==> API REQUEST: com.warehouse.product.controller.ProductController.dispatchProduct()
2026-05-10 12:17:37 [http-nio-8082-exec-4] INFO  c.w.product.aspect.LoggingAspect - ==> SERVICE METHOD CALLED: com.warehouse.product.service.ProductService.dispatchProduct()
2026-05-10 12:17:37 [http-nio-8082-exec-4] INFO  c.w.product.aspect.LoggingAspect - ==> METHOD: dispatchProduct() COMPLETED IN: 59 ms
2026-05-10 12:17:37 [http-nio-8082-exec-7] INFO  c.w.product.aspect.LoggingAspect - ==> API REQUEST: com.warehouse.product.controller.ProductController.getAllProducts()
2026-05-10 12:17:37 [http-nio-8082-exec-7] INFO  c.w.product.aspect.LoggingAspect - ==> SERVICE METHOD CALLED: com.warehouse.product.service.ProductService.getAllProducts()
2026-05-10 12:17:37 [http-nio-8082-exec-7] INFO  c.w.product.aspect.LoggingAspect - ==> METHOD: getAllProducts() COMPLETED IN: 8 ms
2026-05-10 12:17:39 [http-nio-8082-exec-1] INFO  c.w.product.aspect.LoggingAspect - ==> API REQUEST: com.warehouse.product.controller.NotificationController.getNotifications()
2026-05-10 12:17:39 [http-nio-8082-exec-1] INFO  c.w.product.aspect.LoggingAspect - ==> SERVICE METHOD CALLED: com.warehouse.product.service.ProductService.getAllProducts()
2026-05-10 12:17:39 [http-nio-8082-exec-1] INFO  c.w.product.aspect.LoggingAspect - ==> METHOD: getAllProducts() COMPLETED IN: 8 ms
2026-05-10 12:17:41 [http-nio-8082-exec-2] INFO  c.w.product.aspect.LoggingAspect - ==> API REQUEST: com.warehouse.product.controller.ProductController.getAllProducts()
2026-05-10 12:17:41 [http-nio-8082-exec-2] INFO  c.w.product.aspect.LoggingAspect - ==> SERVICE METHOD CALLED: com.warehouse.product.service.ProductService.getAllProducts()
2026-05-10 12:17:41 [http-nio-8082-exec-8] INFO  c.w.product.aspect.LoggingAspect - ==> API REQUEST: com.warehouse.product.controller.NotificationController.getNotifications()
2026-05-10 12:17:41 [http-nio-8082-exec-8] INFO  c.w.product.aspect.LoggingAspect - ==> SERVICE METHOD CALLED: com.warehouse.product.service.ProductService.getAllProducts()
2026-05-10 12:17:41 [http-nio-8082-exec-2] INFO  c.w.product.aspect.LoggingAspect - ==> METHOD: getAllProducts() COMPLETED IN: 10 ms
2026-05-10 12:17:41 [http-nio-8082-exec-8] INFO  c.w.product.aspect.LoggingAspect - ==> METHOD: getAllProducts() COMPLETED IN: 12 ms
2026-05-10 12:17:46 [http-nio-8082-exec-3] INFO  c.w.product.aspect.LoggingAspect - ==> API REQUEST: com.warehouse.product.controller.NotificationController.getNotifications()
2026-05-10 12:17:46 [http-nio-8082-exec-3] INFO  c.w.product.aspect.LoggingAspect - ==> SERVICE METHOD CALLED: com.warehouse.product.service.ProductService.getAllProducts()
2026-05-10 12:17:46 [http-nio-8082-exec-3] INFO  c.w.product.aspect.LoggingAspect - ==> METHOD: getAllProducts() COMPLETED IN: 13 ms
2026-05-10 12:17:48 [http-nio-8082-exec-9] INFO  c.w.product.aspect.LoggingAspect - ==> API REQUEST: com.warehouse.product.controller.NotificationController.getNotifications()
2026-05-10 12:17:48 [http-nio-8082-exec-9] INFO  c.w.product.aspect.LoggingAspect - ==> SERVICE METHOD CALLED: com.warehouse.product.service.ProductService.getAllProducts()
2026-05-10 12:17:48 [http-nio-8082-exec-9] INFO  c.w.product.aspect.LoggingAspect - ==> METHOD: getAllProducts() COMPLETED IN: 13 ms
2026-05-10 12:17:49 [http-nio-8082-exec-6] INFO  c.w.product.aspect.LoggingAspect - ==> API REQUEST: com.warehouse.product.controller.NotificationController.getNotifications()
2026-05-10 12:17:49 [http-nio-8082-exec-6] INFO  c.w.product.aspect.LoggingAspect - ==> SERVICE METHOD CALLED: com.warehouse.product.service.ProductService.getAllProducts()
2026-05-10 12:17:49 [http-nio-8082-exec-5] INFO  c.w.product.aspect.LoggingAspect - ==> API REQUEST: com.warehouse.product.controller.ProductController.getAllProducts()
2026-05-10 12:17:49 [http-nio-8082-exec-5] INFO  c.w.product.aspect.LoggingAspect - ==> SERVICE METHOD CALLED: com.warehouse.product.service.ProductService.getAllProducts()
2026-05-10 12:17:49 [http-nio-8082-exec-5] INFO  c.w.product.aspect.LoggingAspect - ==> METHOD: getAllProducts() COMPLETED IN: 6 ms
2026-05-10 12:17:49 [http-nio-8082-exec-6] INFO  c.w.product.aspect.LoggingAspect - ==> METHOD: getAllProducts() COMPLETED IN: 16 ms
2026-05-10 12:17:57 [http-nio-8082-exec-10] INFO  c.w.product.aspect.LoggingAspect - ==> API REQUEST: com.warehouse.product.controller.NotificationController.getNotifications()
2026-05-10 12:17:57 [http-nio-8082-exec-10] INFO  c.w.product.aspect.LoggingAspect - ==> SERVICE METHOD CALLED: com.warehouse.product.service.ProductService.getAllProducts()
2026-05-10 12:17:57 [http-nio-8082-exec-10] INFO  c.w.product.aspect.LoggingAspect - ==> METHOD: getAllProducts() COMPLETED IN: 10 ms
2026-05-10 12:18:04 [http-nio-8082-exec-4] INFO  c.w.product.aspect.LoggingAspect - ==> API REQUEST: com.warehouse.product.controller.NotificationController.getNotifications()
2026-05-10 12:18:04 [http-nio-8082-exec-4] INFO  c.w.product.aspect.LoggingAspect - ==> SERVICE METHOD CALLED: com.warehouse.product.service.ProductService.getAllProducts()
2026-05-10 12:18:04 [http-nio-8082-exec-4] INFO  c.w.product.aspect.LoggingAspect - ==> METHOD: getAllProducts() COMPLETED IN: 8 ms
2026-05-10 12:18:06 [http-nio-8082-exec-7] INFO  c.w.product.aspect.LoggingAspect - ==> API REQUEST: com.warehouse.product.controller.NotificationController.getNotifications()
2026-05-10 12:18:06 [http-nio-8082-exec-7] INFO  c.w.product.aspect.LoggingAspect - ==> SERVICE METHOD CALLED: com.warehouse.product.service.ProductService.getAllProducts()
2026-05-10 12:18:06 [http-nio-8082-exec-7] INFO  c.w.product.aspect.LoggingAspect - ==> METHOD: getAllProducts() COMPLETED IN: 8 ms
2026-05-10 12:18:07 [http-nio-8082-exec-1] INFO  c.w.product.aspect.LoggingAspect - ==> API REQUEST: com.warehouse.product.controller.NotificationController.getNotifications()
2026-05-10 12:18:07 [http-nio-8082-exec-1] INFO  c.w.product.aspect.LoggingAspect - ==> SERVICE METHOD CALLED: com.warehouse.product.service.ProductService.getAllProducts()
2026-05-10 12:18:07 [http-nio-8082-exec-1] INFO  c.w.product.aspect.LoggingAspect - ==> METHOD: getAllProducts() COMPLETED IN: 24 ms
2026-05-10 12:18:09 [http-nio-8082-exec-2] INFO  c.w.product.aspect.LoggingAspect - ==> API REQUEST: com.warehouse.product.controller.NotificationController.getNotifications()
2026-05-10 12:18:09 [http-nio-8082-exec-2] INFO  c.w.product.aspect.LoggingAspect - ==> SERVICE METHOD CALLED: com.warehouse.product.service.ProductService.getAllProducts()
2026-05-10 12:18:09 [http-nio-8082-exec-2] INFO  c.w.product.aspect.LoggingAspect - ==> METHOD: getAllProducts() COMPLETED IN: 16 ms
2026-05-10 12:18:11 [http-nio-8082-exec-8] INFO  c.w.product.aspect.LoggingAspect - ==> API REQUEST: com.warehouse.product.controller.NotificationController.getNotifications()
2026-05-10 12:18:11 [http-nio-8082-exec-8] INFO  c.w.product.aspect.LoggingAspect - ==> SERVICE METHOD CALLED: com.warehouse.product.service.ProductService.getAllProducts()
2026-05-10 12:18:11 [http-nio-8082-exec-8] INFO  c.w.product.aspect.LoggingAspect - ==> METHOD: getAllProducts() COMPLETED IN: 24 ms
2026-05-10 12:18:11 [http-nio-8082-exec-3] INFO  c.w.product.aspect.LoggingAspect - ==> API REQUEST: com.warehouse.product.controller.NotificationController.getNotifications()
2026-05-10 12:18:11 [http-nio-8082-exec-3] INFO  c.w.product.aspect.LoggingAspect - ==> SERVICE METHOD CALLED: com.warehouse.product.service.ProductService.getAllProducts()
2026-05-10 12:18:11 [http-nio-8082-exec-3] INFO  c.w.product.aspect.LoggingAspect - ==> METHOD: getAllProducts() COMPLETED IN: 12 ms
2026-05-10 12:18:16 [http-nio-8082-exec-9] INFO  c.w.product.aspect.LoggingAspect - ==> API REQUEST: com.warehouse.product.controller.NotificationController.getNotifications()
2026-05-10 12:18:16 [http-nio-8082-exec-9] INFO  c.w.product.aspect.LoggingAspect - ==> SERVICE METHOD CALLED: com.warehouse.product.service.ProductService.getAllProducts()
2026-05-10 12:18:16 [http-nio-8082-exec-9] INFO  c.w.product.aspect.LoggingAspect - ==> METHOD: getAllProducts() COMPLETED IN: 13 ms
2026-05-10 12:18:18 [http-nio-8082-exec-6] INFO  c.w.product.aspect.LoggingAspect - ==> API REQUEST: com.warehouse.product.controller.NotificationController.getNotifications()
2026-05-10 12:18:18 [http-nio-8082-exec-6] INFO  c.w.product.aspect.LoggingAspect - ==> SERVICE METHOD CALLED: com.warehouse.product.service.ProductService.getAllProducts()
2026-05-10 12:18:18 [http-nio-8082-exec-6] INFO  c.w.product.aspect.LoggingAspect - ==> METHOD: getAllProducts() COMPLETED IN: 20 ms
2026-05-10 12:18:19 [http-nio-8082-exec-5] INFO  c.w.product.aspect.LoggingAspect - ==> API REQUEST: com.warehouse.product.controller.NotificationController.getNotifications()
2026-05-10 12:18:19 [http-nio-8082-exec-5] INFO  c.w.product.aspect.LoggingAspect - ==> SERVICE METHOD CALLED: com.warehouse.product.service.ProductService.getAllProducts()
2026-05-10 12:18:19 [http-nio-8082-exec-5] INFO  c.w.product.aspect.LoggingAspect - ==> METHOD: getAllProducts() COMPLETED IN: 15 ms
2026-05-10 12:18:24 [http-nio-8082-exec-10] INFO  c.w.product.aspect.LoggingAspect - ==> API REQUEST: com.warehouse.product.controller.NotificationController.getNotifications()
2026-05-10 12:18:24 [http-nio-8082-exec-10] INFO  c.w.product.aspect.LoggingAspect - ==> SERVICE METHOD CALLED: com.warehouse.product.service.ProductService.getAllProducts()
2026-05-10 12:18:24 [http-nio-8082-exec-10] INFO  c.w.product.aspect.LoggingAspect - ==> METHOD: getAllProducts() COMPLETED IN: 17 ms
2026-05-10 12:18:24 [http-nio-8082-exec-4] INFO  c.w.product.aspect.LoggingAspect - ==> API REQUEST: com.warehouse.product.controller.ProductController.getAllProducts()
2026-05-10 12:18:24 [http-nio-8082-exec-4] INFO  c.w.product.aspect.LoggingAspect - ==> SERVICE METHOD CALLED: com.warehouse.product.service.ProductService.getAllProducts()
2026-05-10 12:18:24 [http-nio-8082-exec-4] INFO  c.w.product.aspect.LoggingAspect - ==> METHOD: getAllProducts() COMPLETED IN: 43 ms
2026-05-10 12:18:27 [http-nio-8082-exec-7] INFO  c.w.product.aspect.LoggingAspect - ==> API REQUEST: com.warehouse.product.controller.NotificationController.getNotifications()
2026-05-10 12:18:27 [http-nio-8082-exec-7] INFO  c.w.product.aspect.LoggingAspect - ==> SERVICE METHOD CALLED: com.warehouse.product.service.ProductService.getAllProducts()
2026-05-10 12:18:27 [http-nio-8082-exec-7] INFO  c.w.product.aspect.LoggingAspect - ==> METHOD: getAllProducts() COMPLETED IN: 8 ms
2026-05-10 12:18:34 [http-nio-8082-exec-1] INFO  c.w.product.aspect.LoggingAspect - ==> API REQUEST: com.warehouse.product.controller.NotificationController.getNotifications()
2026-05-10 12:18:34 [http-nio-8082-exec-1] INFO  c.w.product.aspect.LoggingAspect - ==> SERVICE METHOD CALLED: com.warehouse.product.service.ProductService.getAllProducts()
2026-05-10 12:18:34 [http-nio-8082-exec-1] INFO  c.w.product.aspect.LoggingAspect - ==> METHOD: getAllProducts() COMPLETED IN: 15 ms
2026-05-10 12:18:35 [http-nio-8082-exec-2] INFO  c.w.product.aspect.LoggingAspect - ==> API REQUEST: com.warehouse.product.controller.NotificationController.getNotifications()
2026-05-10 12:18:35 [http-nio-8082-exec-2] INFO  c.w.product.aspect.LoggingAspect - ==> SERVICE METHOD CALLED: com.warehouse.product.service.ProductService.getAllProducts()
2026-05-10 12:18:35 [http-nio-8082-exec-2] INFO  c.w.product.aspect.LoggingAspect - ==> METHOD: getAllProducts() COMPLETED IN: 7 ms
2026-05-10 12:18:36 [http-nio-8082-exec-8] INFO  c.w.product.aspect.LoggingAspect - ==> API REQUEST: com.warehouse.product.controller.NotificationController.getNotifications()
2026-05-10 12:18:36 [http-nio-8082-exec-8] INFO  c.w.product.aspect.LoggingAspect - ==> SERVICE METHOD CALLED: com.warehouse.product.service.ProductService.getAllProducts()
2026-05-10 12:18:36 [http-nio-8082-exec-8] INFO  c.w.product.aspect.LoggingAspect - ==> METHOD: getAllProducts() COMPLETED IN: 18 ms
2026-05-10 12:18:37 [http-nio-8082-exec-3] INFO  c.w.product.aspect.LoggingAspect - ==> API REQUEST: com.warehouse.product.controller.NotificationController.getNotifications()
2026-05-10 12:18:37 [http-nio-8082-exec-3] INFO  c.w.product.aspect.LoggingAspect - ==> SERVICE METHOD CALLED: com.warehouse.product.service.ProductService.getAllProducts()
2026-05-10 12:18:37 [http-nio-8082-exec-3] INFO  c.w.product.aspect.LoggingAspect - ==> METHOD: getAllProducts() COMPLETED IN: 12 ms
2026-05-10 12:18:39 [http-nio-8082-exec-9] INFO  c.w.product.aspect.LoggingAspect - ==> API REQUEST: com.warehouse.product.controller.NotificationController.getNotifications()
2026-05-10 12:18:39 [http-nio-8082-exec-9] INFO  c.w.product.aspect.LoggingAspect - ==> SERVICE METHOD CALLED: com.warehouse.product.service.ProductService.getAllProducts()
2026-05-10 12:18:39 [http-nio-8082-exec-6] INFO  c.w.product.aspect.LoggingAspect - ==> API REQUEST: com.warehouse.product.controller.ProductController.getAllProducts()
2026-05-10 12:18:39 [http-nio-8082-exec-6] INFO  c.w.product.aspect.LoggingAspect - ==> SERVICE METHOD CALLED: com.warehouse.product.service.ProductService.getAllProducts()
2026-05-10 12:18:39 [http-nio-8082-exec-6] INFO  c.w.product.aspect.LoggingAspect - ==> METHOD: getAllProducts() COMPLETED IN: 16 ms
2026-05-10 12:18:39 [http-nio-8082-exec-9] INFO  c.w.product.aspect.LoggingAspect - ==> METHOD: getAllProducts() COMPLETED IN: 24 ms
2026-05-10 12:18:39 [http-nio-8082-exec-5] INFO  c.w.product.aspect.LoggingAspect - ==> API REQUEST: com.warehouse.product.controller.NotificationController.getNotifications()
2026-05-10 12:18:39 [http-nio-8082-exec-5] INFO  c.w.product.aspect.LoggingAspect - ==> SERVICE METHOD CALLED: com.warehouse.product.service.ProductService.getAllProducts()
2026-05-10 12:18:39 [http-nio-8082-exec-5] INFO  c.w.product.aspect.LoggingAspect - ==> METHOD: getAllProducts() COMPLETED IN: 6 ms
2026-05-10 12:18:41 [http-nio-8082-exec-10] INFO  c.w.product.aspect.LoggingAspect - ==> API REQUEST: com.warehouse.product.controller.NotificationController.getNotifications()
2026-05-10 12:18:41 [http-nio-8082-exec-10] INFO  c.w.product.aspect.LoggingAspect - ==> SERVICE METHOD CALLED: com.warehouse.product.service.ProductService.getAllProducts()
2026-05-10 12:18:41 [http-nio-8082-exec-10] INFO  c.w.product.aspect.LoggingAspect - ==> METHOD: getAllProducts() COMPLETED IN: 27 ms
2026-05-10 12:18:41 [http-nio-8082-exec-4] INFO  c.w.product.aspect.LoggingAspect - ==> API REQUEST: com.warehouse.product.controller.NotificationController.getNotifications()
2026-05-10 12:18:41 [http-nio-8082-exec-4] INFO  c.w.product.aspect.LoggingAspect - ==> SERVICE METHOD CALLED: com.warehouse.product.service.ProductService.getAllProducts()
2026-05-10 12:18:41 [http-nio-8082-exec-4] INFO  c.w.product.aspect.LoggingAspect - ==> METHOD: getAllProducts() COMPLETED IN: 8 ms
2026-05-10 12:18:46 [http-nio-8082-exec-7] INFO  c.w.product.aspect.LoggingAspect - ==> API REQUEST: com.warehouse.product.controller.NotificationController.getNotifications()
2026-05-10 12:18:46 [http-nio-8082-exec-7] INFO  c.w.product.aspect.LoggingAspect - ==> SERVICE METHOD CALLED: com.warehouse.product.service.ProductService.getAllProducts()
2026-05-10 12:18:46 [http-nio-8082-exec-7] INFO  c.w.product.aspect.LoggingAspect - ==> METHOD: getAllProducts() COMPLETED IN: 7 ms
2026-05-10 12:18:48 [http-nio-8082-exec-1] INFO  c.w.product.aspect.LoggingAspect - ==> API REQUEST: com.warehouse.product.controller.NotificationController.getNotifications()
2026-05-10 12:18:48 [http-nio-8082-exec-1] INFO  c.w.product.aspect.LoggingAspect - ==> SERVICE METHOD CALLED: com.warehouse.product.service.ProductService.getAllProducts()
2026-05-10 12:18:48 [http-nio-8082-exec-1] INFO  c.w.product.aspect.LoggingAspect - ==> METHOD: getAllProducts() COMPLETED IN: 28 ms
2026-05-10 12:18:49 [http-nio-8082-exec-2] INFO  c.w.product.aspect.LoggingAspect - ==> API REQUEST: com.warehouse.product.controller.NotificationController.getNotifications()
2026-05-10 12:18:49 [http-nio-8082-exec-2] INFO  c.w.product.aspect.LoggingAspect - ==> SERVICE METHOD CALLED: com.warehouse.product.service.ProductService.getAllProducts()
2026-05-10 12:18:49 [http-nio-8082-exec-2] INFO  c.w.product.aspect.LoggingAspect - ==> METHOD: getAllProducts() COMPLETED IN: 21 ms
2026-05-10 12:18:51 [http-nio-8082-exec-8] INFO  c.w.product.aspect.LoggingAspect - ==> API REQUEST: com.warehouse.product.controller.NotificationController.getNotifications()
2026-05-10 12:18:51 [http-nio-8082-exec-3] INFO  c.w.product.aspect.LoggingAspect - ==> API REQUEST: com.warehouse.product.controller.ProductController.getAllProducts()
2026-05-10 12:18:51 [http-nio-8082-exec-8] INFO  c.w.product.aspect.LoggingAspect - ==> SERVICE METHOD CALLED: com.warehouse.product.service.ProductService.getAllProducts()
2026-05-10 12:18:51 [http-nio-8082-exec-3] INFO  c.w.product.aspect.LoggingAspect - ==> SERVICE METHOD CALLED: com.warehouse.product.service.ProductService.getAllProducts()
2026-05-10 12:18:51 [http-nio-8082-exec-8] INFO  c.w.product.aspect.LoggingAspect - ==> METHOD: getAllProducts() COMPLETED IN: 8 ms
2026-05-10 12:18:51 [http-nio-8082-exec-3] INFO  c.w.product.aspect.LoggingAspect - ==> METHOD: getAllProducts() COMPLETED IN: 21 ms
2026-05-10 12:18:54 [http-nio-8082-exec-6] INFO  c.w.product.aspect.LoggingAspect - ==> API REQUEST: com.warehouse.product.controller.NotificationController.getNotifications()
2026-05-10 12:18:54 [http-nio-8082-exec-6] INFO  c.w.product.aspect.LoggingAspect - ==> SERVICE METHOD CALLED: com.warehouse.product.service.ProductService.getAllProducts()
2026-05-10 12:18:54 [http-nio-8082-exec-6] INFO  c.w.product.aspect.LoggingAspect - ==> METHOD: getAllProducts() COMPLETED IN: 7 ms
2026-05-10 12:18:55 [http-nio-8082-exec-9] INFO  c.w.product.aspect.LoggingAspect - ==> API REQUEST: com.warehouse.product.controller.ProductController.getAllProducts()
2026-05-10 12:18:55 [http-nio-8082-exec-5] INFO  c.w.product.aspect.LoggingAspect - ==> API REQUEST: com.warehouse.product.controller.NotificationController.getNotifications()
2026-05-10 12:18:55 [http-nio-8082-exec-5] INFO  c.w.product.aspect.LoggingAspect - ==> SERVICE METHOD CALLED: com.warehouse.product.service.ProductService.getAllProducts()
2026-05-10 12:18:55 [http-nio-8082-exec-9] INFO  c.w.product.aspect.LoggingAspect - ==> SERVICE METHOD CALLED: com.warehouse.product.service.ProductService.getAllProducts()
2026-05-10 12:18:55 [http-nio-8082-exec-5] INFO  c.w.product.aspect.LoggingAspect - ==> METHOD: getAllProducts() COMPLETED IN: 6 ms
2026-05-10 12:18:55 [http-nio-8082-exec-9] INFO  c.w.product.aspect.LoggingAspect - ==> METHOD: getAllProducts() COMPLETED IN: 13 ms
2026-05-10 12:18:57 [http-nio-8082-exec-10] INFO  c.w.product.aspect.LoggingAspect - ==> API REQUEST: com.warehouse.product.controller.NotificationController.getNotifications()
2026-05-10 12:18:57 [http-nio-8082-exec-10] INFO  c.w.product.aspect.LoggingAspect - ==> SERVICE METHOD CALLED: com.warehouse.product.service.ProductService.getAllProducts()
2026-05-10 12:18:57 [http-nio-8082-exec-10] INFO  c.w.product.aspect.LoggingAspect - ==> METHOD: getAllProducts() COMPLETED IN: 18 ms
2026-05-10 12:19:04 [http-nio-8082-exec-4] INFO  c.w.product.aspect.LoggingAspect - ==> API REQUEST: com.warehouse.product.controller.NotificationController.getNotifications()
2026-05-10 12:19:04 [http-nio-8082-exec-4] INFO  c.w.product.aspect.LoggingAspect - ==> SERVICE METHOD CALLED: com.warehouse.product.service.ProductService.getAllProducts()
2026-05-10 12:19:04 [http-nio-8082-exec-4] INFO  c.w.product.aspect.LoggingAspect - ==> METHOD: getAllProducts() COMPLETED IN: 9 ms
2026-05-10 12:19:05 [http-nio-8082-exec-7] INFO  c.w.product.aspect.LoggingAspect - ==> API REQUEST: com.warehouse.product.controller.NotificationController.getNotifications()
2026-05-10 12:19:05 [http-nio-8082-exec-7] INFO  c.w.product.aspect.LoggingAspect - ==> SERVICE METHOD CALLED: com.warehouse.product.service.ProductService.getAllProducts()
2026-05-10 12:19:05 [http-nio-8082-exec-7] INFO  c.w.product.aspect.LoggingAspect - ==> METHOD: getAllProducts() COMPLETED IN: 12 ms
2026-05-10 12:19:06 [http-nio-8082-exec-1] INFO  c.w.product.aspect.LoggingAspect - ==> API REQUEST: com.warehouse.product.controller.NotificationController.getNotifications()
2026-05-10 12:19:06 [http-nio-8082-exec-1] INFO  c.w.product.aspect.LoggingAspect - ==> SERVICE METHOD CALLED: com.warehouse.product.service.ProductService.getAllProducts()
2026-05-10 12:19:06 [http-nio-8082-exec-1] INFO  c.w.product.aspect.LoggingAspect - ==> METHOD: getAllProducts() COMPLETED IN: 8 ms
2026-05-10 12:19:07 [http-nio-8082-exec-2] INFO  c.w.product.aspect.LoggingAspect - ==> API REQUEST: com.warehouse.product.controller.ProductController.getAllProducts()
2026-05-10 12:19:07 [http-nio-8082-exec-2] INFO  c.w.product.aspect.LoggingAspect - ==> SERVICE METHOD CALLED: com.warehouse.product.service.ProductService.getAllProducts()
2026-05-10 12:19:07 [http-nio-8082-exec-2] INFO  c.w.product.aspect.LoggingAspect - ==> METHOD: getAllProducts() COMPLETED IN: 33 ms
2026-05-10 12:19:07 [http-nio-8082-exec-8] INFO  c.w.product.aspect.LoggingAspect - ==> API REQUEST: com.warehouse.product.controller.NotificationController.getNotifications()
2026-05-10 12:19:07 [http-nio-8082-exec-8] INFO  c.w.product.aspect.LoggingAspect - ==> SERVICE METHOD CALLED: com.warehouse.product.service.ProductService.getAllProducts()
2026-05-10 12:19:07 [http-nio-8082-exec-8] INFO  c.w.product.aspect.LoggingAspect - ==> METHOD: getAllProducts() COMPLETED IN: 15 ms
2026-05-10 12:19:07 [http-nio-8082-exec-3] INFO  c.w.product.aspect.LoggingAspect - ==> API REQUEST: com.warehouse.product.controller.NotificationController.getNotifications()
2026-05-10 12:19:07 [http-nio-8082-exec-3] INFO  c.w.product.aspect.LoggingAspect - ==> SERVICE METHOD CALLED: com.warehouse.product.service.ProductService.getAllProducts()
2026-05-10 12:19:07 [http-nio-8082-exec-3] INFO  c.w.product.aspect.LoggingAspect - ==> METHOD: getAllProducts() COMPLETED IN: 16 ms
2026-05-10 12:19:09 [http-nio-8082-exec-6] INFO  c.w.product.aspect.LoggingAspect - ==> API REQUEST: com.warehouse.product.controller.NotificationController.getNotifications()
2026-05-10 12:19:09 [http-nio-8082-exec-6] INFO  c.w.product.aspect.LoggingAspect - ==> SERVICE METHOD CALLED: com.warehouse.product.service.ProductService.getAllProducts()
2026-05-10 12:19:09 [http-nio-8082-exec-6] INFO  c.w.product.aspect.LoggingAspect - ==> METHOD: getAllProducts() COMPLETED IN: 5 ms
2026-05-10 12:19:09 [http-nio-8082-exec-5] INFO  c.w.product.aspect.LoggingAspect - ==> API REQUEST: com.warehouse.product.controller.NotificationController.getNotifications()
2026-05-10 12:19:09 [http-nio-8082-exec-5] INFO  c.w.product.aspect.LoggingAspect - ==> SERVICE METHOD CALLED: com.warehouse.product.service.ProductService.getAllProducts()
2026-05-10 12:19:09 [http-nio-8082-exec-5] INFO  c.w.product.aspect.LoggingAspect - ==> METHOD: getAllProducts() COMPLETED IN: 7 ms
2026-05-10 12:19:11 [http-nio-8082-exec-9] INFO  c.w.product.aspect.LoggingAspect - ==> API REQUEST: com.warehouse.product.controller.NotificationController.getNotifications()
2026-05-10 12:19:11 [http-nio-8082-exec-9] INFO  c.w.product.aspect.LoggingAspect - ==> SERVICE METHOD CALLED: com.warehouse.product.service.ProductService.getAllProducts()
2026-05-10 12:19:11 [http-nio-8082-exec-9] INFO  c.w.product.aspect.LoggingAspect - ==> METHOD: getAllProducts() COMPLETED IN: 9 ms
2026-05-10 12:19:11 [http-nio-8082-exec-10] INFO  c.w.product.aspect.LoggingAspect - ==> API REQUEST: com.warehouse.product.controller.NotificationController.getNotifications()
2026-05-10 12:19:11 [http-nio-8082-exec-10] INFO  c.w.product.aspect.LoggingAspect - ==> SERVICE METHOD CALLED: com.warehouse.product.service.ProductService.getAllProducts()
2026-05-10 12:19:11 [http-nio-8082-exec-10] INFO  c.w.product.aspect.LoggingAspect - ==> METHOD: getAllProducts() COMPLETED IN: 12 ms
2026-05-10 12:19:15 [http-nio-8082-exec-4] INFO  c.w.product.aspect.LoggingAspect - ==> API REQUEST: com.warehouse.product.controller.ProductController.getAllProducts()
2026-05-10 12:19:15 [http-nio-8082-exec-4] INFO  c.w.product.aspect.LoggingAspect - ==> SERVICE METHOD CALLED: com.warehouse.product.service.ProductService.getAllProducts()
2026-05-10 12:19:15 [http-nio-8082-exec-7] INFO  c.w.product.aspect.LoggingAspect - ==> API REQUEST: com.warehouse.product.controller.NotificationController.getNotifications()
2026-05-10 12:19:15 [http-nio-8082-exec-7] INFO  c.w.product.aspect.LoggingAspect - ==> SERVICE METHOD CALLED: com.warehouse.product.service.ProductService.getAllProducts()
2026-05-10 12:19:15 [http-nio-8082-exec-4] INFO  c.w.product.aspect.LoggingAspect - ==> METHOD: getAllProducts() COMPLETED IN: 10 ms
2026-05-10 12:19:15 [http-nio-8082-exec-7] INFO  c.w.product.aspect.LoggingAspect - ==> METHOD: getAllProducts() COMPLETED IN: 9 ms
2026-05-10 12:19:16 [http-nio-8082-exec-1] INFO  c.w.product.aspect.LoggingAspect - ==> API REQUEST: com.warehouse.product.controller.NotificationController.getNotifications()
2026-05-10 12:19:16 [http-nio-8082-exec-1] INFO  c.w.product.aspect.LoggingAspect - ==> SERVICE METHOD CALLED: com.warehouse.product.service.ProductService.getAllProducts()
2026-05-10 12:19:16 [http-nio-8082-exec-1] INFO  c.w.product.aspect.LoggingAspect - ==> METHOD: getAllProducts() COMPLETED IN: 6 ms
2026-05-10 12:19:18 [http-nio-8082-exec-2] INFO  c.w.product.aspect.LoggingAspect - ==> API REQUEST: com.warehouse.product.controller.NotificationController.getNotifications()
2026-05-10 12:19:18 [http-nio-8082-exec-2] INFO  c.w.product.aspect.LoggingAspect - ==> SERVICE METHOD CALLED: com.warehouse.product.service.ProductService.getAllProducts()
2026-05-10 12:19:18 [http-nio-8082-exec-2] INFO  c.w.product.aspect.LoggingAspect - ==> METHOD: getAllProducts() COMPLETED IN: 12 ms
2026-05-10 12:19:19 [http-nio-8082-exec-8] INFO  c.w.product.aspect.LoggingAspect - ==> API REQUEST: com.warehouse.product.controller.NotificationController.getNotifications()
2026-05-10 12:19:19 [http-nio-8082-exec-8] INFO  c.w.product.aspect.LoggingAspect - ==> SERVICE METHOD CALLED: com.warehouse.product.service.ProductService.getAllProducts()
2026-05-10 12:19:19 [http-nio-8082-exec-8] INFO  c.w.product.aspect.LoggingAspect - ==> METHOD: getAllProducts() COMPLETED IN: 8 ms
2026-05-10 12:19:21 [http-nio-8082-exec-3] INFO  c.w.product.aspect.LoggingAspect - ==> API REQUEST: com.warehouse.product.controller.NotificationController.getNotifications()
2026-05-10 12:19:21 [http-nio-8082-exec-3] INFO  c.w.product.aspect.LoggingAspect - ==> SERVICE METHOD CALLED: com.warehouse.product.service.ProductService.getAllProducts()
2026-05-10 12:19:21 [http-nio-8082-exec-3] INFO  c.w.product.aspect.LoggingAspect - ==> METHOD: getAllProducts() COMPLETED IN: 11 ms
2026-05-10 12:19:24 [http-nio-8082-exec-6] INFO  c.w.product.aspect.LoggingAspect - ==> API REQUEST: com.warehouse.product.controller.NotificationController.getNotifications()
2026-05-10 12:19:24 [http-nio-8082-exec-6] INFO  c.w.product.aspect.LoggingAspect - ==> SERVICE METHOD CALLED: com.warehouse.product.service.ProductService.getAllProducts()
2026-05-10 12:19:24 [http-nio-8082-exec-6] INFO  c.w.product.aspect.LoggingAspect - ==> METHOD: getAllProducts() COMPLETED IN: 20 ms
2026-05-10 12:19:25 [http-nio-8082-exec-5] INFO  c.w.product.aspect.LoggingAspect - ==> API REQUEST: com.warehouse.product.controller.NotificationController.getNotifications()
2026-05-10 12:19:25 [http-nio-8082-exec-5] INFO  c.w.product.aspect.LoggingAspect - ==> SERVICE METHOD CALLED: com.warehouse.product.service.ProductService.getAllProducts()
2026-05-10 12:19:25 [http-nio-8082-exec-5] INFO  c.w.product.aspect.LoggingAspect - ==> METHOD: getAllProducts() COMPLETED IN: 13 ms
2026-05-10 12:19:27 [http-nio-8082-exec-9] INFO  c.w.product.aspect.LoggingAspect - ==> API REQUEST: com.warehouse.product.controller.NotificationController.getNotifications()
2026-05-10 12:19:27 [http-nio-8082-exec-9] INFO  c.w.product.aspect.LoggingAspect - ==> SERVICE METHOD CALLED: com.warehouse.product.service.ProductService.getAllProducts()
2026-05-10 12:19:27 [http-nio-8082-exec-9] INFO  c.w.product.aspect.LoggingAspect - ==> METHOD: getAllProducts() COMPLETED IN: 8 ms
2026-05-10 12:19:34 [http-nio-8082-exec-10] INFO  c.w.product.aspect.LoggingAspect - ==> API REQUEST: com.warehouse.product.controller.NotificationController.getNotifications()
2026-05-10 12:19:34 [http-nio-8082-exec-10] INFO  c.w.product.aspect.LoggingAspect - ==> SERVICE METHOD CALLED: com.warehouse.product.service.ProductService.getAllProducts()
2026-05-10 12:19:34 [http-nio-8082-exec-10] INFO  c.w.product.aspect.LoggingAspect - ==> METHOD: getAllProducts() COMPLETED IN: 15 ms
2026-05-10 12:19:35 [http-nio-8082-exec-4] INFO  c.w.product.aspect.LoggingAspect - ==> API REQUEST: com.warehouse.product.controller.NotificationController.getNotifications()
2026-05-10 12:19:35 [http-nio-8082-exec-4] INFO  c.w.product.aspect.LoggingAspect - ==> SERVICE METHOD CALLED: com.warehouse.product.service.ProductService.getAllProducts()
2026-05-10 12:19:35 [http-nio-8082-exec-4] INFO  c.w.product.aspect.LoggingAspect - ==> METHOD: getAllProducts() COMPLETED IN: 18 ms
2026-05-10 12:19:36 [http-nio-8082-exec-7] INFO  c.w.product.aspect.LoggingAspect - ==> API REQUEST: com.warehouse.product.controller.NotificationController.getNotifications()
2026-05-10 12:19:36 [http-nio-8082-exec-7] INFO  c.w.product.aspect.LoggingAspect - ==> SERVICE METHOD CALLED: com.warehouse.product.service.ProductService.getAllProducts()
2026-05-10 12:19:36 [http-nio-8082-exec-7] INFO  c.w.product.aspect.LoggingAspect - ==> METHOD: getAllProducts() COMPLETED IN: 7 ms
2026-05-10 12:19:37 [http-nio-8082-exec-1] INFO  c.w.product.aspect.LoggingAspect - ==> API REQUEST: com.warehouse.product.controller.NotificationController.getNotifications()
2026-05-10 12:19:37 [http-nio-8082-exec-1] INFO  c.w.product.aspect.LoggingAspect - ==> SERVICE METHOD CALLED: com.warehouse.product.service.ProductService.getAllProducts()
2026-05-10 12:19:37 [http-nio-8082-exec-1] INFO  c.w.product.aspect.LoggingAspect - ==> METHOD: getAllProducts() COMPLETED IN: 23 ms
2026-05-10 12:19:37 [http-nio-8082-exec-2] INFO  c.w.product.aspect.LoggingAspect - ==> API REQUEST: com.warehouse.product.controller.NotificationController.getNotifications()
2026-05-10 12:19:37 [http-nio-8082-exec-2] INFO  c.w.product.aspect.LoggingAspect - ==> SERVICE METHOD CALLED: com.warehouse.product.service.ProductService.getAllProducts()
2026-05-10 12:19:37 [http-nio-8082-exec-2] INFO  c.w.product.aspect.LoggingAspect - ==> METHOD: getAllProducts() COMPLETED IN: 13 ms
2026-05-10 12:19:38 [http-nio-8082-exec-8] INFO  c.w.product.aspect.LoggingAspect - ==> API REQUEST: com.warehouse.product.controller.NotificationController.getNotifications()
2026-05-10 12:19:38 [http-nio-8082-exec-8] INFO  c.w.product.aspect.LoggingAspect - ==> SERVICE METHOD CALLED: com.warehouse.product.service.ProductService.getAllProducts()
2026-05-10 12:19:38 [http-nio-8082-exec-8] INFO  c.w.product.aspect.LoggingAspect - ==> METHOD: getAllProducts() COMPLETED IN: 23 ms
2026-05-10 12:19:39 [http-nio-8082-exec-3] INFO  c.w.product.aspect.LoggingAspect - ==> API REQUEST: com.warehouse.product.controller.NotificationController.getNotifications()
2026-05-10 12:19:39 [http-nio-8082-exec-3] INFO  c.w.product.aspect.LoggingAspect - ==> SERVICE METHOD CALLED: com.warehouse.product.service.ProductService.getAllProducts()
2026-05-10 12:19:39 [http-nio-8082-exec-3] INFO  c.w.product.aspect.LoggingAspect - ==> METHOD: getAllProducts() COMPLETED IN: 9 ms
2026-05-10 12:19:39 [http-nio-8082-exec-6] INFO  c.w.product.aspect.LoggingAspect - ==> API REQUEST: com.warehouse.product.controller.NotificationController.getNotifications()
2026-05-10 12:19:39 [http-nio-8082-exec-6] INFO  c.w.product.aspect.LoggingAspect - ==> SERVICE METHOD CALLED: com.warehouse.product.service.ProductService.getAllProducts()
2026-05-10 12:19:39 [http-nio-8082-exec-6] INFO  c.w.product.aspect.LoggingAspect - ==> METHOD: getAllProducts() COMPLETED IN: 10 ms
2026-05-10 12:19:41 [http-nio-8082-exec-5] INFO  c.w.product.aspect.LoggingAspect - ==> API REQUEST: com.warehouse.product.controller.NotificationController.getNotifications()
2026-05-10 12:19:41 [http-nio-8082-exec-5] INFO  c.w.product.aspect.LoggingAspect - ==> SERVICE METHOD CALLED: com.warehouse.product.service.ProductService.getAllProducts()
2026-05-10 12:19:41 [http-nio-8082-exec-5] INFO  c.w.product.aspect.LoggingAspect - ==> METHOD: getAllProducts() COMPLETED IN: 8 ms
2026-05-10 12:19:41 [http-nio-8082-exec-9] INFO  c.w.product.aspect.LoggingAspect - ==> API REQUEST: com.warehouse.product.controller.NotificationController.getNotifications()
2026-05-10 12:19:41 [http-nio-8082-exec-9] INFO  c.w.product.aspect.LoggingAspect - ==> SERVICE METHOD CALLED: com.warehouse.product.service.ProductService.getAllProducts()
2026-05-10 12:19:41 [http-nio-8082-exec-9] INFO  c.w.product.aspect.LoggingAspect - ==> METHOD: getAllProducts() COMPLETED IN: 7 ms
2026-05-10 12:19:43 [http-nio-8082-exec-10] INFO  c.w.product.aspect.LoggingAspect - ==> API REQUEST: com.warehouse.product.controller.ProductController.getAllProducts()
2026-05-10 12:19:43 [http-nio-8082-exec-10] INFO  c.w.product.aspect.LoggingAspect - ==> SERVICE METHOD CALLED: com.warehouse.product.service.ProductService.getAllProducts()
2026-05-10 12:19:43 [http-nio-8082-exec-4] INFO  c.w.product.aspect.LoggingAspect - ==> API REQUEST: com.warehouse.product.controller.NotificationController.getNotifications()
2026-05-10 12:19:43 [http-nio-8082-exec-4] INFO  c.w.product.aspect.LoggingAspect - ==> SERVICE METHOD CALLED: com.warehouse.product.service.ProductService.getAllProducts()
2026-05-10 12:19:43 [http-nio-8082-exec-4] INFO  c.w.product.aspect.LoggingAspect - ==> METHOD: getAllProducts() COMPLETED IN: 30 ms
2026-05-10 12:19:43 [http-nio-8082-exec-10] INFO  c.w.product.aspect.LoggingAspect - ==> METHOD: getAllProducts() COMPLETED IN: 48 ms
2026-05-10 12:19:44 [http-nio-8082-exec-7] INFO  c.w.product.aspect.LoggingAspect - ==> API REQUEST: com.warehouse.product.controller.NotificationController.getNotifications()
2026-05-10 12:19:44 [http-nio-8082-exec-7] INFO  c.w.product.aspect.LoggingAspect - ==> SERVICE METHOD CALLED: com.warehouse.product.service.ProductService.getAllProducts()
2026-05-10 12:19:44 [http-nio-8082-exec-7] INFO  c.w.product.aspect.LoggingAspect - ==> METHOD: getAllProducts() COMPLETED IN: 4 ms
2026-05-10 12:19:45 [http-nio-8082-exec-1] INFO  c.w.product.aspect.LoggingAspect - ==> API REQUEST: com.warehouse.product.controller.NotificationController.getNotifications()
2026-05-10 12:19:45 [http-nio-8082-exec-1] INFO  c.w.product.aspect.LoggingAspect - ==> SERVICE METHOD CALLED: com.warehouse.product.service.ProductService.getAllProducts()
2026-05-10 12:19:45 [http-nio-8082-exec-1] INFO  c.w.product.aspect.LoggingAspect - ==> METHOD: getAllProducts() COMPLETED IN: 5 ms
2026-05-10 12:19:46 [http-nio-8082-exec-2] INFO  c.w.product.aspect.LoggingAspect - ==> API REQUEST: com.warehouse.product.controller.NotificationController.getNotifications()
2026-05-10 12:19:46 [http-nio-8082-exec-2] INFO  c.w.product.aspect.LoggingAspect - ==> SERVICE METHOD CALLED: com.warehouse.product.service.ProductService.getAllProducts()
2026-05-10 12:19:46 [http-nio-8082-exec-2] INFO  c.w.product.aspect.LoggingAspect - ==> METHOD: getAllProducts() COMPLETED IN: 11 ms
2026-05-10 12:19:48 [http-nio-8082-exec-8] INFO  c.w.product.aspect.LoggingAspect - ==> API REQUEST: com.warehouse.product.controller.NotificationController.getNotifications()
2026-05-10 12:19:48 [http-nio-8082-exec-8] INFO  c.w.product.aspect.LoggingAspect - ==> SERVICE METHOD CALLED: com.warehouse.product.service.ProductService.getAllProducts()
2026-05-10 12:19:48 [http-nio-8082-exec-8] INFO  c.w.product.aspect.LoggingAspect - ==> METHOD: getAllProducts() COMPLETED IN: 25 ms
2026-05-10 12:19:49 [http-nio-8082-exec-3] INFO  c.w.product.aspect.LoggingAspect - ==> API REQUEST: com.warehouse.product.controller.NotificationController.getNotifications()
2026-05-10 12:19:49 [http-nio-8082-exec-3] INFO  c.w.product.aspect.LoggingAspect - ==> SERVICE METHOD CALLED: com.warehouse.product.service.ProductService.getAllProducts()
2026-05-10 12:19:49 [http-nio-8082-exec-3] INFO  c.w.product.aspect.LoggingAspect - ==> METHOD: getAllProducts() COMPLETED IN: 12 ms
2026-05-10 12:19:51 [http-nio-8082-exec-6] INFO  c.w.product.aspect.LoggingAspect - ==> API REQUEST: com.warehouse.product.controller.NotificationController.getNotifications()
2026-05-10 12:19:51 [http-nio-8082-exec-6] INFO  c.w.product.aspect.LoggingAspect - ==> SERVICE METHOD CALLED: com.warehouse.product.service.ProductService.getAllProducts()
2026-05-10 12:19:51 [http-nio-8082-exec-6] INFO  c.w.product.aspect.LoggingAspect - ==> METHOD: getAllProducts() COMPLETED IN: 12 ms
2026-05-10 12:19:54 [http-nio-8082-exec-5] INFO  c.w.product.aspect.LoggingAspect - ==> API REQUEST: com.warehouse.product.controller.NotificationController.getNotifications()
2026-05-10 12:19:54 [http-nio-8082-exec-5] INFO  c.w.product.aspect.LoggingAspect - ==> SERVICE METHOD CALLED: com.warehouse.product.service.ProductService.getAllProducts()
2026-05-10 12:19:54 [http-nio-8082-exec-5] INFO  c.w.product.aspect.LoggingAspect - ==> METHOD: getAllProducts() COMPLETED IN: 32 ms
2026-05-10 12:19:55 [http-nio-8082-exec-9] INFO  c.w.product.aspect.LoggingAspect - ==> API REQUEST: com.warehouse.product.controller.NotificationController.getNotifications()
2026-05-10 12:19:55 [http-nio-8082-exec-9] INFO  c.w.product.aspect.LoggingAspect - ==> SERVICE METHOD CALLED: com.warehouse.product.service.ProductService.getAllProducts()
2026-05-10 12:19:55 [http-nio-8082-exec-9] INFO  c.w.product.aspect.LoggingAspect - ==> METHOD: getAllProducts() COMPLETED IN: 14 ms
2026-05-10 12:19:57 [http-nio-8082-exec-4] INFO  c.w.product.aspect.LoggingAspect - ==> API REQUEST: com.warehouse.product.controller.NotificationController.getNotifications()
2026-05-10 12:19:57 [http-nio-8082-exec-4] INFO  c.w.product.aspect.LoggingAspect - ==> SERVICE METHOD CALLED: com.warehouse.product.service.ProductService.getAllProducts()
2026-05-10 12:19:57 [http-nio-8082-exec-4] INFO  c.w.product.aspect.LoggingAspect - ==> METHOD: getAllProducts() COMPLETED IN: 22 ms
2026-05-10 12:20:04 [http-nio-8082-exec-10] INFO  c.w.product.aspect.LoggingAspect - ==> API REQUEST: com.warehouse.product.controller.NotificationController.getNotifications()
2026-05-10 12:20:04 [http-nio-8082-exec-10] INFO  c.w.product.aspect.LoggingAspect - ==> SERVICE METHOD CALLED: com.warehouse.product.service.ProductService.getAllProducts()
2026-05-10 12:20:04 [http-nio-8082-exec-10] INFO  c.w.product.aspect.LoggingAspect - ==> METHOD: getAllProducts() COMPLETED IN: 13 ms
2026-05-10 12:20:05 [http-nio-8082-exec-7] INFO  c.w.product.aspect.LoggingAspect - ==> API REQUEST: com.warehouse.product.controller.NotificationController.getNotifications()
2026-05-10 12:20:05 [http-nio-8082-exec-7] INFO  c.w.product.aspect.LoggingAspect - ==> SERVICE METHOD CALLED: com.warehouse.product.service.ProductService.getAllProducts()
2026-05-10 12:20:05 [http-nio-8082-exec-7] INFO  c.w.product.aspect.LoggingAspect - ==> METHOD: getAllProducts() COMPLETED IN: 11 ms
2026-05-10 12:20:06 [http-nio-8082-exec-1] INFO  c.w.product.aspect.LoggingAspect - ==> API REQUEST: com.warehouse.product.controller.NotificationController.getNotifications()
2026-05-10 12:20:06 [http-nio-8082-exec-1] INFO  c.w.product.aspect.LoggingAspect - ==> SERVICE METHOD CALLED: com.warehouse.product.service.ProductService.getAllProducts()
2026-05-10 12:20:06 [http-nio-8082-exec-1] INFO  c.w.product.aspect.LoggingAspect - ==> METHOD: getAllProducts() COMPLETED IN: 9 ms
2026-05-10 12:20:07 [http-nio-8082-exec-2] INFO  c.w.product.aspect.LoggingAspect - ==> API REQUEST: com.warehouse.product.controller.NotificationController.getNotifications()
2026-05-10 12:20:07 [http-nio-8082-exec-2] INFO  c.w.product.aspect.LoggingAspect - ==> SERVICE METHOD CALLED: com.warehouse.product.service.ProductService.getAllProducts()
2026-05-10 12:20:07 [http-nio-8082-exec-2] INFO  c.w.product.aspect.LoggingAspect - ==> METHOD: getAllProducts() COMPLETED IN: 8 ms
2026-05-10 12:20:07 [http-nio-8082-exec-8] INFO  c.w.product.aspect.LoggingAspect - ==> API REQUEST: com.warehouse.product.controller.NotificationController.getNotifications()
2026-05-10 12:20:07 [http-nio-8082-exec-8] INFO  c.w.product.aspect.LoggingAspect - ==> SERVICE METHOD CALLED: com.warehouse.product.service.ProductService.getAllProducts()
2026-05-10 12:20:07 [http-nio-8082-exec-8] INFO  c.w.product.aspect.LoggingAspect - ==> METHOD: getAllProducts() COMPLETED IN: 4 ms
2026-05-10 12:20:08 [http-nio-8082-exec-3] INFO  c.w.product.aspect.LoggingAspect - ==> API REQUEST: com.warehouse.product.controller.NotificationController.getNotifications()
2026-05-10 12:20:08 [http-nio-8082-exec-3] INFO  c.w.product.aspect.LoggingAspect - ==> SERVICE METHOD CALLED: com.warehouse.product.service.ProductService.getAllProducts()
2026-05-10 12:20:08 [http-nio-8082-exec-3] INFO  c.w.product.aspect.LoggingAspect - ==> METHOD: getAllProducts() COMPLETED IN: 9 ms
2026-05-10 12:20:08 [http-nio-8082-exec-6] INFO  c.w.product.aspect.LoggingAspect - ==> API REQUEST: com.warehouse.product.controller.ProductController.getAllProducts()
2026-05-10 12:20:08 [http-nio-8082-exec-6] INFO  c.w.product.aspect.LoggingAspect - ==> SERVICE METHOD CALLED: com.warehouse.product.service.ProductService.getAllProducts()
2026-05-10 12:20:08 [http-nio-8082-exec-5] INFO  c.w.product.aspect.LoggingAspect - ==> API REQUEST: com.warehouse.product.controller.NotificationController.getNotifications()
2026-05-10 12:20:08 [http-nio-8082-exec-5] INFO  c.w.product.aspect.LoggingAspect - ==> SERVICE METHOD CALLED: com.warehouse.product.service.ProductService.getAllProducts()
2026-05-10 12:20:08 [http-nio-8082-exec-6] INFO  c.w.product.aspect.LoggingAspect - ==> METHOD: getAllProducts() COMPLETED IN: 18 ms
2026-05-10 12:20:08 [http-nio-8082-exec-5] INFO  c.w.product.aspect.LoggingAspect - ==> METHOD: getAllProducts() COMPLETED IN: 76 ms
2026-05-10 12:20:09 [http-nio-8082-exec-9] INFO  c.w.product.aspect.LoggingAspect - ==> API REQUEST: com.warehouse.product.controller.NotificationController.getNotifications()
2026-05-10 12:20:09 [http-nio-8082-exec-9] INFO  c.w.product.aspect.LoggingAspect - ==> SERVICE METHOD CALLED: com.warehouse.product.service.ProductService.getAllProducts()
2026-05-10 12:20:09 [http-nio-8082-exec-9] INFO  c.w.product.aspect.LoggingAspect - ==> METHOD: getAllProducts() COMPLETED IN: 12 ms
2026-05-10 12:20:09 [http-nio-8082-exec-4] INFO  c.w.product.aspect.LoggingAspect - ==> API REQUEST: com.warehouse.product.controller.NotificationController.getNotifications()
2026-05-10 12:20:09 [http-nio-8082-exec-4] INFO  c.w.product.aspect.LoggingAspect - ==> SERVICE METHOD CALLED: com.warehouse.product.service.ProductService.getAllProducts()
2026-05-10 12:20:09 [http-nio-8082-exec-4] INFO  c.w.product.aspect.LoggingAspect - ==> METHOD: getAllProducts() COMPLETED IN: 5 ms
2026-05-10 12:20:11 [http-nio-8082-exec-10] INFO  c.w.product.aspect.LoggingAspect - ==> API REQUEST: com.warehouse.product.controller.NotificationController.getNotifications()
2026-05-10 12:20:11 [http-nio-8082-exec-10] INFO  c.w.product.aspect.LoggingAspect - ==> SERVICE METHOD CALLED: com.warehouse.product.service.ProductService.getAllProducts()
2026-05-10 12:20:11 [http-nio-8082-exec-10] INFO  c.w.product.aspect.LoggingAspect - ==> METHOD: getAllProducts() COMPLETED IN: 10 ms
2026-05-10 12:20:11 [http-nio-8082-exec-7] INFO  c.w.product.aspect.LoggingAspect - ==> API REQUEST: com.warehouse.product.controller.NotificationController.getNotifications()
2026-05-10 12:20:11 [http-nio-8082-exec-7] INFO  c.w.product.aspect.LoggingAspect - ==> SERVICE METHOD CALLED: com.warehouse.product.service.ProductService.getAllProducts()
2026-05-10 12:20:11 [http-nio-8082-exec-7] INFO  c.w.product.aspect.LoggingAspect - ==> METHOD: getAllProducts() COMPLETED IN: 9 ms
2026-05-10 12:20:13 [http-nio-8082-exec-1] INFO  c.w.product.aspect.LoggingAspect - ==> API REQUEST: com.warehouse.product.controller.NotificationController.getNotifications()
2026-05-10 12:20:13 [http-nio-8082-exec-1] INFO  c.w.product.aspect.LoggingAspect - ==> SERVICE METHOD CALLED: com.warehouse.product.service.ProductService.getAllProducts()
2026-05-10 12:20:13 [http-nio-8082-exec-1] INFO  c.w.product.aspect.LoggingAspect - ==> METHOD: getAllProducts() COMPLETED IN: 13 ms
2026-05-10 12:20:14 [http-nio-8082-exec-2] INFO  c.w.product.aspect.LoggingAspect - ==> API REQUEST: com.warehouse.product.controller.NotificationController.getNotifications()
2026-05-10 12:20:14 [http-nio-8082-exec-2] INFO  c.w.product.aspect.LoggingAspect - ==> SERVICE METHOD CALLED: com.warehouse.product.service.ProductService.getAllProducts()
2026-05-10 12:20:14 [http-nio-8082-exec-2] INFO  c.w.product.aspect.LoggingAspect - ==> METHOD: getAllProducts() COMPLETED IN: 17 ms
2026-05-10 12:20:15 [http-nio-8082-exec-8] INFO  c.w.product.aspect.LoggingAspect - ==> API REQUEST: com.warehouse.product.controller.NotificationController.getNotifications()
2026-05-10 12:20:15 [http-nio-8082-exec-8] INFO  c.w.product.aspect.LoggingAspect - ==> SERVICE METHOD CALLED: com.warehouse.product.service.ProductService.getAllProducts()
2026-05-10 12:20:15 [http-nio-8082-exec-8] INFO  c.w.product.aspect.LoggingAspect - ==> METHOD: getAllProducts() COMPLETED IN: 13 ms
2026-05-10 12:20:16 [http-nio-8082-exec-3] INFO  c.w.product.aspect.LoggingAspect - ==> API REQUEST: com.warehouse.product.controller.ProductController.getAllProducts()
2026-05-10 12:20:16 [http-nio-8082-exec-3] INFO  c.w.product.aspect.LoggingAspect - ==> SERVICE METHOD CALLED: com.warehouse.product.service.ProductService.getAllProducts()
2026-05-10 12:20:16 [http-nio-8082-exec-6] INFO  c.w.product.aspect.LoggingAspect - ==> API REQUEST: com.warehouse.product.controller.NotificationController.getNotifications()
2026-05-10 12:20:16 [http-nio-8082-exec-6] INFO  c.w.product.aspect.LoggingAspect - ==> SERVICE METHOD CALLED: com.warehouse.product.service.ProductService.getAllProducts()
2026-05-10 12:20:16 [http-nio-8082-exec-3] INFO  c.w.product.aspect.LoggingAspect - ==> METHOD: getAllProducts() COMPLETED IN: 16 ms
2026-05-10 12:20:16 [http-nio-8082-exec-6] INFO  c.w.product.aspect.LoggingAspect - ==> METHOD: getAllProducts() COMPLETED IN: 10 ms
2026-05-10 12:20:16 [http-nio-8082-exec-5] INFO  c.w.product.aspect.LoggingAspect - ==> API REQUEST: com.warehouse.product.controller.NotificationController.getNotifications()
2026-05-10 12:20:16 [http-nio-8082-exec-5] INFO  c.w.product.aspect.LoggingAspect - ==> SERVICE METHOD CALLED: com.warehouse.product.service.ProductService.getAllProducts()
2026-05-10 12:20:16 [http-nio-8082-exec-5] INFO  c.w.product.aspect.LoggingAspect - ==> METHOD: getAllProducts() COMPLETED IN: 45 ms
2026-05-10 12:20:18 [http-nio-8082-exec-9] INFO  c.w.product.aspect.LoggingAspect - ==> API REQUEST: com.warehouse.product.controller.NotificationController.getNotifications()
2026-05-10 12:20:18 [http-nio-8082-exec-9] INFO  c.w.product.aspect.LoggingAspect - ==> SERVICE METHOD CALLED: com.warehouse.product.service.ProductService.getAllProducts()
2026-05-10 12:20:18 [http-nio-8082-exec-9] INFO  c.w.product.aspect.LoggingAspect - ==> METHOD: getAllProducts() COMPLETED IN: 19 ms
2026-05-10 12:20:19 [http-nio-8082-exec-4] INFO  c.w.product.aspect.LoggingAspect - ==> API REQUEST: com.warehouse.product.controller.NotificationController.getNotifications()
2026-05-10 12:20:19 [http-nio-8082-exec-4] INFO  c.w.product.aspect.LoggingAspect - ==> SERVICE METHOD CALLED: com.warehouse.product.service.ProductService.getAllProducts()
2026-05-10 12:20:19 [http-nio-8082-exec-4] INFO  c.w.product.aspect.LoggingAspect - ==> METHOD: getAllProducts() COMPLETED IN: 8 ms
2026-05-10 12:20:20 [http-nio-8082-exec-10] INFO  c.w.product.aspect.LoggingAspect - ==> API REQUEST: com.warehouse.product.controller.NotificationController.getNotifications()
2026-05-10 12:20:20 [http-nio-8082-exec-10] INFO  c.w.product.aspect.LoggingAspect - ==> SERVICE METHOD CALLED: com.warehouse.product.service.ProductService.getAllProducts()
2026-05-10 12:20:20 [http-nio-8082-exec-10] INFO  c.w.product.aspect.LoggingAspect - ==> METHOD: getAllProducts() COMPLETED IN: 21 ms
2026-05-10 12:20:22 [http-nio-8082-exec-7] INFO  c.w.product.aspect.LoggingAspect - ==> API REQUEST: com.warehouse.product.controller.NotificationController.getNotifications()
2026-05-10 12:20:22 [http-nio-8082-exec-7] INFO  c.w.product.aspect.LoggingAspect - ==> SERVICE METHOD CALLED: com.warehouse.product.service.ProductService.getAllProducts()
2026-05-10 12:20:22 [http-nio-8082-exec-7] INFO  c.w.product.aspect.LoggingAspect - ==> METHOD: getAllProducts() COMPLETED IN: 16 ms
2026-05-10 12:20:25 [http-nio-8082-exec-1] INFO  c.w.product.aspect.LoggingAspect - ==> API REQUEST: com.warehouse.product.controller.NotificationController.getNotifications()
2026-05-10 12:20:25 [http-nio-8082-exec-1] INFO  c.w.product.aspect.LoggingAspect - ==> SERVICE METHOD CALLED: com.warehouse.product.service.ProductService.getAllProducts()
2026-05-10 12:20:25 [http-nio-8082-exec-1] INFO  c.w.product.aspect.LoggingAspect - ==> METHOD: getAllProducts() COMPLETED IN: 13 ms
2026-05-10 12:20:26 [http-nio-8082-exec-2] INFO  c.w.product.aspect.LoggingAspect - ==> API REQUEST: com.warehouse.product.controller.NotificationController.getNotifications()
2026-05-10 12:20:26 [http-nio-8082-exec-2] INFO  c.w.product.aspect.LoggingAspect - ==> SERVICE METHOD CALLED: com.warehouse.product.service.ProductService.getAllProducts()
2026-05-10 12:20:26 [http-nio-8082-exec-2] INFO  c.w.product.aspect.LoggingAspect - ==> METHOD: getAllProducts() COMPLETED IN: 16 ms
2026-05-10 12:20:27 [http-nio-8082-exec-8] INFO  c.w.product.aspect.LoggingAspect - ==> API REQUEST: com.warehouse.product.controller.NotificationController.getNotifications()
2026-05-10 12:20:27 [http-nio-8082-exec-8] INFO  c.w.product.aspect.LoggingAspect - ==> SERVICE METHOD CALLED: com.warehouse.product.service.ProductService.getAllProducts()
2026-05-10 12:20:27 [http-nio-8082-exec-8] INFO  c.w.product.aspect.LoggingAspect - ==> METHOD: getAllProducts() COMPLETED IN: 9 ms
2026-05-10 12:20:35 [http-nio-8082-exec-3] INFO  c.w.product.aspect.LoggingAspect - ==> API REQUEST: com.warehouse.product.controller.NotificationController.getNotifications()
2026-05-10 12:20:35 [http-nio-8082-exec-3] INFO  c.w.product.aspect.LoggingAspect - ==> SERVICE METHOD CALLED: com.warehouse.product.service.ProductService.getAllProducts()
2026-05-10 12:20:35 [http-nio-8082-exec-3] INFO  c.w.product.aspect.LoggingAspect - ==> METHOD: getAllProducts() COMPLETED IN: 13 ms
2026-05-10 12:20:36 [http-nio-8082-exec-6] INFO  c.w.product.aspect.LoggingAspect - ==> API REQUEST: com.warehouse.product.controller.NotificationController.getNotifications()
2026-05-10 12:20:36 [http-nio-8082-exec-6] INFO  c.w.product.aspect.LoggingAspect - ==> SERVICE METHOD CALLED: com.warehouse.product.service.ProductService.getAllProducts()
2026-05-10 12:20:36 [http-nio-8082-exec-6] INFO  c.w.product.aspect.LoggingAspect - ==> METHOD: getAllProducts() COMPLETED IN: 13 ms
2026-05-10 12:20:37 [http-nio-8082-exec-5] INFO  c.w.product.aspect.LoggingAspect - ==> API REQUEST: com.warehouse.product.controller.NotificationController.getNotifications()
2026-05-10 12:20:37 [http-nio-8082-exec-5] INFO  c.w.product.aspect.LoggingAspect - ==> SERVICE METHOD CALLED: com.warehouse.product.service.ProductService.getAllProducts()
2026-05-10 12:20:37 [http-nio-8082-exec-5] INFO  c.w.product.aspect.LoggingAspect - ==> METHOD: getAllProducts() COMPLETED IN: 7 ms
2026-05-10 12:20:37 [http-nio-8082-exec-9] INFO  c.w.product.aspect.LoggingAspect - ==> API REQUEST: com.warehouse.product.controller.NotificationController.getNotifications()
2026-05-10 12:20:37 [http-nio-8082-exec-9] INFO  c.w.product.aspect.LoggingAspect - ==> SERVICE METHOD CALLED: com.warehouse.product.service.ProductService.getAllProducts()
2026-05-10 12:20:37 [http-nio-8082-exec-9] INFO  c.w.product.aspect.LoggingAspect - ==> METHOD: getAllProducts() COMPLETED IN: 8 ms
2026-05-10 12:20:38 [http-nio-8082-exec-4] INFO  c.w.product.aspect.LoggingAspect - ==> API REQUEST: com.warehouse.product.controller.NotificationController.getNotifications()
2026-05-10 12:20:38 [http-nio-8082-exec-4] INFO  c.w.product.aspect.LoggingAspect - ==> SERVICE METHOD CALLED: com.warehouse.product.service.ProductService.getAllProducts()
2026-05-10 12:20:38 [http-nio-8082-exec-4] INFO  c.w.product.aspect.LoggingAspect - ==> METHOD: getAllProducts() COMPLETED IN: 13 ms
2026-05-10 12:20:39 [http-nio-8082-exec-10] INFO  c.w.product.aspect.LoggingAspect - ==> API REQUEST: com.warehouse.product.controller.NotificationController.getNotifications()
2026-05-10 12:20:39 [http-nio-8082-exec-10] INFO  c.w.product.aspect.LoggingAspect - ==> SERVICE METHOD CALLED: com.warehouse.product.service.ProductService.getAllProducts()
2026-05-10 12:20:39 [http-nio-8082-exec-10] INFO  c.w.product.aspect.LoggingAspect - ==> METHOD: getAllProducts() COMPLETED IN: 9 ms
2026-05-10 12:20:39 [http-nio-8082-exec-7] INFO  c.w.product.aspect.LoggingAspect - ==> API REQUEST: com.warehouse.product.controller.NotificationController.getNotifications()
2026-05-10 12:20:39 [http-nio-8082-exec-7] INFO  c.w.product.aspect.LoggingAspect - ==> SERVICE METHOD CALLED: com.warehouse.product.service.ProductService.getAllProducts()
2026-05-10 12:20:39 [http-nio-8082-exec-7] INFO  c.w.product.aspect.LoggingAspect - ==> METHOD: getAllProducts() COMPLETED IN: 6 ms
2026-05-10 12:20:39 [http-nio-8082-exec-1] INFO  c.w.product.aspect.LoggingAspect - ==> API REQUEST: com.warehouse.product.controller.NotificationController.getNotifications()
2026-05-10 12:20:39 [http-nio-8082-exec-1] INFO  c.w.product.aspect.LoggingAspect - ==> SERVICE METHOD CALLED: com.warehouse.product.service.ProductService.getAllProducts()
2026-05-10 12:20:39 [http-nio-8082-exec-1] INFO  c.w.product.aspect.LoggingAspect - ==> METHOD: getAllProducts() COMPLETED IN: 4 ms
2026-05-10 12:20:40 [http-nio-8082-exec-2] INFO  c.w.product.aspect.LoggingAspect - ==> API REQUEST: com.warehouse.product.controller.NotificationController.getNotifications()
2026-05-10 12:20:40 [http-nio-8082-exec-2] INFO  c.w.product.aspect.LoggingAspect - ==> SERVICE METHOD CALLED: com.warehouse.product.service.ProductService.getAllProducts()
2026-05-10 12:20:40 [http-nio-8082-exec-2] INFO  c.w.product.aspect.LoggingAspect - ==> METHOD: getAllProducts() COMPLETED IN: 15 ms
2026-05-10 12:20:42 [http-nio-8082-exec-8] INFO  c.w.product.aspect.LoggingAspect - ==> API REQUEST: com.warehouse.product.controller.NotificationController.getNotifications()
2026-05-10 12:20:42 [http-nio-8082-exec-8] INFO  c.w.product.aspect.LoggingAspect - ==> SERVICE METHOD CALLED: com.warehouse.product.service.ProductService.getAllProducts()
2026-05-10 12:20:42 [http-nio-8082-exec-8] INFO  c.w.product.aspect.LoggingAspect - ==> METHOD: getAllProducts() COMPLETED IN: 5 ms
2026-05-10 12:20:42 [http-nio-8082-exec-3] INFO  c.w.product.aspect.LoggingAspect - ==> API REQUEST: com.warehouse.product.controller.NotificationController.getNotifications()
2026-05-10 12:20:42 [http-nio-8082-exec-3] INFO  c.w.product.aspect.LoggingAspect - ==> SERVICE METHOD CALLED: com.warehouse.product.service.ProductService.getAllProducts()
2026-05-10 12:20:42 [http-nio-8082-exec-3] INFO  c.w.product.aspect.LoggingAspect - ==> METHOD: getAllProducts() COMPLETED IN: 7 ms
2026-05-10 12:20:43 [http-nio-8082-exec-6] INFO  c.w.product.aspect.LoggingAspect - ==> API REQUEST: com.warehouse.product.controller.NotificationController.getNotifications()
2026-05-10 12:20:43 [http-nio-8082-exec-6] INFO  c.w.product.aspect.LoggingAspect - ==> SERVICE METHOD CALLED: com.warehouse.product.service.ProductService.getAllProducts()
2026-05-10 12:20:43 [http-nio-8082-exec-6] INFO  c.w.product.aspect.LoggingAspect - ==> METHOD: getAllProducts() COMPLETED IN: 22 ms
2026-05-10 12:20:45 [http-nio-8082-exec-5] INFO  c.w.product.aspect.LoggingAspect - ==> API REQUEST: com.warehouse.product.controller.NotificationController.getNotifications()
2026-05-10 12:20:45 [http-nio-8082-exec-5] INFO  c.w.product.aspect.LoggingAspect - ==> SERVICE METHOD CALLED: com.warehouse.product.service.ProductService.getAllProducts()
2026-05-10 12:20:45 [http-nio-8082-exec-5] INFO  c.w.product.aspect.LoggingAspect - ==> METHOD: getAllProducts() COMPLETED IN: 18 ms
2026-05-10 12:20:46 [http-nio-8082-exec-9] INFO  c.w.product.aspect.LoggingAspect - ==> API REQUEST: com.warehouse.product.controller.NotificationController.getNotifications()
2026-05-10 12:20:46 [http-nio-8082-exec-9] INFO  c.w.product.aspect.LoggingAspect - ==> SERVICE METHOD CALLED: com.warehouse.product.service.ProductService.getAllProducts()
2026-05-10 12:20:46 [http-nio-8082-exec-9] INFO  c.w.product.aspect.LoggingAspect - ==> METHOD: getAllProducts() COMPLETED IN: 9 ms
2026-05-10 12:20:47 [http-nio-8082-exec-4] INFO  c.w.product.aspect.LoggingAspect - ==> API REQUEST: com.warehouse.product.controller.NotificationController.getNotifications()
2026-05-10 12:20:47 [http-nio-8082-exec-4] INFO  c.w.product.aspect.LoggingAspect - ==> SERVICE METHOD CALLED: com.warehouse.product.service.ProductService.getAllProducts()
2026-05-10 12:20:47 [http-nio-8082-exec-4] INFO  c.w.product.aspect.LoggingAspect - ==> METHOD: getAllProducts() COMPLETED IN: 4 ms
2026-05-10 12:20:47 [http-nio-8082-exec-10] INFO  c.w.product.aspect.LoggingAspect - ==> API REQUEST: com.warehouse.product.controller.NotificationController.getNotifications()
2026-05-10 12:20:47 [http-nio-8082-exec-10] INFO  c.w.product.aspect.LoggingAspect - ==> SERVICE METHOD CALLED: com.warehouse.product.service.ProductService.getAllProducts()
2026-05-10 12:20:47 [http-nio-8082-exec-10] INFO  c.w.product.aspect.LoggingAspect - ==> METHOD: getAllProducts() COMPLETED IN: 5 ms
2026-05-10 12:20:49 [http-nio-8082-exec-7] INFO  c.w.product.aspect.LoggingAspect - ==> API REQUEST: com.warehouse.product.controller.NotificationController.getNotifications()
2026-05-10 12:20:49 [http-nio-8082-exec-7] INFO  c.w.product.aspect.LoggingAspect - ==> SERVICE METHOD CALLED: com.warehouse.product.service.ProductService.getAllProducts()
2026-05-10 12:20:49 [http-nio-8082-exec-7] INFO  c.w.product.aspect.LoggingAspect - ==> METHOD: getAllProducts() COMPLETED IN: 11 ms
2026-05-10 12:20:49 [http-nio-8082-exec-1] INFO  c.w.product.aspect.LoggingAspect - ==> API REQUEST: com.warehouse.product.controller.NotificationController.getNotifications()
2026-05-10 12:20:49 [http-nio-8082-exec-1] INFO  c.w.product.aspect.LoggingAspect - ==> SERVICE METHOD CALLED: com.warehouse.product.service.ProductService.getAllProducts()
2026-05-10 12:20:49 [http-nio-8082-exec-1] INFO  c.w.product.aspect.LoggingAspect - ==> METHOD: getAllProducts() COMPLETED IN: 5 ms
2026-05-10 12:20:50 [http-nio-8082-exec-2] INFO  c.w.product.aspect.LoggingAspect - ==> API REQUEST: com.warehouse.product.controller.NotificationController.getNotifications()
2026-05-10 12:20:50 [http-nio-8082-exec-2] INFO  c.w.product.aspect.LoggingAspect - ==> SERVICE METHOD CALLED: com.warehouse.product.service.ProductService.getAllProducts()
2026-05-10 12:20:50 [http-nio-8082-exec-2] INFO  c.w.product.aspect.LoggingAspect - ==> METHOD: getAllProducts() COMPLETED IN: 5 ms
2026-05-10 12:20:51 [http-nio-8082-exec-8] INFO  c.w.product.aspect.LoggingAspect - ==> API REQUEST: com.warehouse.product.controller.NotificationController.getNotifications()
2026-05-10 12:20:51 [http-nio-8082-exec-8] INFO  c.w.product.aspect.LoggingAspect - ==> SERVICE METHOD CALLED: com.warehouse.product.service.ProductService.getAllProducts()
2026-05-10 12:20:51 [http-nio-8082-exec-8] INFO  c.w.product.aspect.LoggingAspect - ==> METHOD: getAllProducts() COMPLETED IN: 8 ms
2026-05-10 12:20:52 [http-nio-8082-exec-3] INFO  c.w.product.aspect.LoggingAspect - ==> API REQUEST: com.warehouse.product.controller.ProductController.getAllProducts()
2026-05-10 12:20:52 [http-nio-8082-exec-6] INFO  c.w.product.aspect.LoggingAspect - ==> API REQUEST: com.warehouse.product.controller.NotificationController.getNotifications()
2026-05-10 12:20:52 [http-nio-8082-exec-3] INFO  c.w.product.aspect.LoggingAspect - ==> SERVICE METHOD CALLED: com.warehouse.product.service.ProductService.getAllProducts()
2026-05-10 12:20:52 [http-nio-8082-exec-6] INFO  c.w.product.aspect.LoggingAspect - ==> SERVICE METHOD CALLED: com.warehouse.product.service.ProductService.getAllProducts()
2026-05-10 12:20:52 [http-nio-8082-exec-3] INFO  c.w.product.aspect.LoggingAspect - ==> METHOD: getAllProducts() COMPLETED IN: 5 ms
2026-05-10 12:20:52 [http-nio-8082-exec-6] INFO  c.w.product.aspect.LoggingAspect - ==> METHOD: getAllProducts() COMPLETED IN: 6 ms
2026-05-10 12:20:54 [http-nio-8082-exec-5] INFO  c.w.product.aspect.LoggingAspect - ==> API REQUEST: com.warehouse.product.controller.NotificationController.getNotifications()
2026-05-10 12:20:54 [http-nio-8082-exec-5] INFO  c.w.product.aspect.LoggingAspect - ==> SERVICE METHOD CALLED: com.warehouse.product.service.ProductService.getAllProducts()
2026-05-10 12:20:54 [http-nio-8082-exec-5] INFO  c.w.product.aspect.LoggingAspect - ==> METHOD: getAllProducts() COMPLETED IN: 12 ms
2026-05-10 12:20:55 [http-nio-8082-exec-9] INFO  c.w.product.aspect.LoggingAspect - ==> API REQUEST: com.warehouse.product.controller.NotificationController.getNotifications()
2026-05-10 12:20:55 [http-nio-8082-exec-9] INFO  c.w.product.aspect.LoggingAspect - ==> SERVICE METHOD CALLED: com.warehouse.product.service.ProductService.getAllProducts()
2026-05-10 12:20:55 [http-nio-8082-exec-9] INFO  c.w.product.aspect.LoggingAspect - ==> METHOD: getAllProducts() COMPLETED IN: 31 ms
2026-05-10 12:20:57 [http-nio-8082-exec-4] INFO  c.w.product.aspect.LoggingAspect - ==> API REQUEST: com.warehouse.product.controller.NotificationController.getNotifications()
2026-05-10 12:20:57 [http-nio-8082-exec-4] INFO  c.w.product.aspect.LoggingAspect - ==> SERVICE METHOD CALLED: com.warehouse.product.service.ProductService.getAllProducts()
2026-05-10 12:20:57 [http-nio-8082-exec-4] INFO  c.w.product.aspect.LoggingAspect - ==> METHOD: getAllProducts() COMPLETED IN: 3 ms
2026-05-10 12:21:04 [http-nio-8082-exec-10] INFO  c.w.product.aspect.LoggingAspect - ==> API REQUEST: com.warehouse.product.controller.NotificationController.getNotifications()
2026-05-10 12:21:04 [http-nio-8082-exec-10] INFO  c.w.product.aspect.LoggingAspect - ==> SERVICE METHOD CALLED: com.warehouse.product.service.ProductService.getAllProducts()
2026-05-10 12:21:04 [http-nio-8082-exec-10] INFO  c.w.product.aspect.LoggingAspect - ==> METHOD: getAllProducts() COMPLETED IN: 9 ms
2026-05-10 12:21:05 [http-nio-8082-exec-7] INFO  c.w.product.aspect.LoggingAspect - ==> API REQUEST: com.warehouse.product.controller.NotificationController.getNotifications()
2026-05-10 12:21:05 [http-nio-8082-exec-7] INFO  c.w.product.aspect.LoggingAspect - ==> SERVICE METHOD CALLED: com.warehouse.product.service.ProductService.getAllProducts()
2026-05-10 12:21:05 [http-nio-8082-exec-7] INFO  c.w.product.aspect.LoggingAspect - ==> METHOD: getAllProducts() COMPLETED IN: 7 ms
2026-05-10 12:21:07 [http-nio-8082-exec-1] INFO  c.w.product.aspect.LoggingAspect - ==> API REQUEST: com.warehouse.product.controller.NotificationController.getNotifications()
2026-05-10 12:21:07 [http-nio-8082-exec-1] INFO  c.w.product.aspect.LoggingAspect - ==> SERVICE METHOD CALLED: com.warehouse.product.service.ProductService.getAllProducts()
2026-05-10 12:21:07 [http-nio-8082-exec-1] INFO  c.w.product.aspect.LoggingAspect - ==> METHOD: getAllProducts() COMPLETED IN: 7 ms
2026-05-10 12:21:07 [http-nio-8082-exec-2] INFO  c.w.product.aspect.LoggingAspect - ==> API REQUEST: com.warehouse.product.controller.NotificationController.getNotifications()
2026-05-10 12:21:07 [http-nio-8082-exec-2] INFO  c.w.product.aspect.LoggingAspect - ==> SERVICE METHOD CALLED: com.warehouse.product.service.ProductService.getAllProducts()
2026-05-10 12:21:07 [http-nio-8082-exec-2] INFO  c.w.product.aspect.LoggingAspect - ==> METHOD: getAllProducts() COMPLETED IN: 8 ms
2026-05-10 12:21:08 [http-nio-8082-exec-8] INFO  c.w.product.aspect.LoggingAspect - ==> API REQUEST: com.warehouse.product.controller.NotificationController.getNotifications()
2026-05-10 12:21:08 [http-nio-8082-exec-8] INFO  c.w.product.aspect.LoggingAspect - ==> SERVICE METHOD CALLED: com.warehouse.product.service.ProductService.getAllProducts()
2026-05-10 12:21:08 [http-nio-8082-exec-8] INFO  c.w.product.aspect.LoggingAspect - ==> METHOD: getAllProducts() COMPLETED IN: 12 ms
2026-05-10 12:21:09 [http-nio-8082-exec-6] INFO  c.w.product.aspect.LoggingAspect - ==> API REQUEST: com.warehouse.product.controller.NotificationController.getNotifications()
2026-05-10 12:21:09 [http-nio-8082-exec-6] INFO  c.w.product.aspect.LoggingAspect - ==> SERVICE METHOD CALLED: com.warehouse.product.service.ProductService.getAllProducts()
2026-05-10 12:21:09 [http-nio-8082-exec-6] INFO  c.w.product.aspect.LoggingAspect - ==> METHOD: getAllProducts() COMPLETED IN: 11 ms
2026-05-10 12:21:09 [http-nio-8082-exec-3] INFO  c.w.product.aspect.LoggingAspect - ==> API REQUEST: com.warehouse.product.controller.NotificationController.getNotifications()
2026-05-10 12:21:09 [http-nio-8082-exec-3] INFO  c.w.product.aspect.LoggingAspect - ==> SERVICE METHOD CALLED: com.warehouse.product.service.ProductService.getAllProducts()
2026-05-10 12:21:09 [http-nio-8082-exec-3] INFO  c.w.product.aspect.LoggingAspect - ==> METHOD: getAllProducts() COMPLETED IN: 11 ms
2026-05-10 12:21:09 [http-nio-8082-exec-5] INFO  c.w.product.aspect.LoggingAspect - ==> API REQUEST: com.warehouse.product.controller.NotificationController.getNotifications()
2026-05-10 12:21:09 [http-nio-8082-exec-5] INFO  c.w.product.aspect.LoggingAspect - ==> SERVICE METHOD CALLED: com.warehouse.product.service.ProductService.getAllProducts()
2026-05-10 12:21:09 [http-nio-8082-exec-5] INFO  c.w.product.aspect.LoggingAspect - ==> METHOD: getAllProducts() COMPLETED IN: 11 ms
2026-05-10 12:21:09 [http-nio-8082-exec-9] INFO  c.w.product.aspect.LoggingAspect - ==> API REQUEST: com.warehouse.product.controller.NotificationController.getNotifications()
2026-05-10 12:21:09 [http-nio-8082-exec-9] INFO  c.w.product.aspect.LoggingAspect - ==> SERVICE METHOD CALLED: com.warehouse.product.service.ProductService.getAllProducts()
2026-05-10 12:21:09 [http-nio-8082-exec-9] INFO  c.w.product.aspect.LoggingAspect - ==> METHOD: getAllProducts() COMPLETED IN: 5 ms
2026-05-10 12:21:12 [http-nio-8082-exec-4] INFO  c.w.product.aspect.LoggingAspect - ==> API REQUEST: com.warehouse.product.controller.NotificationController.getNotifications()
2026-05-10 12:21:12 [http-nio-8082-exec-4] INFO  c.w.product.aspect.LoggingAspect - ==> SERVICE METHOD CALLED: com.warehouse.product.service.ProductService.getAllProducts()
2026-05-10 12:21:12 [http-nio-8082-exec-4] INFO  c.w.product.aspect.LoggingAspect - ==> METHOD: getAllProducts() COMPLETED IN: 11 ms
2026-05-10 12:21:12 [http-nio-8082-exec-10] INFO  c.w.product.aspect.LoggingAspect - ==> API REQUEST: com.warehouse.product.controller.NotificationController.getNotifications()
2026-05-10 12:21:12 [http-nio-8082-exec-10] INFO  c.w.product.aspect.LoggingAspect - ==> SERVICE METHOD CALLED: com.warehouse.product.service.ProductService.getAllProducts()
2026-05-10 12:21:12 [http-nio-8082-exec-10] INFO  c.w.product.aspect.LoggingAspect - ==> METHOD: getAllProducts() COMPLETED IN: 9 ms
2026-05-10 12:21:13 [http-nio-8082-exec-7] INFO  c.w.product.aspect.LoggingAspect - ==> API REQUEST: com.warehouse.product.controller.NotificationController.getNotifications()
2026-05-10 12:21:13 [http-nio-8082-exec-7] INFO  c.w.product.aspect.LoggingAspect - ==> SERVICE METHOD CALLED: com.warehouse.product.service.ProductService.getAllProducts()
2026-05-10 12:21:13 [http-nio-8082-exec-7] INFO  c.w.product.aspect.LoggingAspect - ==> METHOD: getAllProducts() COMPLETED IN: 13 ms
2026-05-10 12:21:15 [http-nio-8082-exec-1] INFO  c.w.product.aspect.LoggingAspect - ==> API REQUEST: com.warehouse.product.controller.NotificationController.getNotifications()
2026-05-10 12:21:15 [http-nio-8082-exec-1] INFO  c.w.product.aspect.LoggingAspect - ==> SERVICE METHOD CALLED: com.warehouse.product.service.ProductService.getAllProducts()
2026-05-10 12:21:15 [http-nio-8082-exec-1] INFO  c.w.product.aspect.LoggingAspect - ==> METHOD: getAllProducts() COMPLETED IN: 6 ms
2026-05-10 12:21:16 [http-nio-8082-exec-2] INFO  c.w.product.aspect.LoggingAspect - ==> API REQUEST: com.warehouse.product.controller.NotificationController.getNotifications()
2026-05-10 12:21:16 [http-nio-8082-exec-2] INFO  c.w.product.aspect.LoggingAspect - ==> SERVICE METHOD CALLED: com.warehouse.product.service.ProductService.getAllProducts()
2026-05-10 12:21:16 [http-nio-8082-exec-2] INFO  c.w.product.aspect.LoggingAspect - ==> METHOD: getAllProducts() COMPLETED IN: 20 ms
2026-05-10 12:21:17 [http-nio-8082-exec-8] INFO  c.w.product.aspect.LoggingAspect - ==> API REQUEST: com.warehouse.product.controller.NotificationController.getNotifications()
2026-05-10 12:21:17 [http-nio-8082-exec-8] INFO  c.w.product.aspect.LoggingAspect - ==> SERVICE METHOD CALLED: com.warehouse.product.service.ProductService.getAllProducts()
2026-05-10 12:21:17 [http-nio-8082-exec-8] INFO  c.w.product.aspect.LoggingAspect - ==> METHOD: getAllProducts() COMPLETED IN: 15 ms
2026-05-10 12:21:17 [http-nio-8082-exec-6] INFO  c.w.product.aspect.LoggingAspect - ==> API REQUEST: com.warehouse.product.controller.NotificationController.getNotifications()
2026-05-10 12:21:17 [http-nio-8082-exec-6] INFO  c.w.product.aspect.LoggingAspect - ==> SERVICE METHOD CALLED: com.warehouse.product.service.ProductService.getAllProducts()
2026-05-10 12:21:17 [http-nio-8082-exec-6] INFO  c.w.product.aspect.LoggingAspect - ==> METHOD: getAllProducts() COMPLETED IN: 7 ms
2026-05-10 12:21:19 [http-nio-8082-exec-3] INFO  c.w.product.aspect.LoggingAspect - ==> API REQUEST: com.warehouse.product.controller.NotificationController.getNotifications()
2026-05-10 12:21:19 [http-nio-8082-exec-3] INFO  c.w.product.aspect.LoggingAspect - ==> SERVICE METHOD CALLED: com.warehouse.product.service.ProductService.getAllProducts()
2026-05-10 12:21:19 [http-nio-8082-exec-3] INFO  c.w.product.aspect.LoggingAspect - ==> METHOD: getAllProducts() COMPLETED IN: 16 ms
2026-05-10 12:21:19 [http-nio-8082-exec-5] INFO  c.w.product.aspect.LoggingAspect - ==> API REQUEST: com.warehouse.product.controller.NotificationController.getNotifications()
2026-05-10 12:21:19 [http-nio-8082-exec-5] INFO  c.w.product.aspect.LoggingAspect - ==> SERVICE METHOD CALLED: com.warehouse.product.service.ProductService.getAllProducts()
2026-05-10 12:21:19 [http-nio-8082-exec-5] INFO  c.w.product.aspect.LoggingAspect - ==> METHOD: getAllProducts() COMPLETED IN: 6 ms
2026-05-10 12:21:20 [http-nio-8082-exec-9] INFO  c.w.product.aspect.LoggingAspect - ==> API REQUEST: com.warehouse.product.controller.NotificationController.getNotifications()
2026-05-10 12:21:20 [http-nio-8082-exec-9] INFO  c.w.product.aspect.LoggingAspect - ==> SERVICE METHOD CALLED: com.warehouse.product.service.ProductService.getAllProducts()
2026-05-10 12:21:20 [http-nio-8082-exec-9] INFO  c.w.product.aspect.LoggingAspect - ==> METHOD: getAllProducts() COMPLETED IN: 17 ms
2026-05-10 12:21:21 [http-nio-8082-exec-4] INFO  c.w.product.aspect.LoggingAspect - ==> API REQUEST: com.warehouse.product.controller.NotificationController.getNotifications()
2026-05-10 12:21:21 [http-nio-8082-exec-4] INFO  c.w.product.aspect.LoggingAspect - ==> SERVICE METHOD CALLED: com.warehouse.product.service.ProductService.getAllProducts()
2026-05-10 12:21:21 [http-nio-8082-exec-4] INFO  c.w.product.aspect.LoggingAspect - ==> METHOD: getAllProducts() COMPLETED IN: 9 ms
2026-05-10 12:21:23 [http-nio-8082-exec-10] INFO  c.w.product.aspect.LoggingAspect - ==> API REQUEST: com.warehouse.product.controller.NotificationController.getNotifications()
2026-05-10 12:21:23 [http-nio-8082-exec-10] INFO  c.w.product.aspect.LoggingAspect - ==> SERVICE METHOD CALLED: com.warehouse.product.service.ProductService.getAllProducts()
2026-05-10 12:21:23 [http-nio-8082-exec-10] INFO  c.w.product.aspect.LoggingAspect - ==> METHOD: getAllProducts() COMPLETED IN: 11 ms
2026-05-10 12:21:25 [http-nio-8082-exec-7] INFO  c.w.product.aspect.LoggingAspect - ==> API REQUEST: com.warehouse.product.controller.NotificationController.getNotifications()
2026-05-10 12:21:25 [http-nio-8082-exec-7] INFO  c.w.product.aspect.LoggingAspect - ==> SERVICE METHOD CALLED: com.warehouse.product.service.ProductService.getAllProducts()
2026-05-10 12:21:25 [http-nio-8082-exec-7] INFO  c.w.product.aspect.LoggingAspect - ==> METHOD: getAllProducts() COMPLETED IN: 7 ms
2026-05-10 12:21:26 [http-nio-8082-exec-1] INFO  c.w.product.aspect.LoggingAspect - ==> API REQUEST: com.warehouse.product.controller.NotificationController.getNotifications()
2026-05-10 12:21:26 [http-nio-8082-exec-1] INFO  c.w.product.aspect.LoggingAspect - ==> SERVICE METHOD CALLED: com.warehouse.product.service.ProductService.getAllProducts()
2026-05-10 12:21:26 [http-nio-8082-exec-1] INFO  c.w.product.aspect.LoggingAspect - ==> METHOD: getAllProducts() COMPLETED IN: 10 ms
2026-05-10 12:21:27 [http-nio-8082-exec-2] INFO  c.w.product.aspect.LoggingAspect - ==> API REQUEST: com.warehouse.product.controller.NotificationController.getNotifications()
2026-05-10 12:21:27 [http-nio-8082-exec-2] INFO  c.w.product.aspect.LoggingAspect - ==> SERVICE METHOD CALLED: com.warehouse.product.service.ProductService.getAllProducts()
2026-05-10 12:21:27 [http-nio-8082-exec-2] INFO  c.w.product.aspect.LoggingAspect - ==> METHOD: getAllProducts() COMPLETED IN: 8 ms
2026-05-10 12:21:35 [http-nio-8082-exec-8] INFO  c.w.product.aspect.LoggingAspect - ==> API REQUEST: com.warehouse.product.controller.NotificationController.getNotifications()
2026-05-10 12:21:35 [http-nio-8082-exec-8] INFO  c.w.product.aspect.LoggingAspect - ==> SERVICE METHOD CALLED: com.warehouse.product.service.ProductService.getAllProducts()
2026-05-10 12:21:35 [http-nio-8082-exec-8] INFO  c.w.product.aspect.LoggingAspect - ==> METHOD: getAllProducts() COMPLETED IN: 13 ms
2026-05-10 12:21:36 [http-nio-8082-exec-6] INFO  c.w.product.aspect.LoggingAspect - ==> API REQUEST: com.warehouse.product.controller.NotificationController.getNotifications()
2026-05-10 12:21:36 [http-nio-8082-exec-6] INFO  c.w.product.aspect.LoggingAspect - ==> SERVICE METHOD CALLED: com.warehouse.product.service.ProductService.getAllProducts()
2026-05-10 12:21:36 [http-nio-8082-exec-6] INFO  c.w.product.aspect.LoggingAspect - ==> METHOD: getAllProducts() COMPLETED IN: 17 ms
2026-05-10 12:21:37 [http-nio-8082-exec-3] INFO  c.w.product.aspect.LoggingAspect - ==> API REQUEST: com.warehouse.product.controller.NotificationController.getNotifications()
2026-05-10 12:21:37 [http-nio-8082-exec-3] INFO  c.w.product.aspect.LoggingAspect - ==> SERVICE METHOD CALLED: com.warehouse.product.service.ProductService.getAllProducts()
2026-05-10 12:21:37 [http-nio-8082-exec-3] INFO  c.w.product.aspect.LoggingAspect - ==> METHOD: getAllProducts() COMPLETED IN: 10 ms
2026-05-10 12:21:37 [http-nio-8082-exec-5] INFO  c.w.product.aspect.LoggingAspect - ==> API REQUEST: com.warehouse.product.controller.NotificationController.getNotifications()
2026-05-10 12:21:37 [http-nio-8082-exec-5] INFO  c.w.product.aspect.LoggingAspect - ==> SERVICE METHOD CALLED: com.warehouse.product.service.ProductService.getAllProducts()
2026-05-10 12:21:37 [http-nio-8082-exec-5] INFO  c.w.product.aspect.LoggingAspect - ==> METHOD: getAllProducts() COMPLETED IN: 6 ms
2026-05-10 12:21:38 [http-nio-8082-exec-9] INFO  c.w.product.aspect.LoggingAspect - ==> API REQUEST: com.warehouse.product.controller.NotificationController.getNotifications()
2026-05-10 12:21:38 [http-nio-8082-exec-9] INFO  c.w.product.aspect.LoggingAspect - ==> SERVICE METHOD CALLED: com.warehouse.product.service.ProductService.getAllProducts()
2026-05-10 12:21:38 [http-nio-8082-exec-9] INFO  c.w.product.aspect.LoggingAspect - ==> METHOD: getAllProducts() COMPLETED IN: 13 ms
2026-05-10 12:21:39 [http-nio-8082-exec-4] INFO  c.w.product.aspect.LoggingAspect - ==> API REQUEST: com.warehouse.product.controller.NotificationController.getNotifications()
2026-05-10 12:21:39 [http-nio-8082-exec-4] INFO  c.w.product.aspect.LoggingAspect - ==> SERVICE METHOD CALLED: com.warehouse.product.service.ProductService.getAllProducts()
2026-05-10 12:21:39 [http-nio-8082-exec-4] INFO  c.w.product.aspect.LoggingAspect - ==> METHOD: getAllProducts() COMPLETED IN: 11 ms
2026-05-10 12:21:39 [http-nio-8082-exec-10] INFO  c.w.product.aspect.LoggingAspect - ==> API REQUEST: com.warehouse.product.controller.NotificationController.getNotifications()
2026-05-10 12:21:39 [http-nio-8082-exec-10] INFO  c.w.product.aspect.LoggingAspect - ==> SERVICE METHOD CALLED: com.warehouse.product.service.ProductService.getAllProducts()
2026-05-10 12:21:39 [http-nio-8082-exec-10] INFO  c.w.product.aspect.LoggingAspect - ==> METHOD: getAllProducts() COMPLETED IN: 8 ms
2026-05-10 12:21:39 [http-nio-8082-exec-10] INFO  c.w.product.aspect.LoggingAspect - ==> API REQUEST: com.warehouse.product.controller.NotificationController.getNotifications()
2026-05-10 12:21:39 [http-nio-8082-exec-10] INFO  c.w.product.aspect.LoggingAspect - ==> SERVICE METHOD CALLED: com.warehouse.product.service.ProductService.getAllProducts()
2026-05-10 12:21:39 [http-nio-8082-exec-10] INFO  c.w.product.aspect.LoggingAspect - ==> METHOD: getAllProducts() COMPLETED IN: 8 ms
2026-05-10 12:21:40 [http-nio-8082-exec-1] INFO  c.w.product.aspect.LoggingAspect - ==> API REQUEST: com.warehouse.product.controller.NotificationController.getNotifications()
2026-05-10 12:21:40 [http-nio-8082-exec-1] INFO  c.w.product.aspect.LoggingAspect - ==> SERVICE METHOD CALLED: com.warehouse.product.service.ProductService.getAllProducts()
2026-05-10 12:21:40 [http-nio-8082-exec-1] INFO  c.w.product.aspect.LoggingAspect - ==> METHOD: getAllProducts() COMPLETED IN: 8 ms
2026-05-10 12:21:42 [http-nio-8082-exec-2] INFO  c.w.product.aspect.LoggingAspect - ==> API REQUEST: com.warehouse.product.controller.NotificationController.getNotifications()
2026-05-10 12:21:42 [http-nio-8082-exec-2] INFO  c.w.product.aspect.LoggingAspect - ==> SERVICE METHOD CALLED: com.warehouse.product.service.ProductService.getAllProducts()
2026-05-10 12:21:42 [http-nio-8082-exec-2] INFO  c.w.product.aspect.LoggingAspect - ==> METHOD: getAllProducts() COMPLETED IN: 13 ms
2026-05-10 12:21:42 [http-nio-8082-exec-8] INFO  c.w.product.aspect.LoggingAspect - ==> API REQUEST: com.warehouse.product.controller.NotificationController.getNotifications()
2026-05-10 12:21:42 [http-nio-8082-exec-8] INFO  c.w.product.aspect.LoggingAspect - ==> SERVICE METHOD CALLED: com.warehouse.product.service.ProductService.getAllProducts()
2026-05-10 12:21:42 [http-nio-8082-exec-8] INFO  c.w.product.aspect.LoggingAspect - ==> METHOD: getAllProducts() COMPLETED IN: 7 ms
2026-05-10 12:21:43 [http-nio-8082-exec-6] INFO  c.w.product.aspect.LoggingAspect - ==> API REQUEST: com.warehouse.product.controller.NotificationController.getNotifications()
2026-05-10 12:21:43 [http-nio-8082-exec-6] INFO  c.w.product.aspect.LoggingAspect - ==> SERVICE METHOD CALLED: com.warehouse.product.service.ProductService.getAllProducts()
2026-05-10 12:21:43 [http-nio-8082-exec-6] INFO  c.w.product.aspect.LoggingAspect - ==> METHOD: getAllProducts() COMPLETED IN: 26 ms
2026-05-10 12:21:45 [http-nio-8082-exec-3] INFO  c.w.product.aspect.LoggingAspect - ==> API REQUEST: com.warehouse.product.controller.NotificationController.getNotifications()
2026-05-10 12:21:45 [http-nio-8082-exec-3] INFO  c.w.product.aspect.LoggingAspect - ==> SERVICE METHOD CALLED: com.warehouse.product.service.ProductService.getAllProducts()
2026-05-10 12:21:45 [http-nio-8082-exec-3] INFO  c.w.product.aspect.LoggingAspect - ==> METHOD: getAllProducts() COMPLETED IN: 9 ms
2026-05-10 12:21:46 [http-nio-8082-exec-5] INFO  c.w.product.aspect.LoggingAspect - ==> API REQUEST: com.warehouse.product.controller.NotificationController.getNotifications()
2026-05-10 12:21:46 [http-nio-8082-exec-5] INFO  c.w.product.aspect.LoggingAspect - ==> SERVICE METHOD CALLED: com.warehouse.product.service.ProductService.getAllProducts()
2026-05-10 12:21:46 [http-nio-8082-exec-5] INFO  c.w.product.aspect.LoggingAspect - ==> METHOD: getAllProducts() COMPLETED IN: 24 ms
2026-05-10 12:21:47 [http-nio-8082-exec-9] INFO  c.w.product.aspect.LoggingAspect - ==> API REQUEST: com.warehouse.product.controller.NotificationController.getNotifications()
2026-05-10 12:21:47 [http-nio-8082-exec-9] INFO  c.w.product.aspect.LoggingAspect - ==> SERVICE METHOD CALLED: com.warehouse.product.service.ProductService.getAllProducts()
2026-05-10 12:21:47 [http-nio-8082-exec-9] INFO  c.w.product.aspect.LoggingAspect - ==> METHOD: getAllProducts() COMPLETED IN: 9 ms
2026-05-10 12:21:47 [http-nio-8082-exec-4] INFO  c.w.product.aspect.LoggingAspect - ==> API REQUEST: com.warehouse.product.controller.NotificationController.getNotifications()
2026-05-10 12:21:47 [http-nio-8082-exec-4] INFO  c.w.product.aspect.LoggingAspect - ==> SERVICE METHOD CALLED: com.warehouse.product.service.ProductService.getAllProducts()
2026-05-10 12:21:47 [http-nio-8082-exec-4] INFO  c.w.product.aspect.LoggingAspect - ==> METHOD: getAllProducts() COMPLETED IN: 10 ms
2026-05-10 12:21:49 [http-nio-8082-exec-7] INFO  c.w.product.aspect.LoggingAspect - ==> API REQUEST: com.warehouse.product.controller.NotificationController.getNotifications()
2026-05-10 12:21:49 [http-nio-8082-exec-7] INFO  c.w.product.aspect.LoggingAspect - ==> SERVICE METHOD CALLED: com.warehouse.product.service.ProductService.getAllProducts()
2026-05-10 12:21:49 [http-nio-8082-exec-7] INFO  c.w.product.aspect.LoggingAspect - ==> METHOD: getAllProducts() COMPLETED IN: 13 ms
2026-05-10 12:21:49 [http-nio-8082-exec-10] INFO  c.w.product.aspect.LoggingAspect - ==> API REQUEST: com.warehouse.product.controller.NotificationController.getNotifications()
2026-05-10 12:21:49 [http-nio-8082-exec-10] INFO  c.w.product.aspect.LoggingAspect - ==> SERVICE METHOD CALLED: com.warehouse.product.service.ProductService.getAllProducts()
2026-05-10 12:21:49 [http-nio-8082-exec-10] INFO  c.w.product.aspect.LoggingAspect - ==> METHOD: getAllProducts() COMPLETED IN: 5 ms
2026-05-10 12:21:50 [http-nio-8082-exec-1] INFO  c.w.product.aspect.LoggingAspect - ==> API REQUEST: com.warehouse.product.controller.NotificationController.getNotifications()
2026-05-10 12:21:50 [http-nio-8082-exec-1] INFO  c.w.product.aspect.LoggingAspect - ==> SERVICE METHOD CALLED: com.warehouse.product.service.ProductService.getAllProducts()
2026-05-10 12:21:50 [http-nio-8082-exec-1] INFO  c.w.product.aspect.LoggingAspect - ==> METHOD: getAllProducts() COMPLETED IN: 8 ms
2026-05-10 12:21:52 [http-nio-8082-exec-2] INFO  c.w.product.aspect.LoggingAspect - ==> API REQUEST: com.warehouse.product.controller.NotificationController.getNotifications()
2026-05-10 12:21:52 [http-nio-8082-exec-2] INFO  c.w.product.aspect.LoggingAspect - ==> SERVICE METHOD CALLED: com.warehouse.product.service.ProductService.getAllProducts()
2026-05-10 12:21:52 [http-nio-8082-exec-2] INFO  c.w.product.aspect.LoggingAspect - ==> METHOD: getAllProducts() COMPLETED IN: 11 ms
2026-05-10 12:21:53 [http-nio-8082-exec-8] INFO  c.w.product.aspect.LoggingAspect - ==> API REQUEST: com.warehouse.product.controller.NotificationController.getNotifications()
2026-05-10 12:21:53 [http-nio-8082-exec-8] INFO  c.w.product.aspect.LoggingAspect - ==> SERVICE METHOD CALLED: com.warehouse.product.service.ProductService.getAllProducts()
2026-05-10 12:21:53 [http-nio-8082-exec-8] INFO  c.w.product.aspect.LoggingAspect - ==> METHOD: getAllProducts() COMPLETED IN: 12 ms
2026-05-10 12:21:55 [http-nio-8082-exec-6] INFO  c.w.product.aspect.LoggingAspect - ==> API REQUEST: com.warehouse.product.controller.NotificationController.getNotifications()
2026-05-10 12:21:55 [http-nio-8082-exec-6] INFO  c.w.product.aspect.LoggingAspect - ==> SERVICE METHOD CALLED: com.warehouse.product.service.ProductService.getAllProducts()
2026-05-10 12:21:55 [http-nio-8082-exec-6] INFO  c.w.product.aspect.LoggingAspect - ==> METHOD: getAllProducts() COMPLETED IN: 6 ms
2026-05-10 12:21:56 [http-nio-8082-exec-3] INFO  c.w.product.aspect.LoggingAspect - ==> API REQUEST: com.warehouse.product.controller.NotificationController.getNotifications()
2026-05-10 12:21:56 [http-nio-8082-exec-3] INFO  c.w.product.aspect.LoggingAspect - ==> SERVICE METHOD CALLED: com.warehouse.product.service.ProductService.getAllProducts()
2026-05-10 12:21:56 [http-nio-8082-exec-3] INFO  c.w.product.aspect.LoggingAspect - ==> METHOD: getAllProducts() COMPLETED IN: 8 ms
2026-05-10 12:21:57 [http-nio-8082-exec-5] INFO  c.w.product.aspect.LoggingAspect - ==> API REQUEST: com.warehouse.product.controller.NotificationController.getNotifications()
2026-05-10 12:21:57 [http-nio-8082-exec-5] INFO  c.w.product.aspect.LoggingAspect - ==> SERVICE METHOD CALLED: com.warehouse.product.service.ProductService.getAllProducts()
2026-05-10 12:21:57 [http-nio-8082-exec-5] INFO  c.w.product.aspect.LoggingAspect - ==> METHOD: getAllProducts() COMPLETED IN: 8 ms
2026-05-10 12:22:05 [http-nio-8082-exec-9] INFO  c.w.product.aspect.LoggingAspect - ==> API REQUEST: com.warehouse.product.controller.NotificationController.getNotifications()
2026-05-10 12:22:05 [http-nio-8082-exec-9] INFO  c.w.product.aspect.LoggingAspect - ==> SERVICE METHOD CALLED: com.warehouse.product.service.ProductService.getAllProducts()
2026-05-10 12:22:05 [http-nio-8082-exec-9] INFO  c.w.product.aspect.LoggingAspect - ==> METHOD: getAllProducts() COMPLETED IN: 20 ms
2026-05-10 12:22:06 [http-nio-8082-exec-4] INFO  c.w.product.aspect.LoggingAspect - ==> API REQUEST: com.warehouse.product.controller.NotificationController.getNotifications()
2026-05-10 12:22:06 [http-nio-8082-exec-4] INFO  c.w.product.aspect.LoggingAspect - ==> SERVICE METHOD CALLED: com.warehouse.product.service.ProductService.getAllProducts()
2026-05-10 12:22:06 [http-nio-8082-exec-4] INFO  c.w.product.aspect.LoggingAspect - ==> METHOD: getAllProducts() COMPLETED IN: 14 ms
2026-05-10 12:22:07 [http-nio-8082-exec-7] INFO  c.w.product.aspect.LoggingAspect - ==> API REQUEST: com.warehouse.product.controller.NotificationController.getNotifications()
2026-05-10 12:22:07 [http-nio-8082-exec-7] INFO  c.w.product.aspect.LoggingAspect - ==> SERVICE METHOD CALLED: com.warehouse.product.service.ProductService.getAllProducts()
2026-05-10 12:22:07 [http-nio-8082-exec-7] INFO  c.w.product.aspect.LoggingAspect - ==> METHOD: getAllProducts() COMPLETED IN: 9 ms
2026-05-10 12:22:07 [http-nio-8082-exec-10] INFO  c.w.product.aspect.LoggingAspect - ==> API REQUEST: com.warehouse.product.controller.NotificationController.getNotifications()
2026-05-10 12:22:07 [http-nio-8082-exec-10] INFO  c.w.product.aspect.LoggingAspect - ==> SERVICE METHOD CALLED: com.warehouse.product.service.ProductService.getAllProducts()
2026-05-10 12:22:07 [http-nio-8082-exec-10] INFO  c.w.product.aspect.LoggingAspect - ==> METHOD: getAllProducts() COMPLETED IN: 6 ms
2026-05-10 12:22:08 [http-nio-8082-exec-1] INFO  c.w.product.aspect.LoggingAspect - ==> API REQUEST: com.warehouse.product.controller.NotificationController.getNotifications()
2026-05-10 12:22:08 [http-nio-8082-exec-1] INFO  c.w.product.aspect.LoggingAspect - ==> SERVICE METHOD CALLED: com.warehouse.product.service.ProductService.getAllProducts()
2026-05-10 12:22:08 [http-nio-8082-exec-1] INFO  c.w.product.aspect.LoggingAspect - ==> METHOD: getAllProducts() COMPLETED IN: 12 ms
2026-05-10 12:22:09 [http-nio-8082-exec-2] INFO  c.w.product.aspect.LoggingAspect - ==> API REQUEST: com.warehouse.product.controller.NotificationController.getNotifications()
2026-05-10 12:22:09 [http-nio-8082-exec-2] INFO  c.w.product.aspect.LoggingAspect - ==> SERVICE METHOD CALLED: com.warehouse.product.service.ProductService.getAllProducts()
2026-05-10 12:22:09 [http-nio-8082-exec-2] INFO  c.w.product.aspect.LoggingAspect - ==> METHOD: getAllProducts() COMPLETED IN: 12 ms
2026-05-10 12:22:09 [http-nio-8082-exec-8] INFO  c.w.product.aspect.LoggingAspect - ==> API REQUEST: com.warehouse.product.controller.NotificationController.getNotifications()
2026-05-10 12:22:09 [http-nio-8082-exec-8] INFO  c.w.product.aspect.LoggingAspect - ==> SERVICE METHOD CALLED: com.warehouse.product.service.ProductService.getAllProducts()
2026-05-10 12:22:09 [http-nio-8082-exec-8] INFO  c.w.product.aspect.LoggingAspect - ==> METHOD: getAllProducts() COMPLETED IN: 8 ms
2026-05-10 12:22:09 [http-nio-8082-exec-6] INFO  c.w.product.aspect.LoggingAspect - ==> API REQUEST: com.warehouse.product.controller.NotificationController.getNotifications()
2026-05-10 12:22:09 [http-nio-8082-exec-6] INFO  c.w.product.aspect.LoggingAspect - ==> SERVICE METHOD CALLED: com.warehouse.product.service.ProductService.getAllProducts()
2026-05-10 12:22:09 [http-nio-8082-exec-6] INFO  c.w.product.aspect.LoggingAspect - ==> METHOD: getAllProducts() COMPLETED IN: 5 ms
2026-05-10 12:22:10 [http-nio-8082-exec-3] INFO  c.w.product.aspect.LoggingAspect - ==> API REQUEST: com.warehouse.product.controller.NotificationController.getNotifications()
2026-05-10 12:22:10 [http-nio-8082-exec-3] INFO  c.w.product.aspect.LoggingAspect - ==> SERVICE METHOD CALLED: com.warehouse.product.service.ProductService.getAllProducts()
2026-05-10 12:22:10 [http-nio-8082-exec-3] INFO  c.w.product.aspect.LoggingAspect - ==> METHOD: getAllProducts() COMPLETED IN: 10 ms
2026-05-10 12:22:12 [http-nio-8082-exec-5] INFO  c.w.product.aspect.LoggingAspect - ==> API REQUEST: com.warehouse.product.controller.NotificationController.getNotifications()
2026-05-10 12:22:12 [http-nio-8082-exec-5] INFO  c.w.product.aspect.LoggingAspect - ==> SERVICE METHOD CALLED: com.warehouse.product.service.ProductService.getAllProducts()
2026-05-10 12:22:12 [http-nio-8082-exec-5] INFO  c.w.product.aspect.LoggingAspect - ==> METHOD: getAllProducts() COMPLETED IN: 2 ms
2026-05-10 12:22:12 [http-nio-8082-exec-9] INFO  c.w.product.aspect.LoggingAspect - ==> API REQUEST: com.warehouse.product.controller.NotificationController.getNotifications()
2026-05-10 12:22:12 [http-nio-8082-exec-9] INFO  c.w.product.aspect.LoggingAspect - ==> SERVICE METHOD CALLED: com.warehouse.product.service.ProductService.getAllProducts()
2026-05-10 12:22:12 [http-nio-8082-exec-9] INFO  c.w.product.aspect.LoggingAspect - ==> METHOD: getAllProducts() COMPLETED IN: 6 ms
2026-05-10 12:22:13 [http-nio-8082-exec-4] INFO  c.w.product.aspect.LoggingAspect - ==> API REQUEST: com.warehouse.product.controller.NotificationController.getNotifications()
2026-05-10 12:22:13 [http-nio-8082-exec-4] INFO  c.w.product.aspect.LoggingAspect - ==> SERVICE METHOD CALLED: com.warehouse.product.service.ProductService.getAllProducts()
2026-05-10 12:22:13 [http-nio-8082-exec-4] INFO  c.w.product.aspect.LoggingAspect - ==> METHOD: getAllProducts() COMPLETED IN: 9 ms
2026-05-10 12:22:15 [http-nio-8082-exec-7] INFO  c.w.product.aspect.LoggingAspect - ==> API REQUEST: com.warehouse.product.controller.NotificationController.getNotifications()
2026-05-10 12:22:15 [http-nio-8082-exec-7] INFO  c.w.product.aspect.LoggingAspect - ==> SERVICE METHOD CALLED: com.warehouse.product.service.ProductService.getAllProducts()
2026-05-10 12:22:15 [http-nio-8082-exec-7] INFO  c.w.product.aspect.LoggingAspect - ==> METHOD: getAllProducts() COMPLETED IN: 8 ms
2026-05-10 12:22:16 [http-nio-8082-exec-10] INFO  c.w.product.aspect.LoggingAspect - ==> API REQUEST: com.warehouse.product.controller.NotificationController.getNotifications()
2026-05-10 12:22:16 [http-nio-8082-exec-10] INFO  c.w.product.aspect.LoggingAspect - ==> SERVICE METHOD CALLED: com.warehouse.product.service.ProductService.getAllProducts()
2026-05-10 12:22:16 [http-nio-8082-exec-10] INFO  c.w.product.aspect.LoggingAspect - ==> METHOD: getAllProducts() COMPLETED IN: 10 ms
2026-05-10 12:22:17 [http-nio-8082-exec-1] INFO  c.w.product.aspect.LoggingAspect - ==> API REQUEST: com.warehouse.product.controller.NotificationController.getNotifications()
2026-05-10 12:22:17 [http-nio-8082-exec-1] INFO  c.w.product.aspect.LoggingAspect - ==> SERVICE METHOD CALLED: com.warehouse.product.service.ProductService.getAllProducts()
2026-05-10 12:22:17 [http-nio-8082-exec-1] INFO  c.w.product.aspect.LoggingAspect - ==> METHOD: getAllProducts() COMPLETED IN: 8 ms
2026-05-10 12:22:17 [http-nio-8082-exec-2] INFO  c.w.product.aspect.LoggingAspect - ==> API REQUEST: com.warehouse.product.controller.NotificationController.getNotifications()
2026-05-10 12:22:17 [http-nio-8082-exec-2] INFO  c.w.product.aspect.LoggingAspect - ==> SERVICE METHOD CALLED: com.warehouse.product.service.ProductService.getAllProducts()
2026-05-10 12:22:17 [http-nio-8082-exec-2] INFO  c.w.product.aspect.LoggingAspect - ==> METHOD: getAllProducts() COMPLETED IN: 4 ms
2026-05-10 12:22:19 [http-nio-8082-exec-8] INFO  c.w.product.aspect.LoggingAspect - ==> API REQUEST: com.warehouse.product.controller.NotificationController.getNotifications()
2026-05-10 12:22:19 [http-nio-8082-exec-8] INFO  c.w.product.aspect.LoggingAspect - ==> SERVICE METHOD CALLED: com.warehouse.product.service.ProductService.getAllProducts()
2026-05-10 12:22:19 [http-nio-8082-exec-8] INFO  c.w.product.aspect.LoggingAspect - ==> METHOD: getAllProducts() COMPLETED IN: 11 ms
2026-05-10 12:22:19 [http-nio-8082-exec-6] INFO  c.w.product.aspect.LoggingAspect - ==> API REQUEST: com.warehouse.product.controller.NotificationController.getNotifications()
2026-05-10 12:22:19 [http-nio-8082-exec-6] INFO  c.w.product.aspect.LoggingAspect - ==> SERVICE METHOD CALLED: com.warehouse.product.service.ProductService.getAllProducts()
2026-05-10 12:22:19 [http-nio-8082-exec-6] INFO  c.w.product.aspect.LoggingAspect - ==> METHOD: getAllProducts() COMPLETED IN: 3 ms
2026-05-10 12:22:20 [http-nio-8082-exec-3] INFO  c.w.product.aspect.LoggingAspect - ==> API REQUEST: com.warehouse.product.controller.NotificationController.getNotifications()
2026-05-10 12:22:20 [http-nio-8082-exec-3] INFO  c.w.product.aspect.LoggingAspect - ==> SERVICE METHOD CALLED: com.warehouse.product.service.ProductService.getAllProducts()
2026-05-10 12:22:20 [http-nio-8082-exec-3] INFO  c.w.product.aspect.LoggingAspect - ==> METHOD: getAllProducts() COMPLETED IN: 11 ms
2026-05-10 12:22:22 [http-nio-8082-exec-5] INFO  c.w.product.aspect.LoggingAspect - ==> API REQUEST: com.warehouse.product.controller.NotificationController.getNotifications()
2026-05-10 12:22:22 [http-nio-8082-exec-5] INFO  c.w.product.aspect.LoggingAspect - ==> SERVICE METHOD CALLED: com.warehouse.product.service.ProductService.getAllProducts()
2026-05-10 12:22:22 [http-nio-8082-exec-5] INFO  c.w.product.aspect.LoggingAspect - ==> METHOD: getAllProducts() COMPLETED IN: 10 ms
2026-05-10 12:22:23 [http-nio-8082-exec-9] INFO  c.w.product.aspect.LoggingAspect - ==> API REQUEST: com.warehouse.product.controller.NotificationController.getNotifications()
2026-05-10 12:22:23 [http-nio-8082-exec-9] INFO  c.w.product.aspect.LoggingAspect - ==> SERVICE METHOD CALLED: com.warehouse.product.service.ProductService.getAllProducts()
2026-05-10 12:22:23 [http-nio-8082-exec-9] INFO  c.w.product.aspect.LoggingAspect - ==> METHOD: getAllProducts() COMPLETED IN: 5 ms
2026-05-10 12:22:39 [http-nio-8082-exec-4] INFO  c.w.product.aspect.LoggingAspect - ==> API REQUEST: com.warehouse.product.controller.NotificationController.getNotifications()
2026-05-10 12:22:39 [http-nio-8082-exec-4] INFO  c.w.product.aspect.LoggingAspect - ==> SERVICE METHOD CALLED: com.warehouse.product.service.ProductService.getAllProducts()
2026-05-10 12:22:39 [http-nio-8082-exec-4] INFO  c.w.product.aspect.LoggingAspect - ==> METHOD: getAllProducts() COMPLETED IN: 10 ms
2026-05-10 12:22:39 [http-nio-8082-exec-7] INFO  c.w.product.aspect.LoggingAspect - ==> API REQUEST: com.warehouse.product.controller.NotificationController.getNotifications()
2026-05-10 12:22:39 [http-nio-8082-exec-7] INFO  c.w.product.aspect.LoggingAspect - ==> SERVICE METHOD CALLED: com.warehouse.product.service.ProductService.getAllProducts()
2026-05-10 12:22:39 [http-nio-8082-exec-7] INFO  c.w.product.aspect.LoggingAspect - ==> METHOD: getAllProducts() COMPLETED IN: 5 ms
2026-05-10 12:22:43 [http-nio-8082-exec-10] INFO  c.w.product.aspect.LoggingAspect - ==> API REQUEST: com.warehouse.product.controller.NotificationController.getNotifications()
2026-05-10 12:22:43 [http-nio-8082-exec-10] INFO  c.w.product.aspect.LoggingAspect - ==> SERVICE METHOD CALLED: com.warehouse.product.service.ProductService.getAllProducts()
2026-05-10 12:22:43 [http-nio-8082-exec-10] INFO  c.w.product.aspect.LoggingAspect - ==> METHOD: getAllProducts() COMPLETED IN: 11 ms
2026-05-10 12:22:43 [http-nio-8082-exec-1] INFO  c.w.product.aspect.LoggingAspect - ==> API REQUEST: com.warehouse.product.controller.NotificationController.getNotifications()
2026-05-10 12:22:43 [http-nio-8082-exec-1] INFO  c.w.product.aspect.LoggingAspect - ==> SERVICE METHOD CALLED: com.warehouse.product.service.ProductService.getAllProducts()
2026-05-10 12:22:43 [http-nio-8082-exec-1] INFO  c.w.product.aspect.LoggingAspect - ==> METHOD: getAllProducts() COMPLETED IN: 21 ms
2026-05-10 12:22:43 [http-nio-8082-exec-2] INFO  c.w.product.aspect.LoggingAspect - ==> API REQUEST: com.warehouse.product.controller.NotificationController.getNotifications()
2026-05-10 12:22:43 [http-nio-8082-exec-2] INFO  c.w.product.aspect.LoggingAspect - ==> SERVICE METHOD CALLED: com.warehouse.product.service.ProductService.getAllProducts()
2026-05-10 12:22:43 [http-nio-8082-exec-2] INFO  c.w.product.aspect.LoggingAspect - ==> METHOD: getAllProducts() COMPLETED IN: 6 ms
2026-05-10 12:22:43 [http-nio-8082-exec-8] INFO  c.w.product.aspect.LoggingAspect - ==> API REQUEST: com.warehouse.product.controller.NotificationController.getNotifications()
2026-05-10 12:22:43 [http-nio-8082-exec-8] INFO  c.w.product.aspect.LoggingAspect - ==> SERVICE METHOD CALLED: com.warehouse.product.service.ProductService.getAllProducts()
2026-05-10 12:22:43 [http-nio-8082-exec-8] INFO  c.w.product.aspect.LoggingAspect - ==> METHOD: getAllProducts() COMPLETED IN: 5 ms
2026-05-10 12:22:43 [http-nio-8082-exec-6] INFO  c.w.product.aspect.LoggingAspect - ==> API REQUEST: com.warehouse.product.controller.NotificationController.getNotifications()
2026-05-10 12:22:43 [http-nio-8082-exec-6] INFO  c.w.product.aspect.LoggingAspect - ==> SERVICE METHOD CALLED: com.warehouse.product.service.ProductService.getAllProducts()
2026-05-10 12:22:43 [http-nio-8082-exec-6] INFO  c.w.product.aspect.LoggingAspect - ==> METHOD: getAllProducts() COMPLETED IN: 7 ms
2026-05-10 12:22:43 [http-nio-8082-exec-3] INFO  c.w.product.aspect.LoggingAspect - ==> API REQUEST: com.warehouse.product.controller.NotificationController.getNotifications()
2026-05-10 12:22:43 [http-nio-8082-exec-3] INFO  c.w.product.aspect.LoggingAspect - ==> SERVICE METHOD CALLED: com.warehouse.product.service.ProductService.getAllProducts()
2026-05-10 12:22:43 [http-nio-8082-exec-3] INFO  c.w.product.aspect.LoggingAspect - ==> METHOD: getAllProducts() COMPLETED IN: 10 ms
2026-05-10 12:22:43 [http-nio-8082-exec-5] INFO  c.w.product.aspect.LoggingAspect - ==> API REQUEST: com.warehouse.product.controller.NotificationController.getNotifications()
2026-05-10 12:22:43 [http-nio-8082-exec-5] INFO  c.w.product.aspect.LoggingAspect - ==> SERVICE METHOD CALLED: com.warehouse.product.service.ProductService.getAllProducts()
2026-05-10 12:22:43 [http-nio-8082-exec-5] INFO  c.w.product.aspect.LoggingAspect - ==> METHOD: getAllProducts() COMPLETED IN: 6 ms
2026-05-10 12:22:43 [http-nio-8082-exec-9] INFO  c.w.product.aspect.LoggingAspect - ==> API REQUEST: com.warehouse.product.controller.NotificationController.getNotifications()
2026-05-10 12:22:43 [http-nio-8082-exec-9] INFO  c.w.product.aspect.LoggingAspect - ==> SERVICE METHOD CALLED: com.warehouse.product.service.ProductService.getAllProducts()
2026-05-10 12:22:43 [http-nio-8082-exec-9] INFO  c.w.product.aspect.LoggingAspect - ==> METHOD: getAllProducts() COMPLETED IN: 3 ms
2026-05-10 12:22:43 [http-nio-8082-exec-4] INFO  c.w.product.aspect.LoggingAspect - ==> API REQUEST: com.warehouse.product.controller.NotificationController.getNotifications()
2026-05-10 12:22:43 [http-nio-8082-exec-4] INFO  c.w.product.aspect.LoggingAspect - ==> SERVICE METHOD CALLED: com.warehouse.product.service.ProductService.getAllProducts()
2026-05-10 12:22:43 [http-nio-8082-exec-4] INFO  c.w.product.aspect.LoggingAspect - ==> METHOD: getAllProducts() COMPLETED IN: 8 ms
2026-05-10 12:22:44 [http-nio-8082-exec-7] INFO  c.w.product.aspect.LoggingAspect - ==> API REQUEST: com.warehouse.product.controller.NotificationController.getNotifications()
2026-05-10 12:22:44 [http-nio-8082-exec-7] INFO  c.w.product.aspect.LoggingAspect - ==> SERVICE METHOD CALLED: com.warehouse.product.service.ProductService.getAllProducts()
2026-05-10 12:22:44 [http-nio-8082-exec-7] INFO  c.w.product.aspect.LoggingAspect - ==> METHOD: getAllProducts() COMPLETED IN: 8 ms
2026-05-10 12:22:44 [http-nio-8082-exec-10] INFO  c.w.product.aspect.LoggingAspect - ==> API REQUEST: com.warehouse.product.controller.NotificationController.getNotifications()
2026-05-10 12:22:44 [http-nio-8082-exec-10] INFO  c.w.product.aspect.LoggingAspect - ==> SERVICE METHOD CALLED: com.warehouse.product.service.ProductService.getAllProducts()
2026-05-10 12:22:44 [http-nio-8082-exec-10] INFO  c.w.product.aspect.LoggingAspect - ==> METHOD: getAllProducts() COMPLETED IN: 11 ms
2026-05-10 12:22:44 [http-nio-8082-exec-1] INFO  c.w.product.aspect.LoggingAspect - ==> API REQUEST: com.warehouse.product.controller.NotificationController.getNotifications()
2026-05-10 12:22:44 [http-nio-8082-exec-1] INFO  c.w.product.aspect.LoggingAspect - ==> SERVICE METHOD CALLED: com.warehouse.product.service.ProductService.getAllProducts()
2026-05-10 12:22:44 [http-nio-8082-exec-1] INFO  c.w.product.aspect.LoggingAspect - ==> METHOD: getAllProducts() COMPLETED IN: 3 ms
2026-05-10 12:22:44 [http-nio-8082-exec-2] INFO  c.w.product.aspect.LoggingAspect - ==> API REQUEST: com.warehouse.product.controller.NotificationController.getNotifications()
2026-05-10 12:22:44 [http-nio-8082-exec-2] INFO  c.w.product.aspect.LoggingAspect - ==> SERVICE METHOD CALLED: com.warehouse.product.service.ProductService.getAllProducts()
2026-05-10 12:22:44 [http-nio-8082-exec-2] INFO  c.w.product.aspect.LoggingAspect - ==> METHOD: getAllProducts() COMPLETED IN: 4 ms
2026-05-10 12:22:44 [http-nio-8082-exec-8] INFO  c.w.product.aspect.LoggingAspect - ==> API REQUEST: com.warehouse.product.controller.NotificationController.getNotifications()
2026-05-10 12:22:44 [http-nio-8082-exec-8] INFO  c.w.product.aspect.LoggingAspect - ==> SERVICE METHOD CALLED: com.warehouse.product.service.ProductService.getAllProducts()
2026-05-10 12:22:44 [http-nio-8082-exec-8] INFO  c.w.product.aspect.LoggingAspect - ==> METHOD: getAllProducts() COMPLETED IN: 40 ms
2026-05-10 12:22:45 [http-nio-8082-exec-6] INFO  c.w.product.aspect.LoggingAspect - ==> API REQUEST: com.warehouse.product.controller.NotificationController.getNotifications()
2026-05-10 12:22:45 [http-nio-8082-exec-6] INFO  c.w.product.aspect.LoggingAspect - ==> SERVICE METHOD CALLED: com.warehouse.product.service.ProductService.getAllProducts()
2026-05-10 12:22:45 [http-nio-8082-exec-6] INFO  c.w.product.aspect.LoggingAspect - ==> METHOD: getAllProducts() COMPLETED IN: 5 ms
2026-05-10 12:22:45 [http-nio-8082-exec-3] INFO  c.w.product.aspect.LoggingAspect - ==> API REQUEST: com.warehouse.product.controller.NotificationController.getNotifications()
2026-05-10 12:22:45 [http-nio-8082-exec-3] INFO  c.w.product.aspect.LoggingAspect - ==> SERVICE METHOD CALLED: com.warehouse.product.service.ProductService.getAllProducts()
2026-05-10 12:22:45 [http-nio-8082-exec-3] INFO  c.w.product.aspect.LoggingAspect - ==> METHOD: getAllProducts() COMPLETED IN: 5 ms
2026-05-10 12:22:46 [http-nio-8082-exec-5] INFO  c.w.product.aspect.LoggingAspect - ==> API REQUEST: com.warehouse.product.controller.NotificationController.getNotifications()
2026-05-10 12:22:46 [http-nio-8082-exec-5] INFO  c.w.product.aspect.LoggingAspect - ==> SERVICE METHOD CALLED: com.warehouse.product.service.ProductService.getAllProducts()
2026-05-10 12:22:46 [http-nio-8082-exec-5] INFO  c.w.product.aspect.LoggingAspect - ==> METHOD: getAllProducts() COMPLETED IN: 9 ms
2026-05-10 12:22:46 [http-nio-8082-exec-9] INFO  c.w.product.aspect.LoggingAspect - ==> API REQUEST: com.warehouse.product.controller.NotificationController.getNotifications()
2026-05-10 12:22:46 [http-nio-8082-exec-9] INFO  c.w.product.aspect.LoggingAspect - ==> SERVICE METHOD CALLED: com.warehouse.product.service.ProductService.getAllProducts()
2026-05-10 12:22:46 [http-nio-8082-exec-9] INFO  c.w.product.aspect.LoggingAspect - ==> METHOD: getAllProducts() COMPLETED IN: 4 ms
2026-05-10 12:22:48 [http-nio-8082-exec-4] INFO  c.w.product.aspect.LoggingAspect - ==> API REQUEST: com.warehouse.product.controller.NotificationController.getNotifications()
2026-05-10 12:22:48 [http-nio-8082-exec-4] INFO  c.w.product.aspect.LoggingAspect - ==> SERVICE METHOD CALLED: com.warehouse.product.service.ProductService.getAllProducts()
2026-05-10 12:22:48 [http-nio-8082-exec-4] INFO  c.w.product.aspect.LoggingAspect - ==> METHOD: getAllProducts() COMPLETED IN: 12 ms
2026-05-10 12:22:49 [http-nio-8082-exec-7] INFO  c.w.product.aspect.LoggingAspect - ==> API REQUEST: com.warehouse.product.controller.NotificationController.getNotifications()
2026-05-10 12:22:49 [http-nio-8082-exec-7] INFO  c.w.product.aspect.LoggingAspect - ==> SERVICE METHOD CALLED: com.warehouse.product.service.ProductService.getAllProducts()
2026-05-10 12:22:49 [http-nio-8082-exec-7] INFO  c.w.product.aspect.LoggingAspect - ==> METHOD: getAllProducts() COMPLETED IN: 10 ms
2026-05-10 12:22:50 [http-nio-8082-exec-10] INFO  c.w.product.aspect.LoggingAspect - ==> API REQUEST: com.warehouse.product.controller.NotificationController.getNotifications()
2026-05-10 12:22:50 [http-nio-8082-exec-10] INFO  c.w.product.aspect.LoggingAspect - ==> SERVICE METHOD CALLED: com.warehouse.product.service.ProductService.getAllProducts()
2026-05-10 12:22:50 [http-nio-8082-exec-10] INFO  c.w.product.aspect.LoggingAspect - ==> METHOD: getAllProducts() COMPLETED IN: 10 ms
2026-05-10 12:22:52 [http-nio-8082-exec-1] INFO  c.w.product.aspect.LoggingAspect - ==> API REQUEST: com.warehouse.product.controller.NotificationController.getNotifications()
2026-05-10 12:22:52 [http-nio-8082-exec-1] INFO  c.w.product.aspect.LoggingAspect - ==> SERVICE METHOD CALLED: com.warehouse.product.service.ProductService.getAllProducts()
2026-05-10 12:22:52 [http-nio-8082-exec-1] INFO  c.w.product.aspect.LoggingAspect - ==> METHOD: getAllProducts() COMPLETED IN: 6 ms
2026-05-10 12:22:53 [http-nio-8082-exec-2] INFO  c.w.product.aspect.LoggingAspect - ==> API REQUEST: com.warehouse.product.controller.NotificationController.getNotifications()
2026-05-10 12:22:53 [http-nio-8082-exec-2] INFO  c.w.product.aspect.LoggingAspect - ==> SERVICE METHOD CALLED: com.warehouse.product.service.ProductService.getAllProducts()
2026-05-10 12:22:53 [http-nio-8082-exec-2] INFO  c.w.product.aspect.LoggingAspect - ==> METHOD: getAllProducts() COMPLETED IN: 9 ms
2026-05-10 12:22:55 [http-nio-8082-exec-8] INFO  c.w.product.aspect.LoggingAspect - ==> API REQUEST: com.warehouse.product.controller.NotificationController.getNotifications()
2026-05-10 12:22:55 [http-nio-8082-exec-8] INFO  c.w.product.aspect.LoggingAspect - ==> SERVICE METHOD CALLED: com.warehouse.product.service.ProductService.getAllProducts()
2026-05-10 12:22:55 [http-nio-8082-exec-8] INFO  c.w.product.aspect.LoggingAspect - ==> METHOD: getAllProducts() COMPLETED IN: 11 ms
2026-05-10 12:22:56 [http-nio-8082-exec-6] INFO  c.w.product.aspect.LoggingAspect - ==> API REQUEST: com.warehouse.product.controller.NotificationController.getNotifications()
2026-05-10 12:22:56 [http-nio-8082-exec-6] INFO  c.w.product.aspect.LoggingAspect - ==> SERVICE METHOD CALLED: com.warehouse.product.service.ProductService.getAllProducts()
2026-05-10 12:22:56 [http-nio-8082-exec-6] INFO  c.w.product.aspect.LoggingAspect - ==> METHOD: getAllProducts() COMPLETED IN: 10 ms
2026-05-10 12:22:57 [http-nio-8082-exec-3] INFO  c.w.product.aspect.LoggingAspect - ==> API REQUEST: com.warehouse.product.controller.NotificationController.getNotifications()
2026-05-10 12:22:57 [http-nio-8082-exec-3] INFO  c.w.product.aspect.LoggingAspect - ==> SERVICE METHOD CALLED: com.warehouse.product.service.ProductService.getAllProducts()
2026-05-10 12:22:57 [http-nio-8082-exec-3] INFO  c.w.product.aspect.LoggingAspect - ==> METHOD: getAllProducts() COMPLETED IN: 9 ms
2026-05-10 12:23:05 [http-nio-8082-exec-5] INFO  c.w.product.aspect.LoggingAspect - ==> API REQUEST: com.warehouse.product.controller.NotificationController.getNotifications()
2026-05-10 12:23:05 [http-nio-8082-exec-5] INFO  c.w.product.aspect.LoggingAspect - ==> SERVICE METHOD CALLED: com.warehouse.product.service.ProductService.getAllProducts()
2026-05-10 12:23:05 [http-nio-8082-exec-5] INFO  c.w.product.aspect.LoggingAspect - ==> METHOD: getAllProducts() COMPLETED IN: 14 ms
2026-05-10 12:23:06 [http-nio-8082-exec-9] INFO  c.w.product.aspect.LoggingAspect - ==> API REQUEST: com.warehouse.product.controller.NotificationController.getNotifications()
2026-05-10 12:23:06 [http-nio-8082-exec-9] INFO  c.w.product.aspect.LoggingAspect - ==> SERVICE METHOD CALLED: com.warehouse.product.service.ProductService.getAllProducts()
2026-05-10 12:23:06 [http-nio-8082-exec-9] INFO  c.w.product.aspect.LoggingAspect - ==> METHOD: getAllProducts() COMPLETED IN: 18 ms
2026-05-10 12:23:07 [http-nio-8082-exec-4] INFO  c.w.product.aspect.LoggingAspect - ==> API REQUEST: com.warehouse.product.controller.NotificationController.getNotifications()
2026-05-10 12:23:07 [http-nio-8082-exec-4] INFO  c.w.product.aspect.LoggingAspect - ==> SERVICE METHOD CALLED: com.warehouse.product.service.ProductService.getAllProducts()
2026-05-10 12:23:07 [http-nio-8082-exec-4] INFO  c.w.product.aspect.LoggingAspect - ==> METHOD: getAllProducts() COMPLETED IN: 18 ms
2026-05-10 12:23:07 [http-nio-8082-exec-7] INFO  c.w.product.aspect.LoggingAspect - ==> API REQUEST: com.warehouse.product.controller.NotificationController.getNotifications()
2026-05-10 12:23:07 [http-nio-8082-exec-7] INFO  c.w.product.aspect.LoggingAspect - ==> SERVICE METHOD CALLED: com.warehouse.product.service.ProductService.getAllProducts()
2026-05-10 12:23:07 [http-nio-8082-exec-7] INFO  c.w.product.aspect.LoggingAspect - ==> METHOD: getAllProducts() COMPLETED IN: 4 ms
2026-05-10 12:23:08 [http-nio-8082-exec-10] INFO  c.w.product.aspect.LoggingAspect - ==> API REQUEST: com.warehouse.product.controller.NotificationController.getNotifications()
2026-05-10 12:23:08 [http-nio-8082-exec-10] INFO  c.w.product.aspect.LoggingAspect - ==> SERVICE METHOD CALLED: com.warehouse.product.service.ProductService.getAllProducts()
2026-05-10 12:23:08 [http-nio-8082-exec-10] INFO  c.w.product.aspect.LoggingAspect - ==> METHOD: getAllProducts() COMPLETED IN: 26 ms
2026-05-10 12:23:09 [http-nio-8082-exec-1] INFO  c.w.product.aspect.LoggingAspect - ==> API REQUEST: com.warehouse.product.controller.NotificationController.getNotifications()
2026-05-10 12:23:09 [http-nio-8082-exec-1] INFO  c.w.product.aspect.LoggingAspect - ==> SERVICE METHOD CALLED: com.warehouse.product.service.ProductService.getAllProducts()
2026-05-10 12:23:09 [http-nio-8082-exec-1] INFO  c.w.product.aspect.LoggingAspect - ==> METHOD: getAllProducts() COMPLETED IN: 4 ms
2026-05-10 12:23:09 [http-nio-8082-exec-2] INFO  c.w.product.aspect.LoggingAspect - ==> API REQUEST: com.warehouse.product.controller.NotificationController.getNotifications()
2026-05-10 12:23:09 [http-nio-8082-exec-2] INFO  c.w.product.aspect.LoggingAspect - ==> SERVICE METHOD CALLED: com.warehouse.product.service.ProductService.getAllProducts()
2026-05-10 12:23:09 [http-nio-8082-exec-2] INFO  c.w.product.aspect.LoggingAspect - ==> METHOD: getAllProducts() COMPLETED IN: 4 ms
2026-05-10 12:23:09 [http-nio-8082-exec-8] INFO  c.w.product.aspect.LoggingAspect - ==> API REQUEST: com.warehouse.product.controller.NotificationController.getNotifications()
2026-05-10 12:23:09 [http-nio-8082-exec-8] INFO  c.w.product.aspect.LoggingAspect - ==> SERVICE METHOD CALLED: com.warehouse.product.service.ProductService.getAllProducts()
2026-05-10 12:23:09 [http-nio-8082-exec-8] INFO  c.w.product.aspect.LoggingAspect - ==> METHOD: getAllProducts() COMPLETED IN: 4 ms
2026-05-10 12:23:09 [http-nio-8082-exec-6] INFO  c.w.product.aspect.LoggingAspect - ==> API REQUEST: com.warehouse.product.controller.NotificationController.getNotifications()
2026-05-10 12:23:09 [http-nio-8082-exec-6] INFO  c.w.product.aspect.LoggingAspect - ==> SERVICE METHOD CALLED: com.warehouse.product.service.ProductService.getAllProducts()
2026-05-10 12:23:09 [http-nio-8082-exec-6] INFO  c.w.product.aspect.LoggingAspect - ==> METHOD: getAllProducts() COMPLETED IN: 5 ms
2026-05-10 12:23:12 [http-nio-8082-exec-3] INFO  c.w.product.aspect.LoggingAspect - ==> API REQUEST: com.warehouse.product.controller.NotificationController.getNotifications()
2026-05-10 12:23:12 [http-nio-8082-exec-3] INFO  c.w.product.aspect.LoggingAspect - ==> SERVICE METHOD CALLED: com.warehouse.product.service.ProductService.getAllProducts()
2026-05-10 12:23:12 [http-nio-8082-exec-3] INFO  c.w.product.aspect.LoggingAspect - ==> METHOD: getAllProducts() COMPLETED IN: 10 ms
2026-05-10 12:23:12 [http-nio-8082-exec-5] INFO  c.w.product.aspect.LoggingAspect - ==> API REQUEST: com.warehouse.product.controller.NotificationController.getNotifications()
2026-05-10 12:23:12 [http-nio-8082-exec-5] INFO  c.w.product.aspect.LoggingAspect - ==> SERVICE METHOD CALLED: com.warehouse.product.service.ProductService.getAllProducts()
2026-05-10 12:23:12 [http-nio-8082-exec-5] INFO  c.w.product.aspect.LoggingAspect - ==> METHOD: getAllProducts() COMPLETED IN: 7 ms
2026-05-10 12:23:13 [http-nio-8082-exec-9] INFO  c.w.product.aspect.LoggingAspect - ==> API REQUEST: com.warehouse.product.controller.NotificationController.getNotifications()
2026-05-10 12:23:13 [http-nio-8082-exec-9] INFO  c.w.product.aspect.LoggingAspect - ==> SERVICE METHOD CALLED: com.warehouse.product.service.ProductService.getAllProducts()
2026-05-10 12:23:13 [http-nio-8082-exec-9] INFO  c.w.product.aspect.LoggingAspect - ==> METHOD: getAllProducts() COMPLETED IN: 22 ms
2026-05-10 12:23:15 [http-nio-8082-exec-4] INFO  c.w.product.aspect.LoggingAspect - ==> API REQUEST: com.warehouse.product.controller.NotificationController.getNotifications()
2026-05-10 12:23:15 [http-nio-8082-exec-4] INFO  c.w.product.aspect.LoggingAspect - ==> SERVICE METHOD CALLED: com.warehouse.product.service.ProductService.getAllProducts()
2026-05-10 12:23:15 [http-nio-8082-exec-4] INFO  c.w.product.aspect.LoggingAspect - ==> METHOD: getAllProducts() COMPLETED IN: 10 ms
2026-05-10 12:23:16 [http-nio-8082-exec-7] INFO  c.w.product.aspect.LoggingAspect - ==> API REQUEST: com.warehouse.product.controller.NotificationController.getNotifications()
2026-05-10 12:23:16 [http-nio-8082-exec-7] INFO  c.w.product.aspect.LoggingAspect - ==> SERVICE METHOD CALLED: com.warehouse.product.service.ProductService.getAllProducts()
2026-05-10 12:23:16 [http-nio-8082-exec-7] INFO  c.w.product.aspect.LoggingAspect - ==> METHOD: getAllProducts() COMPLETED IN: 10 ms
2026-05-10 12:23:16 [http-nio-8082-exec-10] INFO  c.w.product.aspect.LoggingAspect - ==> API REQUEST: com.warehouse.product.controller.NotificationController.getNotifications()
2026-05-10 12:23:16 [http-nio-8082-exec-10] INFO  c.w.product.aspect.LoggingAspect - ==> SERVICE METHOD CALLED: com.warehouse.product.service.ProductService.getAllProducts()
2026-05-10 12:23:16 [http-nio-8082-exec-10] INFO  c.w.product.aspect.LoggingAspect - ==> METHOD: getAllProducts() COMPLETED IN: 7 ms
2026-05-10 12:23:17 [http-nio-8082-exec-1] INFO  c.w.product.aspect.LoggingAspect - ==> API REQUEST: com.warehouse.product.controller.NotificationController.getNotifications()
2026-05-10 12:23:17 [http-nio-8082-exec-1] INFO  c.w.product.aspect.LoggingAspect - ==> SERVICE METHOD CALLED: com.warehouse.product.service.ProductService.getAllProducts()
2026-05-10 12:23:17 [http-nio-8082-exec-1] INFO  c.w.product.aspect.LoggingAspect - ==> METHOD: getAllProducts() COMPLETED IN: 6 ms
2026-05-10 12:23:17 [http-nio-8082-exec-2] INFO  c.w.product.aspect.LoggingAspect - ==> API REQUEST: com.warehouse.product.controller.NotificationController.getNotifications()
2026-05-10 12:23:17 [http-nio-8082-exec-2] INFO  c.w.product.aspect.LoggingAspect - ==> SERVICE METHOD CALLED: com.warehouse.product.service.ProductService.getAllProducts()
2026-05-10 12:23:17 [http-nio-8082-exec-2] INFO  c.w.product.aspect.LoggingAspect - ==> METHOD: getAllProducts() COMPLETED IN: 7 ms
2026-05-10 12:23:19 [http-nio-8082-exec-8] INFO  c.w.product.aspect.LoggingAspect - ==> API REQUEST: com.warehouse.product.controller.NotificationController.getNotifications()
2026-05-10 12:23:19 [http-nio-8082-exec-8] INFO  c.w.product.aspect.LoggingAspect - ==> SERVICE METHOD CALLED: com.warehouse.product.service.ProductService.getAllProducts()
2026-05-10 12:23:19 [http-nio-8082-exec-8] INFO  c.w.product.aspect.LoggingAspect - ==> METHOD: getAllProducts() COMPLETED IN: 22 ms
2026-05-10 12:23:19 [http-nio-8082-exec-6] INFO  c.w.product.aspect.LoggingAspect - ==> API REQUEST: com.warehouse.product.controller.NotificationController.getNotifications()
2026-05-10 12:23:19 [http-nio-8082-exec-6] INFO  c.w.product.aspect.LoggingAspect - ==> SERVICE METHOD CALLED: com.warehouse.product.service.ProductService.getAllProducts()
2026-05-10 12:23:19 [http-nio-8082-exec-6] INFO  c.w.product.aspect.LoggingAspect - ==> METHOD: getAllProducts() COMPLETED IN: 4 ms
2026-05-10 12:23:20 [http-nio-8082-exec-3] INFO  c.w.product.aspect.LoggingAspect - ==> API REQUEST: com.warehouse.product.controller.NotificationController.getNotifications()
2026-05-10 12:23:20 [http-nio-8082-exec-3] INFO  c.w.product.aspect.LoggingAspect - ==> SERVICE METHOD CALLED: com.warehouse.product.service.ProductService.getAllProducts()
2026-05-10 12:23:20 [http-nio-8082-exec-3] INFO  c.w.product.aspect.LoggingAspect - ==> METHOD: getAllProducts() COMPLETED IN: 29 ms
2026-05-10 12:23:22 [http-nio-8082-exec-5] INFO  c.w.product.aspect.LoggingAspect - ==> API REQUEST: com.warehouse.product.controller.NotificationController.getNotifications()
2026-05-10 12:23:22 [http-nio-8082-exec-5] INFO  c.w.product.aspect.LoggingAspect - ==> SERVICE METHOD CALLED: com.warehouse.product.service.ProductService.getAllProducts()
2026-05-10 12:23:22 [http-nio-8082-exec-5] INFO  c.w.product.aspect.LoggingAspect - ==> METHOD: getAllProducts() COMPLETED IN: 25 ms
2026-05-10 12:23:23 [http-nio-8082-exec-9] INFO  c.w.product.aspect.LoggingAspect - ==> API REQUEST: com.warehouse.product.controller.NotificationController.getNotifications()
2026-05-10 12:23:23 [http-nio-8082-exec-9] INFO  c.w.product.aspect.LoggingAspect - ==> SERVICE METHOD CALLED: com.warehouse.product.service.ProductService.getAllProducts()
2026-05-10 12:23:23 [http-nio-8082-exec-9] INFO  c.w.product.aspect.LoggingAspect - ==> METHOD: getAllProducts() COMPLETED IN: 8 ms
2026-05-10 12:23:25 [http-nio-8082-exec-4] INFO  c.w.product.aspect.LoggingAspect - ==> API REQUEST: com.warehouse.product.controller.NotificationController.getNotifications()
2026-05-10 12:23:25 [http-nio-8082-exec-4] INFO  c.w.product.aspect.LoggingAspect - ==> SERVICE METHOD CALLED: com.warehouse.product.service.ProductService.getAllProducts()
2026-05-10 12:23:25 [http-nio-8082-exec-4] INFO  c.w.product.aspect.LoggingAspect - ==> METHOD: getAllProducts() COMPLETED IN: 6 ms
2026-05-10 12:23:26 [http-nio-8082-exec-7] INFO  c.w.product.aspect.LoggingAspect - ==> API REQUEST: com.warehouse.product.controller.NotificationController.getNotifications()
2026-05-10 12:23:26 [http-nio-8082-exec-7] INFO  c.w.product.aspect.LoggingAspect - ==> SERVICE METHOD CALLED: com.warehouse.product.service.ProductService.getAllProducts()
2026-05-10 12:23:26 [http-nio-8082-exec-7] INFO  c.w.product.aspect.LoggingAspect - ==> METHOD: getAllProducts() COMPLETED IN: 12 ms
2026-05-10 12:23:27 [http-nio-8082-exec-10] INFO  c.w.product.aspect.LoggingAspect - ==> API REQUEST: com.warehouse.product.controller.NotificationController.getNotifications()
2026-05-10 12:23:27 [http-nio-8082-exec-10] INFO  c.w.product.aspect.LoggingAspect - ==> SERVICE METHOD CALLED: com.warehouse.product.service.ProductService.getAllProducts()
2026-05-10 12:23:27 [http-nio-8082-exec-10] INFO  c.w.product.aspect.LoggingAspect - ==> METHOD: getAllProducts() COMPLETED IN: 17 ms
2026-05-10 12:23:35 [http-nio-8082-exec-1] INFO  c.w.product.aspect.LoggingAspect - ==> API REQUEST: com.warehouse.product.controller.NotificationController.getNotifications()
2026-05-10 12:23:35 [http-nio-8082-exec-1] INFO  c.w.product.aspect.LoggingAspect - ==> SERVICE METHOD CALLED: com.warehouse.product.service.ProductService.getAllProducts()
2026-05-10 12:23:35 [http-nio-8082-exec-1] INFO  c.w.product.aspect.LoggingAspect - ==> METHOD: getAllProducts() COMPLETED IN: 11 ms
2026-05-10 12:23:36 [http-nio-8082-exec-2] INFO  c.w.product.aspect.LoggingAspect - ==> API REQUEST: com.warehouse.product.controller.NotificationController.getNotifications()
2026-05-10 12:23:36 [http-nio-8082-exec-2] INFO  c.w.product.aspect.LoggingAspect - ==> SERVICE METHOD CALLED: com.warehouse.product.service.ProductService.getAllProducts()
2026-05-10 12:23:36 [http-nio-8082-exec-2] INFO  c.w.product.aspect.LoggingAspect - ==> METHOD: getAllProducts() COMPLETED IN: 9 ms
2026-05-10 12:23:37 [http-nio-8082-exec-8] INFO  c.w.product.aspect.LoggingAspect - ==> API REQUEST: com.warehouse.product.controller.NotificationController.getNotifications()
2026-05-10 12:23:37 [http-nio-8082-exec-8] INFO  c.w.product.aspect.LoggingAspect - ==> SERVICE METHOD CALLED: com.warehouse.product.service.ProductService.getAllProducts()
2026-05-10 12:23:37 [http-nio-8082-exec-8] INFO  c.w.product.aspect.LoggingAspect - ==> METHOD: getAllProducts() COMPLETED IN: 9 ms
2026-05-10 12:23:37 [http-nio-8082-exec-6] INFO  c.w.product.aspect.LoggingAspect - ==> API REQUEST: com.warehouse.product.controller.NotificationController.getNotifications()
2026-05-10 12:23:37 [http-nio-8082-exec-6] INFO  c.w.product.aspect.LoggingAspect - ==> SERVICE METHOD CALLED: com.warehouse.product.service.ProductService.getAllProducts()
2026-05-10 12:23:37 [http-nio-8082-exec-6] INFO  c.w.product.aspect.LoggingAspect - ==> METHOD: getAllProducts() COMPLETED IN: 5 ms
2026-05-10 12:23:38 [http-nio-8082-exec-3] INFO  c.w.product.aspect.LoggingAspect - ==> API REQUEST: com.warehouse.product.controller.NotificationController.getNotifications()
2026-05-10 12:23:38 [http-nio-8082-exec-3] INFO  c.w.product.aspect.LoggingAspect - ==> SERVICE METHOD CALLED: com.warehouse.product.service.ProductService.getAllProducts()
2026-05-10 12:23:38 [http-nio-8082-exec-3] INFO  c.w.product.aspect.LoggingAspect - ==> METHOD: getAllProducts() COMPLETED IN: 9 ms
2026-05-10 12:23:39 [http-nio-8082-exec-5] INFO  c.w.product.aspect.LoggingAspect - ==> API REQUEST: com.warehouse.product.controller.NotificationController.getNotifications()
2026-05-10 12:23:39 [http-nio-8082-exec-5] INFO  c.w.product.aspect.LoggingAspect - ==> SERVICE METHOD CALLED: com.warehouse.product.service.ProductService.getAllProducts()
2026-05-10 12:23:39 [http-nio-8082-exec-5] INFO  c.w.product.aspect.LoggingAspect - ==> METHOD: getAllProducts() COMPLETED IN: 8 ms
2026-05-10 12:23:39 [http-nio-8082-exec-9] INFO  c.w.product.aspect.LoggingAspect - ==> API REQUEST: com.warehouse.product.controller.NotificationController.getNotifications()
2026-05-10 12:23:39 [http-nio-8082-exec-9] INFO  c.w.product.aspect.LoggingAspect - ==> SERVICE METHOD CALLED: com.warehouse.product.service.ProductService.getAllProducts()
2026-05-10 12:23:39 [http-nio-8082-exec-9] INFO  c.w.product.aspect.LoggingAspect - ==> METHOD: getAllProducts() COMPLETED IN: 3 ms
2026-05-10 12:23:39 [http-nio-8082-exec-4] INFO  c.w.product.aspect.LoggingAspect - ==> API REQUEST: com.warehouse.product.controller.NotificationController.getNotifications()
2026-05-10 12:23:39 [http-nio-8082-exec-4] INFO  c.w.product.aspect.LoggingAspect - ==> SERVICE METHOD CALLED: com.warehouse.product.service.ProductService.getAllProducts()
2026-05-10 12:23:39 [http-nio-8082-exec-4] INFO  c.w.product.aspect.LoggingAspect - ==> METHOD: getAllProducts() COMPLETED IN: 5 ms
2026-05-10 12:23:39 [http-nio-8082-exec-7] INFO  c.w.product.aspect.LoggingAspect - ==> API REQUEST: com.warehouse.product.controller.NotificationController.getNotifications()
2026-05-10 12:23:39 [http-nio-8082-exec-7] INFO  c.w.product.aspect.LoggingAspect - ==> SERVICE METHOD CALLED: com.warehouse.product.service.ProductService.getAllProducts()
2026-05-10 12:23:39 [http-nio-8082-exec-7] INFO  c.w.product.aspect.LoggingAspect - ==> METHOD: getAllProducts() COMPLETED IN: 5 ms
2026-05-10 12:23:42 [http-nio-8082-exec-10] INFO  c.w.product.aspect.LoggingAspect - ==> API REQUEST: com.warehouse.product.controller.NotificationController.getNotifications()
2026-05-10 12:23:42 [http-nio-8082-exec-10] INFO  c.w.product.aspect.LoggingAspect - ==> SERVICE METHOD CALLED: com.warehouse.product.service.ProductService.getAllProducts()
2026-05-10 12:23:42 [http-nio-8082-exec-10] INFO  c.w.product.aspect.LoggingAspect - ==> METHOD: getAllProducts() COMPLETED IN: 8 ms
2026-05-10 12:23:42 [http-nio-8082-exec-1] INFO  c.w.product.aspect.LoggingAspect - ==> API REQUEST: com.warehouse.product.controller.NotificationController.getNotifications()
2026-05-10 12:23:42 [http-nio-8082-exec-1] INFO  c.w.product.aspect.LoggingAspect - ==> SERVICE METHOD CALLED: com.warehouse.product.service.ProductService.getAllProducts()
2026-05-10 12:23:42 [http-nio-8082-exec-1] INFO  c.w.product.aspect.LoggingAspect - ==> METHOD: getAllProducts() COMPLETED IN: 7 ms
2026-05-10 12:23:43 [http-nio-8082-exec-2] INFO  c.w.product.aspect.LoggingAspect - ==> API REQUEST: com.warehouse.product.controller.NotificationController.getNotifications()
2026-05-10 12:23:43 [http-nio-8082-exec-2] INFO  c.w.product.aspect.LoggingAspect - ==> SERVICE METHOD CALLED: com.warehouse.product.service.ProductService.getAllProducts()
2026-05-10 12:23:43 [http-nio-8082-exec-2] INFO  c.w.product.aspect.LoggingAspect - ==> METHOD: getAllProducts() COMPLETED IN: 10 ms
2026-05-10 12:23:45 [http-nio-8082-exec-8] INFO  c.w.product.aspect.LoggingAspect - ==> API REQUEST: com.warehouse.product.controller.NotificationController.getNotifications()
2026-05-10 12:23:45 [http-nio-8082-exec-8] INFO  c.w.product.aspect.LoggingAspect - ==> SERVICE METHOD CALLED: com.warehouse.product.service.ProductService.getAllProducts()
2026-05-10 12:23:45 [http-nio-8082-exec-8] INFO  c.w.product.aspect.LoggingAspect - ==> METHOD: getAllProducts() COMPLETED IN: 13 ms
2026-05-10 12:23:46 [http-nio-8082-exec-6] INFO  c.w.product.aspect.LoggingAspect - ==> API REQUEST: com.warehouse.product.controller.NotificationController.getNotifications()
2026-05-10 12:23:46 [http-nio-8082-exec-6] INFO  c.w.product.aspect.LoggingAspect - ==> SERVICE METHOD CALLED: com.warehouse.product.service.ProductService.getAllProducts()
2026-05-10 12:23:46 [http-nio-8082-exec-6] INFO  c.w.product.aspect.LoggingAspect - ==> METHOD: getAllProducts() COMPLETED IN: 8 ms
2026-05-10 12:23:46 [http-nio-8082-exec-3] INFO  c.w.product.aspect.LoggingAspect - ==> API REQUEST: com.warehouse.product.controller.NotificationController.getNotifications()
2026-05-10 12:23:46 [http-nio-8082-exec-3] INFO  c.w.product.aspect.LoggingAspect - ==> SERVICE METHOD CALLED: com.warehouse.product.service.ProductService.getAllProducts()
2026-05-10 12:23:46 [http-nio-8082-exec-3] INFO  c.w.product.aspect.LoggingAspect - ==> METHOD: getAllProducts() COMPLETED IN: 7 ms
2026-05-10 12:23:47 [http-nio-8082-exec-5] INFO  c.w.product.aspect.LoggingAspect - ==> API REQUEST: com.warehouse.product.controller.NotificationController.getNotifications()
2026-05-10 12:23:47 [http-nio-8082-exec-5] INFO  c.w.product.aspect.LoggingAspect - ==> SERVICE METHOD CALLED: com.warehouse.product.service.ProductService.getAllProducts()
2026-05-10 12:23:47 [http-nio-8082-exec-5] INFO  c.w.product.aspect.LoggingAspect - ==> METHOD: getAllProducts() COMPLETED IN: 5 ms
2026-05-10 12:23:47 [http-nio-8082-exec-9] INFO  c.w.product.aspect.LoggingAspect - ==> API REQUEST: com.warehouse.product.controller.NotificationController.getNotifications()
2026-05-10 12:23:47 [http-nio-8082-exec-9] INFO  c.w.product.aspect.LoggingAspect - ==> SERVICE METHOD CALLED: com.warehouse.product.service.ProductService.getAllProducts()
2026-05-10 12:23:47 [http-nio-8082-exec-9] INFO  c.w.product.aspect.LoggingAspect - ==> METHOD: getAllProducts() COMPLETED IN: 5 ms
2026-05-10 12:23:49 [http-nio-8082-exec-4] INFO  c.w.product.aspect.LoggingAspect - ==> API REQUEST: com.warehouse.product.controller.NotificationController.getNotifications()
2026-05-10 12:23:49 [http-nio-8082-exec-4] INFO  c.w.product.aspect.LoggingAspect - ==> SERVICE METHOD CALLED: com.warehouse.product.service.ProductService.getAllProducts()
2026-05-10 12:23:49 [http-nio-8082-exec-4] INFO  c.w.product.aspect.LoggingAspect - ==> METHOD: getAllProducts() COMPLETED IN: 12 ms
2026-05-10 12:23:49 [http-nio-8082-exec-7] INFO  c.w.product.aspect.LoggingAspect - ==> API REQUEST: com.warehouse.product.controller.NotificationController.getNotifications()
2026-05-10 12:23:49 [http-nio-8082-exec-7] INFO  c.w.product.aspect.LoggingAspect - ==> SERVICE METHOD CALLED: com.warehouse.product.service.ProductService.getAllProducts()
2026-05-10 12:23:49 [http-nio-8082-exec-7] INFO  c.w.product.aspect.LoggingAspect - ==> METHOD: getAllProducts() COMPLETED IN: 5 ms
2026-05-10 12:23:50 [http-nio-8082-exec-10] INFO  c.w.product.aspect.LoggingAspect - ==> API REQUEST: com.warehouse.product.controller.NotificationController.getNotifications()
2026-05-10 12:23:50 [http-nio-8082-exec-10] INFO  c.w.product.aspect.LoggingAspect - ==> SERVICE METHOD CALLED: com.warehouse.product.service.ProductService.getAllProducts()
2026-05-10 12:23:50 [http-nio-8082-exec-10] INFO  c.w.product.aspect.LoggingAspect - ==> METHOD: getAllProducts() COMPLETED IN: 11 ms
2026-05-10 12:23:53 [http-nio-8082-exec-1] INFO  c.w.product.aspect.LoggingAspect - ==> API REQUEST: com.warehouse.product.controller.NotificationController.getNotifications()
2026-05-10 12:23:53 [http-nio-8082-exec-1] INFO  c.w.product.aspect.LoggingAspect - ==> SERVICE METHOD CALLED: com.warehouse.product.service.ProductService.getAllProducts()
2026-05-10 12:23:53 [http-nio-8082-exec-1] INFO  c.w.product.aspect.LoggingAspect - ==> METHOD: getAllProducts() COMPLETED IN: 12 ms
2026-05-10 12:24:16 [http-nio-8082-exec-2] INFO  c.w.product.aspect.LoggingAspect - ==> API REQUEST: com.warehouse.product.controller.NotificationController.getNotifications()
2026-05-10 12:24:16 [http-nio-8082-exec-2] INFO  c.w.product.aspect.LoggingAspect - ==> SERVICE METHOD CALLED: com.warehouse.product.service.ProductService.getAllProducts()
2026-05-10 12:24:16 [http-nio-8082-exec-2] INFO  c.w.product.aspect.LoggingAspect - ==> METHOD: getAllProducts() COMPLETED IN: 11 ms
2026-05-10 12:24:21 [http-nio-8082-exec-8] INFO  c.w.product.aspect.LoggingAspect - ==> API REQUEST: com.warehouse.product.controller.NotificationController.getNotifications()
2026-05-10 12:24:21 [http-nio-8082-exec-8] INFO  c.w.product.aspect.LoggingAspect - ==> SERVICE METHOD CALLED: com.warehouse.product.service.ProductService.getAllProducts()
2026-05-10 12:24:21 [http-nio-8082-exec-8] INFO  c.w.product.aspect.LoggingAspect - ==> METHOD: getAllProducts() COMPLETED IN: 5 ms
2026-05-10 12:24:21 [http-nio-8082-exec-6] INFO  c.w.product.aspect.LoggingAspect - ==> API REQUEST: com.warehouse.product.controller.NotificationController.getNotifications()
2026-05-10 12:24:21 [http-nio-8082-exec-6] INFO  c.w.product.aspect.LoggingAspect - ==> SERVICE METHOD CALLED: com.warehouse.product.service.ProductService.getAllProducts()
2026-05-10 12:24:21 [http-nio-8082-exec-6] INFO  c.w.product.aspect.LoggingAspect - ==> METHOD: getAllProducts() COMPLETED IN: 7 ms
2026-05-10 12:24:21 [http-nio-8082-exec-3] INFO  c.w.product.aspect.LoggingAspect - ==> API REQUEST: com.warehouse.product.controller.NotificationController.getNotifications()
2026-05-10 12:24:21 [http-nio-8082-exec-3] INFO  c.w.product.aspect.LoggingAspect - ==> SERVICE METHOD CALLED: com.warehouse.product.service.ProductService.getAllProducts()
2026-05-10 12:24:21 [http-nio-8082-exec-3] INFO  c.w.product.aspect.LoggingAspect - ==> METHOD: getAllProducts() COMPLETED IN: 33 ms
2026-05-10 12:24:21 [http-nio-8082-exec-5] INFO  c.w.product.aspect.LoggingAspect - ==> API REQUEST: com.warehouse.product.controller.NotificationController.getNotifications()
2026-05-10 12:24:21 [http-nio-8082-exec-5] INFO  c.w.product.aspect.LoggingAspect - ==> SERVICE METHOD CALLED: com.warehouse.product.service.ProductService.getAllProducts()
2026-05-10 12:24:21 [http-nio-8082-exec-5] INFO  c.w.product.aspect.LoggingAspect - ==> METHOD: getAllProducts() COMPLETED IN: 9 ms
2026-05-10 12:24:21 [http-nio-8082-exec-9] INFO  c.w.product.aspect.LoggingAspect - ==> API REQUEST: com.warehouse.product.controller.NotificationController.getNotifications()
2026-05-10 12:24:21 [http-nio-8082-exec-9] INFO  c.w.product.aspect.LoggingAspect - ==> SERVICE METHOD CALLED: com.warehouse.product.service.ProductService.getAllProducts()
2026-05-10 12:24:22 [http-nio-8082-exec-9] INFO  c.w.product.aspect.LoggingAspect - ==> METHOD: getAllProducts() COMPLETED IN: 12 ms
2026-05-10 12:24:22 [http-nio-8082-exec-4] INFO  c.w.product.aspect.LoggingAspect - ==> API REQUEST: com.warehouse.product.controller.NotificationController.getNotifications()
2026-05-10 12:24:22 [http-nio-8082-exec-4] INFO  c.w.product.aspect.LoggingAspect - ==> SERVICE METHOD CALLED: com.warehouse.product.service.ProductService.getAllProducts()
2026-05-10 12:24:22 [http-nio-8082-exec-4] INFO  c.w.product.aspect.LoggingAspect - ==> METHOD: getAllProducts() COMPLETED IN: 14 ms
2026-05-10 12:24:22 [http-nio-8082-exec-7] INFO  c.w.product.aspect.LoggingAspect - ==> API REQUEST: com.warehouse.product.controller.NotificationController.getNotifications()
2026-05-10 12:24:22 [http-nio-8082-exec-7] INFO  c.w.product.aspect.LoggingAspect - ==> SERVICE METHOD CALLED: com.warehouse.product.service.ProductService.getAllProducts()
2026-05-10 12:24:22 [http-nio-8082-exec-7] INFO  c.w.product.aspect.LoggingAspect - ==> METHOD: getAllProducts() COMPLETED IN: 21 ms
2026-05-10 12:24:22 [http-nio-8082-exec-10] INFO  c.w.product.aspect.LoggingAspect - ==> API REQUEST: com.warehouse.product.controller.NotificationController.getNotifications()
2026-05-10 12:24:22 [http-nio-8082-exec-10] INFO  c.w.product.aspect.LoggingAspect - ==> SERVICE METHOD CALLED: com.warehouse.product.service.ProductService.getAllProducts()
2026-05-10 12:24:22 [http-nio-8082-exec-10] INFO  c.w.product.aspect.LoggingAspect - ==> METHOD: getAllProducts() COMPLETED IN: 6 ms
2026-05-10 12:24:22 [http-nio-8082-exec-1] INFO  c.w.product.aspect.LoggingAspect - ==> API REQUEST: com.warehouse.product.controller.NotificationController.getNotifications()
2026-05-10 12:24:22 [http-nio-8082-exec-1] INFO  c.w.product.aspect.LoggingAspect - ==> SERVICE METHOD CALLED: com.warehouse.product.service.ProductService.getAllProducts()
2026-05-10 12:24:22 [http-nio-8082-exec-1] INFO  c.w.product.aspect.LoggingAspect - ==> METHOD: getAllProducts() COMPLETED IN: 362 ms
2026-05-10 12:24:22 [http-nio-8082-exec-2] INFO  c.w.product.aspect.LoggingAspect - ==> API REQUEST: com.warehouse.product.controller.NotificationController.getNotifications()
2026-05-10 12:24:22 [http-nio-8082-exec-2] INFO  c.w.product.aspect.LoggingAspect - ==> SERVICE METHOD CALLED: com.warehouse.product.service.ProductService.getAllProducts()
2026-05-10 12:24:22 [http-nio-8082-exec-2] INFO  c.w.product.aspect.LoggingAspect - ==> METHOD: getAllProducts() COMPLETED IN: 12 ms
2026-05-10 12:24:22 [http-nio-8082-exec-8] INFO  c.w.product.aspect.LoggingAspect - ==> API REQUEST: com.warehouse.product.controller.NotificationController.getNotifications()
2026-05-10 12:24:22 [http-nio-8082-exec-8] INFO  c.w.product.aspect.LoggingAspect - ==> SERVICE METHOD CALLED: com.warehouse.product.service.ProductService.getAllProducts()
2026-05-10 12:24:22 [http-nio-8082-exec-8] INFO  c.w.product.aspect.LoggingAspect - ==> METHOD: getAllProducts() COMPLETED IN: 8 ms
2026-05-10 12:24:22 [http-nio-8082-exec-6] INFO  c.w.product.aspect.LoggingAspect - ==> API REQUEST: com.warehouse.product.controller.NotificationController.getNotifications()
2026-05-10 12:24:22 [http-nio-8082-exec-6] INFO  c.w.product.aspect.LoggingAspect - ==> SERVICE METHOD CALLED: com.warehouse.product.service.ProductService.getAllProducts()
2026-05-10 12:24:22 [http-nio-8082-exec-6] INFO  c.w.product.aspect.LoggingAspect - ==> METHOD: getAllProducts() COMPLETED IN: 11 ms
2026-05-10 12:24:22 [http-nio-8082-exec-3] INFO  c.w.product.aspect.LoggingAspect - ==> API REQUEST: com.warehouse.product.controller.NotificationController.getNotifications()
2026-05-10 12:24:22 [http-nio-8082-exec-3] INFO  c.w.product.aspect.LoggingAspect - ==> SERVICE METHOD CALLED: com.warehouse.product.service.ProductService.getAllProducts()
2026-05-10 12:24:22 [http-nio-8082-exec-3] INFO  c.w.product.aspect.LoggingAspect - ==> METHOD: getAllProducts() COMPLETED IN: 5 ms
2026-05-10 12:24:22 [http-nio-8082-exec-5] INFO  c.w.product.aspect.LoggingAspect - ==> API REQUEST: com.warehouse.product.controller.NotificationController.getNotifications()
2026-05-10 12:24:22 [http-nio-8082-exec-5] INFO  c.w.product.aspect.LoggingAspect - ==> SERVICE METHOD CALLED: com.warehouse.product.service.ProductService.getAllProducts()
2026-05-10 12:24:22 [http-nio-8082-exec-5] INFO  c.w.product.aspect.LoggingAspect - ==> METHOD: getAllProducts() COMPLETED IN: 9 ms
2026-05-10 12:24:22 [http-nio-8082-exec-9] INFO  c.w.product.aspect.LoggingAspect - ==> API REQUEST: com.warehouse.product.controller.NotificationController.getNotifications()
2026-05-10 12:24:22 [http-nio-8082-exec-9] INFO  c.w.product.aspect.LoggingAspect - ==> SERVICE METHOD CALLED: com.warehouse.product.service.ProductService.getAllProducts()
2026-05-10 12:24:22 [http-nio-8082-exec-9] INFO  c.w.product.aspect.LoggingAspect - ==> METHOD: getAllProducts() COMPLETED IN: 11 ms
2026-05-10 12:24:22 [http-nio-8082-exec-4] INFO  c.w.product.aspect.LoggingAspect - ==> API REQUEST: com.warehouse.product.controller.NotificationController.getNotifications()
2026-05-10 12:24:22 [http-nio-8082-exec-4] INFO  c.w.product.aspect.LoggingAspect - ==> SERVICE METHOD CALLED: com.warehouse.product.service.ProductService.getAllProducts()
2026-05-10 12:24:22 [http-nio-8082-exec-4] INFO  c.w.product.aspect.LoggingAspect - ==> METHOD: getAllProducts() COMPLETED IN: 11 ms
2026-05-10 12:24:22 [http-nio-8082-exec-7] INFO  c.w.product.aspect.LoggingAspect - ==> API REQUEST: com.warehouse.product.controller.NotificationController.getNotifications()
2026-05-10 12:24:22 [http-nio-8082-exec-7] INFO  c.w.product.aspect.LoggingAspect - ==> SERVICE METHOD CALLED: com.warehouse.product.service.ProductService.getAllProducts()
2026-05-10 12:24:22 [http-nio-8082-exec-7] INFO  c.w.product.aspect.LoggingAspect - ==> METHOD: getAllProducts() COMPLETED IN: 8 ms
2026-05-10 12:24:22 [http-nio-8082-exec-10] INFO  c.w.product.aspect.LoggingAspect - ==> API REQUEST: com.warehouse.product.controller.NotificationController.getNotifications()
2026-05-10 12:24:22 [http-nio-8082-exec-10] INFO  c.w.product.aspect.LoggingAspect - ==> SERVICE METHOD CALLED: com.warehouse.product.service.ProductService.getAllProducts()
2026-05-10 12:24:22 [http-nio-8082-exec-10] INFO  c.w.product.aspect.LoggingAspect - ==> METHOD: getAllProducts() COMPLETED IN: 6 ms
2026-05-10 12:24:22 [http-nio-8082-exec-1] INFO  c.w.product.aspect.LoggingAspect - ==> API REQUEST: com.warehouse.product.controller.NotificationController.getNotifications()
2026-05-10 12:24:22 [http-nio-8082-exec-1] INFO  c.w.product.aspect.LoggingAspect - ==> SERVICE METHOD CALLED: com.warehouse.product.service.ProductService.getAllProducts()
2026-05-10 12:24:22 [http-nio-8082-exec-1] INFO  c.w.product.aspect.LoggingAspect - ==> METHOD: getAllProducts() COMPLETED IN: 8 ms
2026-05-10 12:24:22 [http-nio-8082-exec-2] INFO  c.w.product.aspect.LoggingAspect - ==> API REQUEST: com.warehouse.product.controller.NotificationController.getNotifications()
2026-05-10 12:24:22 [http-nio-8082-exec-2] INFO  c.w.product.aspect.LoggingAspect - ==> SERVICE METHOD CALLED: com.warehouse.product.service.ProductService.getAllProducts()
2026-05-10 12:24:22 [http-nio-8082-exec-2] INFO  c.w.product.aspect.LoggingAspect - ==> METHOD: getAllProducts() COMPLETED IN: 9 ms
2026-05-10 12:24:22 [http-nio-8082-exec-8] INFO  c.w.product.aspect.LoggingAspect - ==> API REQUEST: com.warehouse.product.controller.NotificationController.getNotifications()
2026-05-10 12:24:22 [http-nio-8082-exec-8] INFO  c.w.product.aspect.LoggingAspect - ==> SERVICE METHOD CALLED: com.warehouse.product.service.ProductService.getAllProducts()
2026-05-10 12:24:22 [http-nio-8082-exec-8] INFO  c.w.product.aspect.LoggingAspect - ==> METHOD: getAllProducts() COMPLETED IN: 11 ms
2026-05-10 12:24:22 [http-nio-8082-exec-6] INFO  c.w.product.aspect.LoggingAspect - ==> API REQUEST: com.warehouse.product.controller.NotificationController.getNotifications()
2026-05-10 12:24:22 [http-nio-8082-exec-6] INFO  c.w.product.aspect.LoggingAspect - ==> SERVICE METHOD CALLED: com.warehouse.product.service.ProductService.getAllProducts()
2026-05-10 12:24:22 [http-nio-8082-exec-6] INFO  c.w.product.aspect.LoggingAspect - ==> METHOD: getAllProducts() COMPLETED IN: 11 ms
2026-05-10 12:24:22 [http-nio-8082-exec-3] INFO  c.w.product.aspect.LoggingAspect - ==> API REQUEST: com.warehouse.product.controller.NotificationController.getNotifications()
2026-05-10 12:24:22 [http-nio-8082-exec-3] INFO  c.w.product.aspect.LoggingAspect - ==> SERVICE METHOD CALLED: com.warehouse.product.service.ProductService.getAllProducts()
2026-05-10 12:24:22 [http-nio-8082-exec-3] INFO  c.w.product.aspect.LoggingAspect - ==> METHOD: getAllProducts() COMPLETED IN: 10 ms
2026-05-10 12:24:22 [http-nio-8082-exec-5] INFO  c.w.product.aspect.LoggingAspect - ==> API REQUEST: com.warehouse.product.controller.NotificationController.getNotifications()
2026-05-10 12:24:22 [http-nio-8082-exec-5] INFO  c.w.product.aspect.LoggingAspect - ==> SERVICE METHOD CALLED: com.warehouse.product.service.ProductService.getAllProducts()
2026-05-10 12:24:22 [http-nio-8082-exec-5] INFO  c.w.product.aspect.LoggingAspect - ==> METHOD: getAllProducts() COMPLETED IN: 3 ms
2026-05-10 12:24:24 [http-nio-8082-exec-9] INFO  c.w.product.aspect.LoggingAspect - ==> API REQUEST: com.warehouse.product.controller.NotificationController.getNotifications()
2026-05-10 12:24:24 [http-nio-8082-exec-9] INFO  c.w.product.aspect.LoggingAspect - ==> SERVICE METHOD CALLED: com.warehouse.product.service.ProductService.getAllProducts()
2026-05-10 12:24:24 [http-nio-8082-exec-9] INFO  c.w.product.aspect.LoggingAspect - ==> METHOD: getAllProducts() COMPLETED IN: 17 ms
2026-05-10 12:24:25 [http-nio-8082-exec-4] INFO  c.w.product.aspect.LoggingAspect - ==> API REQUEST: com.warehouse.product.controller.NotificationController.getNotifications()
2026-05-10 12:24:25 [http-nio-8082-exec-4] INFO  c.w.product.aspect.LoggingAspect - ==> SERVICE METHOD CALLED: com.warehouse.product.service.ProductService.getAllProducts()
2026-05-10 12:24:25 [http-nio-8082-exec-4] INFO  c.w.product.aspect.LoggingAspect - ==> METHOD: getAllProducts() COMPLETED IN: 7 ms
2026-05-10 12:24:27 [http-nio-8082-exec-7] INFO  c.w.product.aspect.LoggingAspect - ==> API REQUEST: com.warehouse.product.controller.NotificationController.getNotifications()
2026-05-10 12:24:27 [http-nio-8082-exec-7] INFO  c.w.product.aspect.LoggingAspect - ==> SERVICE METHOD CALLED: com.warehouse.product.service.ProductService.getAllProducts()
2026-05-10 12:24:27 [http-nio-8082-exec-7] INFO  c.w.product.aspect.LoggingAspect - ==> METHOD: getAllProducts() COMPLETED IN: 7 ms
2026-05-10 12:24:34 [http-nio-8082-exec-10] INFO  c.w.product.aspect.LoggingAspect - ==> API REQUEST: com.warehouse.product.controller.NotificationController.getNotifications()
2026-05-10 12:24:34 [http-nio-8082-exec-10] INFO  c.w.product.aspect.LoggingAspect - ==> SERVICE METHOD CALLED: com.warehouse.product.service.ProductService.getAllProducts()
2026-05-10 12:24:34 [http-nio-8082-exec-10] INFO  c.w.product.aspect.LoggingAspect - ==> METHOD: getAllProducts() COMPLETED IN: 3 ms
2026-05-10 12:24:35 [http-nio-8082-exec-1] INFO  c.w.product.aspect.LoggingAspect - ==> API REQUEST: com.warehouse.product.controller.NotificationController.getNotifications()
2026-05-10 12:24:35 [http-nio-8082-exec-1] INFO  c.w.product.aspect.LoggingAspect - ==> SERVICE METHOD CALLED: com.warehouse.product.service.ProductService.getAllProducts()
2026-05-10 12:24:35 [http-nio-8082-exec-1] INFO  c.w.product.aspect.LoggingAspect - ==> METHOD: getAllProducts() COMPLETED IN: 9 ms
2026-05-10 12:24:36 [http-nio-8082-exec-2] INFO  c.w.product.aspect.LoggingAspect - ==> API REQUEST: com.warehouse.product.controller.NotificationController.getNotifications()
2026-05-10 12:24:36 [http-nio-8082-exec-2] INFO  c.w.product.aspect.LoggingAspect - ==> SERVICE METHOD CALLED: com.warehouse.product.service.ProductService.getAllProducts()
2026-05-10 12:24:36 [http-nio-8082-exec-2] INFO  c.w.product.aspect.LoggingAspect - ==> METHOD: getAllProducts() COMPLETED IN: 23 ms
2026-05-10 12:24:37 [http-nio-8082-exec-8] INFO  c.w.product.aspect.LoggingAspect - ==> API REQUEST: com.warehouse.product.controller.NotificationController.getNotifications()
2026-05-10 12:24:37 [http-nio-8082-exec-8] INFO  c.w.product.aspect.LoggingAspect - ==> SERVICE METHOD CALLED: com.warehouse.product.service.ProductService.getAllProducts()
2026-05-10 12:24:37 [http-nio-8082-exec-8] INFO  c.w.product.aspect.LoggingAspect - ==> METHOD: getAllProducts() COMPLETED IN: 10 ms
2026-05-10 12:24:37 [http-nio-8082-exec-6] INFO  c.w.product.aspect.LoggingAspect - ==> API REQUEST: com.warehouse.product.controller.NotificationController.getNotifications()
2026-05-10 12:24:37 [http-nio-8082-exec-6] INFO  c.w.product.aspect.LoggingAspect - ==> SERVICE METHOD CALLED: com.warehouse.product.service.ProductService.getAllProducts()
2026-05-10 12:24:37 [http-nio-8082-exec-6] INFO  c.w.product.aspect.LoggingAspect - ==> METHOD: getAllProducts() COMPLETED IN: 23 ms
2026-05-10 12:24:38 [http-nio-8082-exec-3] INFO  c.w.product.aspect.LoggingAspect - ==> API REQUEST: com.warehouse.product.controller.NotificationController.getNotifications()
2026-05-10 12:24:38 [http-nio-8082-exec-3] INFO  c.w.product.aspect.LoggingAspect - ==> SERVICE METHOD CALLED: com.warehouse.product.service.ProductService.getAllProducts()
2026-05-10 12:24:38 [http-nio-8082-exec-3] INFO  c.w.product.aspect.LoggingAspect - ==> METHOD: getAllProducts() COMPLETED IN: 7 ms
2026-05-10 12:24:38 [http-nio-8082-exec-5] INFO  c.w.product.aspect.LoggingAspect - ==> API REQUEST: com.warehouse.product.controller.NotificationController.getNotifications()
2026-05-10 12:24:38 [http-nio-8082-exec-5] INFO  c.w.product.aspect.LoggingAspect - ==> SERVICE METHOD CALLED: com.warehouse.product.service.ProductService.getAllProducts()
2026-05-10 12:24:38 [http-nio-8082-exec-5] INFO  c.w.product.aspect.LoggingAspect - ==> METHOD: getAllProducts() COMPLETED IN: 10 ms
2026-05-10 12:24:39 [http-nio-8082-exec-9] INFO  c.w.product.aspect.LoggingAspect - ==> API REQUEST: com.warehouse.product.controller.NotificationController.getNotifications()
2026-05-10 12:24:39 [http-nio-8082-exec-9] INFO  c.w.product.aspect.LoggingAspect - ==> SERVICE METHOD CALLED: com.warehouse.product.service.ProductService.getAllProducts()
2026-05-10 12:24:39 [http-nio-8082-exec-9] INFO  c.w.product.aspect.LoggingAspect - ==> METHOD: getAllProducts() COMPLETED IN: 7 ms
2026-05-10 12:24:39 [http-nio-8082-exec-4] INFO  c.w.product.aspect.LoggingAspect - ==> API REQUEST: com.warehouse.product.controller.NotificationController.getNotifications()
2026-05-10 12:24:39 [http-nio-8082-exec-4] INFO  c.w.product.aspect.LoggingAspect - ==> SERVICE METHOD CALLED: com.warehouse.product.service.ProductService.getAllProducts()
2026-05-10 12:24:39 [http-nio-8082-exec-4] INFO  c.w.product.aspect.LoggingAspect - ==> METHOD: getAllProducts() COMPLETED IN: 5 ms
2026-05-10 12:24:41 [http-nio-8082-exec-7] INFO  c.w.product.aspect.LoggingAspect - ==> API REQUEST: com.warehouse.product.controller.NotificationController.getNotifications()
2026-05-10 12:24:41 [http-nio-8082-exec-7] INFO  c.w.product.aspect.LoggingAspect - ==> SERVICE METHOD CALLED: com.warehouse.product.service.ProductService.getAllProducts()
2026-05-10 12:24:41 [http-nio-8082-exec-7] INFO  c.w.product.aspect.LoggingAspect - ==> METHOD: getAllProducts() COMPLETED IN: 18 ms
2026-05-10 12:24:41 [http-nio-8082-exec-10] INFO  c.w.product.aspect.LoggingAspect - ==> API REQUEST: com.warehouse.product.controller.NotificationController.getNotifications()
2026-05-10 12:24:41 [http-nio-8082-exec-10] INFO  c.w.product.aspect.LoggingAspect - ==> SERVICE METHOD CALLED: com.warehouse.product.service.ProductService.getAllProducts()
2026-05-10 12:24:41 [http-nio-8082-exec-10] INFO  c.w.product.aspect.LoggingAspect - ==> METHOD: getAllProducts() COMPLETED IN: 11 ms
2026-05-10 12:24:43 [http-nio-8082-exec-1] INFO  c.w.product.aspect.LoggingAspect - ==> API REQUEST: com.warehouse.product.controller.NotificationController.getNotifications()
2026-05-10 12:24:43 [http-nio-8082-exec-1] INFO  c.w.product.aspect.LoggingAspect - ==> SERVICE METHOD CALLED: com.warehouse.product.service.ProductService.getAllProducts()
2026-05-10 12:24:43 [http-nio-8082-exec-1] INFO  c.w.product.aspect.LoggingAspect - ==> METHOD: getAllProducts() COMPLETED IN: 7 ms
2026-05-10 12:24:44 [http-nio-8082-exec-2] INFO  c.w.product.aspect.LoggingAspect - ==> API REQUEST: com.warehouse.product.controller.NotificationController.getNotifications()
2026-05-10 12:24:44 [http-nio-8082-exec-2] INFO  c.w.product.aspect.LoggingAspect - ==> SERVICE METHOD CALLED: com.warehouse.product.service.ProductService.getAllProducts()
2026-05-10 12:24:44 [http-nio-8082-exec-2] INFO  c.w.product.aspect.LoggingAspect - ==> METHOD: getAllProducts() COMPLETED IN: 10 ms
2026-05-10 12:24:45 [http-nio-8082-exec-8] INFO  c.w.product.aspect.LoggingAspect - ==> API REQUEST: com.warehouse.product.controller.NotificationController.getNotifications()
2026-05-10 12:24:45 [http-nio-8082-exec-8] INFO  c.w.product.aspect.LoggingAspect - ==> SERVICE METHOD CALLED: com.warehouse.product.service.ProductService.getAllProducts()
2026-05-10 12:24:45 [http-nio-8082-exec-8] INFO  c.w.product.aspect.LoggingAspect - ==> METHOD: getAllProducts() COMPLETED IN: 10 ms
2026-05-10 12:24:45 [http-nio-8082-exec-6] INFO  c.w.product.aspect.LoggingAspect - ==> API REQUEST: com.warehouse.product.controller.NotificationController.getNotifications()
2026-05-10 12:24:45 [http-nio-8082-exec-6] INFO  c.w.product.aspect.LoggingAspect - ==> SERVICE METHOD CALLED: com.warehouse.product.service.ProductService.getAllProducts()
2026-05-10 12:24:45 [http-nio-8082-exec-6] INFO  c.w.product.aspect.LoggingAspect - ==> METHOD: getAllProducts() COMPLETED IN: 7 ms
2026-05-10 12:24:47 [http-nio-8082-exec-3] INFO  c.w.product.aspect.LoggingAspect - ==> API REQUEST: com.warehouse.product.controller.NotificationController.getNotifications()
2026-05-10 12:24:47 [http-nio-8082-exec-3] INFO  c.w.product.aspect.LoggingAspect - ==> SERVICE METHOD CALLED: com.warehouse.product.service.ProductService.getAllProducts()
2026-05-10 12:24:47 [http-nio-8082-exec-3] INFO  c.w.product.aspect.LoggingAspect - ==> METHOD: getAllProducts() COMPLETED IN: 4 ms
2026-05-10 12:24:47 [http-nio-8082-exec-5] INFO  c.w.product.aspect.LoggingAspect - ==> API REQUEST: com.warehouse.product.controller.NotificationController.getNotifications()
2026-05-10 12:24:47 [http-nio-8082-exec-5] INFO  c.w.product.aspect.LoggingAspect - ==> SERVICE METHOD CALLED: com.warehouse.product.service.ProductService.getAllProducts()
2026-05-10 12:24:47 [http-nio-8082-exec-5] INFO  c.w.product.aspect.LoggingAspect - ==> METHOD: getAllProducts() COMPLETED IN: 6 ms
2026-05-10 12:24:49 [http-nio-8082-exec-9] INFO  c.w.product.aspect.LoggingAspect - ==> API REQUEST: com.warehouse.product.controller.NotificationController.getNotifications()
2026-05-10 12:24:49 [http-nio-8082-exec-9] INFO  c.w.product.aspect.LoggingAspect - ==> SERVICE METHOD CALLED: com.warehouse.product.service.ProductService.getAllProducts()
2026-05-10 12:24:49 [http-nio-8082-exec-9] INFO  c.w.product.aspect.LoggingAspect - ==> METHOD: getAllProducts() COMPLETED IN: 18 ms
2026-05-10 12:24:49 [http-nio-8082-exec-4] INFO  c.w.product.aspect.LoggingAspect - ==> API REQUEST: com.warehouse.product.controller.NotificationController.getNotifications()
2026-05-10 12:24:49 [http-nio-8082-exec-4] INFO  c.w.product.aspect.LoggingAspect - ==> SERVICE METHOD CALLED: com.warehouse.product.service.ProductService.getAllProducts()
2026-05-10 12:24:49 [http-nio-8082-exec-4] INFO  c.w.product.aspect.LoggingAspect - ==> METHOD: getAllProducts() COMPLETED IN: 5 ms
2026-05-10 12:24:50 [http-nio-8082-exec-7] INFO  c.w.product.aspect.LoggingAspect - ==> API REQUEST: com.warehouse.product.controller.NotificationController.getNotifications()
2026-05-10 12:24:50 [http-nio-8082-exec-7] INFO  c.w.product.aspect.LoggingAspect - ==> SERVICE METHOD CALLED: com.warehouse.product.service.ProductService.getAllProducts()
2026-05-10 12:24:50 [http-nio-8082-exec-7] INFO  c.w.product.aspect.LoggingAspect - ==> METHOD: getAllProducts() COMPLETED IN: 20 ms
2026-05-10 12:24:52 [http-nio-8082-exec-10] INFO  c.w.product.aspect.LoggingAspect - ==> API REQUEST: com.warehouse.product.controller.NotificationController.getNotifications()
2026-05-10 12:24:52 [http-nio-8082-exec-10] INFO  c.w.product.aspect.LoggingAspect - ==> SERVICE METHOD CALLED: com.warehouse.product.service.ProductService.getAllProducts()
2026-05-10 12:24:52 [http-nio-8082-exec-10] INFO  c.w.product.aspect.LoggingAspect - ==> METHOD: getAllProducts() COMPLETED IN: 12 ms
2026-05-10 12:24:53 [http-nio-8082-exec-1] INFO  c.w.product.aspect.LoggingAspect - ==> API REQUEST: com.warehouse.product.controller.NotificationController.getNotifications()
2026-05-10 12:24:53 [http-nio-8082-exec-1] INFO  c.w.product.aspect.LoggingAspect - ==> SERVICE METHOD CALLED: com.warehouse.product.service.ProductService.getAllProducts()
2026-05-10 12:24:53 [http-nio-8082-exec-1] INFO  c.w.product.aspect.LoggingAspect - ==> METHOD: getAllProducts() COMPLETED IN: 9 ms
2026-05-10 12:24:55 [http-nio-8082-exec-2] INFO  c.w.product.aspect.LoggingAspect - ==> API REQUEST: com.warehouse.product.controller.NotificationController.getNotifications()
2026-05-10 12:24:55 [http-nio-8082-exec-2] INFO  c.w.product.aspect.LoggingAspect - ==> SERVICE METHOD CALLED: com.warehouse.product.service.ProductService.getAllProducts()
2026-05-10 12:24:55 [http-nio-8082-exec-2] INFO  c.w.product.aspect.LoggingAspect - ==> METHOD: getAllProducts() COMPLETED IN: 8 ms
2026-05-10 12:24:56 [http-nio-8082-exec-8] INFO  c.w.product.aspect.LoggingAspect - ==> API REQUEST: com.warehouse.product.controller.NotificationController.getNotifications()
2026-05-10 12:24:56 [http-nio-8082-exec-8] INFO  c.w.product.aspect.LoggingAspect - ==> SERVICE METHOD CALLED: com.warehouse.product.service.ProductService.getAllProducts()
2026-05-10 12:24:56 [http-nio-8082-exec-8] INFO  c.w.product.aspect.LoggingAspect - ==> METHOD: getAllProducts() COMPLETED IN: 3 ms
2026-05-10 12:24:57 [http-nio-8082-exec-6] INFO  c.w.product.aspect.LoggingAspect - ==> API REQUEST: com.warehouse.product.controller.NotificationController.getNotifications()
2026-05-10 12:24:57 [http-nio-8082-exec-6] INFO  c.w.product.aspect.LoggingAspect - ==> SERVICE METHOD CALLED: com.warehouse.product.service.ProductService.getAllProducts()
2026-05-10 12:24:57 [http-nio-8082-exec-6] INFO  c.w.product.aspect.LoggingAspect - ==> METHOD: getAllProducts() COMPLETED IN: 44 ms
2026-05-10 12:25:05 [http-nio-8082-exec-3] INFO  c.w.product.aspect.LoggingAspect - ==> API REQUEST: com.warehouse.product.controller.NotificationController.getNotifications()
2026-05-10 12:25:05 [http-nio-8082-exec-3] INFO  c.w.product.aspect.LoggingAspect - ==> SERVICE METHOD CALLED: com.warehouse.product.service.ProductService.getAllProducts()
2026-05-10 12:25:05 [http-nio-8082-exec-3] INFO  c.w.product.aspect.LoggingAspect - ==> METHOD: getAllProducts() COMPLETED IN: 6 ms
2026-05-10 12:25:06 [http-nio-8082-exec-5] INFO  c.w.product.aspect.LoggingAspect - ==> API REQUEST: com.warehouse.product.controller.NotificationController.getNotifications()
2026-05-10 12:25:06 [http-nio-8082-exec-5] INFO  c.w.product.aspect.LoggingAspect - ==> SERVICE METHOD CALLED: com.warehouse.product.service.ProductService.getAllProducts()
2026-05-10 12:25:06 [http-nio-8082-exec-5] INFO  c.w.product.aspect.LoggingAspect - ==> METHOD: getAllProducts() COMPLETED IN: 3 ms
2026-05-10 12:25:07 [http-nio-8082-exec-9] INFO  c.w.product.aspect.LoggingAspect - ==> API REQUEST: com.warehouse.product.controller.NotificationController.getNotifications()
2026-05-10 12:25:07 [http-nio-8082-exec-9] INFO  c.w.product.aspect.LoggingAspect - ==> SERVICE METHOD CALLED: com.warehouse.product.service.ProductService.getAllProducts()
2026-05-10 12:25:07 [http-nio-8082-exec-9] INFO  c.w.product.aspect.LoggingAspect - ==> METHOD: getAllProducts() COMPLETED IN: 8 ms
2026-05-10 12:25:07 [http-nio-8082-exec-4] INFO  c.w.product.aspect.LoggingAspect - ==> API REQUEST: com.warehouse.product.controller.NotificationController.getNotifications()
2026-05-10 12:25:07 [http-nio-8082-exec-4] INFO  c.w.product.aspect.LoggingAspect - ==> SERVICE METHOD CALLED: com.warehouse.product.service.ProductService.getAllProducts()
2026-05-10 12:25:07 [http-nio-8082-exec-4] INFO  c.w.product.aspect.LoggingAspect - ==> METHOD: getAllProducts() COMPLETED IN: 5 ms
2026-05-10 12:25:08 [http-nio-8082-exec-7] INFO  c.w.product.aspect.LoggingAspect - ==> API REQUEST: com.warehouse.product.controller.NotificationController.getNotifications()
2026-05-10 12:25:08 [http-nio-8082-exec-7] INFO  c.w.product.aspect.LoggingAspect - ==> SERVICE METHOD CALLED: com.warehouse.product.service.ProductService.getAllProducts()
2026-05-10 12:25:08 [http-nio-8082-exec-7] INFO  c.w.product.aspect.LoggingAspect - ==> METHOD: getAllProducts() COMPLETED IN: 14 ms
2026-05-10 12:25:09 [http-nio-8082-exec-10] INFO  c.w.product.aspect.LoggingAspect - ==> API REQUEST: com.warehouse.product.controller.NotificationController.getNotifications()
2026-05-10 12:25:09 [http-nio-8082-exec-10] INFO  c.w.product.aspect.LoggingAspect - ==> SERVICE METHOD CALLED: com.warehouse.product.service.ProductService.getAllProducts()
2026-05-10 12:25:09 [http-nio-8082-exec-10] INFO  c.w.product.aspect.LoggingAspect - ==> METHOD: getAllProducts() COMPLETED IN: 8 ms
2026-05-10 12:25:09 [http-nio-8082-exec-1] INFO  c.w.product.aspect.LoggingAspect - ==> API REQUEST: com.warehouse.product.controller.NotificationController.getNotifications()
2026-05-10 12:25:09 [http-nio-8082-exec-1] INFO  c.w.product.aspect.LoggingAspect - ==> SERVICE METHOD CALLED: com.warehouse.product.service.ProductService.getAllProducts()
2026-05-10 12:25:09 [http-nio-8082-exec-1] INFO  c.w.product.aspect.LoggingAspect - ==> METHOD: getAllProducts() COMPLETED IN: 5 ms
2026-05-10 12:25:09 [http-nio-8082-exec-2] INFO  c.w.product.aspect.LoggingAspect - ==> API REQUEST: com.warehouse.product.controller.NotificationController.getNotifications()
2026-05-10 12:25:09 [http-nio-8082-exec-2] INFO  c.w.product.aspect.LoggingAspect - ==> SERVICE METHOD CALLED: com.warehouse.product.service.ProductService.getAllProducts()
2026-05-10 12:25:09 [http-nio-8082-exec-2] INFO  c.w.product.aspect.LoggingAspect - ==> METHOD: getAllProducts() COMPLETED IN: 5 ms
2026-05-10 12:25:10 [http-nio-8082-exec-8] INFO  c.w.product.aspect.LoggingAspect - ==> API REQUEST: com.warehouse.product.controller.NotificationController.getNotifications()
2026-05-10 12:25:10 [http-nio-8082-exec-8] INFO  c.w.product.aspect.LoggingAspect - ==> SERVICE METHOD CALLED: com.warehouse.product.service.ProductService.getAllProducts()
2026-05-10 12:25:10 [http-nio-8082-exec-8] INFO  c.w.product.aspect.LoggingAspect - ==> METHOD: getAllProducts() COMPLETED IN: 19 ms
2026-05-10 12:25:12 [http-nio-8082-exec-6] INFO  c.w.product.aspect.LoggingAspect - ==> API REQUEST: com.warehouse.product.controller.NotificationController.getNotifications()
2026-05-10 12:25:12 [http-nio-8082-exec-6] INFO  c.w.product.aspect.LoggingAspect - ==> SERVICE METHOD CALLED: com.warehouse.product.service.ProductService.getAllProducts()
2026-05-10 12:25:12 [http-nio-8082-exec-6] INFO  c.w.product.aspect.LoggingAspect - ==> METHOD: getAllProducts() COMPLETED IN: 4 ms
2026-05-10 12:25:12 [http-nio-8082-exec-3] INFO  c.w.product.aspect.LoggingAspect - ==> API REQUEST: com.warehouse.product.controller.NotificationController.getNotifications()
2026-05-10 12:25:12 [http-nio-8082-exec-3] INFO  c.w.product.aspect.LoggingAspect - ==> SERVICE METHOD CALLED: com.warehouse.product.service.ProductService.getAllProducts()
2026-05-10 12:25:12 [http-nio-8082-exec-3] INFO  c.w.product.aspect.LoggingAspect - ==> METHOD: getAllProducts() COMPLETED IN: 5 ms
2026-05-10 12:25:13 [http-nio-8082-exec-5] INFO  c.w.product.aspect.LoggingAspect - ==> API REQUEST: com.warehouse.product.controller.NotificationController.getNotifications()
2026-05-10 12:25:13 [http-nio-8082-exec-5] INFO  c.w.product.aspect.LoggingAspect - ==> SERVICE METHOD CALLED: com.warehouse.product.service.ProductService.getAllProducts()
2026-05-10 12:25:13 [http-nio-8082-exec-5] INFO  c.w.product.aspect.LoggingAspect - ==> METHOD: getAllProducts() COMPLETED IN: 5 ms
2026-05-10 12:25:15 [http-nio-8082-exec-9] INFO  c.w.product.aspect.LoggingAspect - ==> API REQUEST: com.warehouse.product.controller.NotificationController.getNotifications()
2026-05-10 12:25:15 [http-nio-8082-exec-9] INFO  c.w.product.aspect.LoggingAspect - ==> SERVICE METHOD CALLED: com.warehouse.product.service.ProductService.getAllProducts()
2026-05-10 12:25:15 [http-nio-8082-exec-9] INFO  c.w.product.aspect.LoggingAspect - ==> METHOD: getAllProducts() COMPLETED IN: 13 ms
2026-05-10 12:25:16 [http-nio-8082-exec-4] INFO  c.w.product.aspect.LoggingAspect - ==> API REQUEST: com.warehouse.product.controller.NotificationController.getNotifications()
2026-05-10 12:25:16 [http-nio-8082-exec-4] INFO  c.w.product.aspect.LoggingAspect - ==> SERVICE METHOD CALLED: com.warehouse.product.service.ProductService.getAllProducts()
2026-05-10 12:25:16 [http-nio-8082-exec-4] INFO  c.w.product.aspect.LoggingAspect - ==> METHOD: getAllProducts() COMPLETED IN: 3 ms
2026-05-10 12:25:16 [http-nio-8082-exec-7] INFO  c.w.product.aspect.LoggingAspect - ==> API REQUEST: com.warehouse.product.controller.NotificationController.getNotifications()
2026-05-10 12:25:16 [http-nio-8082-exec-7] INFO  c.w.product.aspect.LoggingAspect - ==> SERVICE METHOD CALLED: com.warehouse.product.service.ProductService.getAllProducts()
2026-05-10 12:25:16 [http-nio-8082-exec-7] INFO  c.w.product.aspect.LoggingAspect - ==> METHOD: getAllProducts() COMPLETED IN: 8 ms
2026-05-10 12:25:17 [http-nio-8082-exec-10] INFO  c.w.product.aspect.LoggingAspect - ==> API REQUEST: com.warehouse.product.controller.NotificationController.getNotifications()
2026-05-10 12:25:17 [http-nio-8082-exec-10] INFO  c.w.product.aspect.LoggingAspect - ==> SERVICE METHOD CALLED: com.warehouse.product.service.ProductService.getAllProducts()
2026-05-10 12:25:17 [http-nio-8082-exec-10] INFO  c.w.product.aspect.LoggingAspect - ==> METHOD: getAllProducts() COMPLETED IN: 9 ms
2026-05-10 12:25:17 [http-nio-8082-exec-1] INFO  c.w.product.aspect.LoggingAspect - ==> API REQUEST: com.warehouse.product.controller.NotificationController.getNotifications()
2026-05-10 12:25:17 [http-nio-8082-exec-1] INFO  c.w.product.aspect.LoggingAspect - ==> SERVICE METHOD CALLED: com.warehouse.product.service.ProductService.getAllProducts()
2026-05-10 12:25:17 [http-nio-8082-exec-1] INFO  c.w.product.aspect.LoggingAspect - ==> METHOD: getAllProducts() COMPLETED IN: 4 ms
2026-05-10 12:25:19 [http-nio-8082-exec-2] INFO  c.w.product.aspect.LoggingAspect - ==> API REQUEST: com.warehouse.product.controller.NotificationController.getNotifications()
2026-05-10 12:25:19 [http-nio-8082-exec-2] INFO  c.w.product.aspect.LoggingAspect - ==> SERVICE METHOD CALLED: com.warehouse.product.service.ProductService.getAllProducts()
2026-05-10 12:25:19 [http-nio-8082-exec-2] INFO  c.w.product.aspect.LoggingAspect - ==> METHOD: getAllProducts() COMPLETED IN: 11 ms
2026-05-10 12:25:19 [http-nio-8082-exec-8] INFO  c.w.product.aspect.LoggingAspect - ==> API REQUEST: com.warehouse.product.controller.NotificationController.getNotifications()
2026-05-10 12:25:19 [http-nio-8082-exec-8] INFO  c.w.product.aspect.LoggingAspect - ==> SERVICE METHOD CALLED: com.warehouse.product.service.ProductService.getAllProducts()
2026-05-10 12:25:19 [http-nio-8082-exec-8] INFO  c.w.product.aspect.LoggingAspect - ==> METHOD: getAllProducts() COMPLETED IN: 8 ms
2026-05-10 12:25:20 [http-nio-8082-exec-6] INFO  c.w.product.aspect.LoggingAspect - ==> API REQUEST: com.warehouse.product.controller.NotificationController.getNotifications()
2026-05-10 12:25:20 [http-nio-8082-exec-6] INFO  c.w.product.aspect.LoggingAspect - ==> SERVICE METHOD CALLED: com.warehouse.product.service.ProductService.getAllProducts()
2026-05-10 12:25:20 [http-nio-8082-exec-6] INFO  c.w.product.aspect.LoggingAspect - ==> METHOD: getAllProducts() COMPLETED IN: 4 ms
2026-05-10 12:25:22 [http-nio-8082-exec-3] INFO  c.w.product.aspect.LoggingAspect - ==> API REQUEST: com.warehouse.product.controller.NotificationController.getNotifications()
2026-05-10 12:25:22 [http-nio-8082-exec-3] INFO  c.w.product.aspect.LoggingAspect - ==> SERVICE METHOD CALLED: com.warehouse.product.service.ProductService.getAllProducts()
2026-05-10 12:25:22 [http-nio-8082-exec-3] INFO  c.w.product.aspect.LoggingAspect - ==> METHOD: getAllProducts() COMPLETED IN: 6 ms
2026-05-10 12:25:23 [http-nio-8082-exec-5] INFO  c.w.product.aspect.LoggingAspect - ==> API REQUEST: com.warehouse.product.controller.NotificationController.getNotifications()
2026-05-10 12:25:23 [http-nio-8082-exec-5] INFO  c.w.product.aspect.LoggingAspect - ==> SERVICE METHOD CALLED: com.warehouse.product.service.ProductService.getAllProducts()
2026-05-10 12:25:23 [http-nio-8082-exec-5] INFO  c.w.product.aspect.LoggingAspect - ==> METHOD: getAllProducts() COMPLETED IN: 3 ms
2026-05-10 12:25:25 [http-nio-8082-exec-9] INFO  c.w.product.aspect.LoggingAspect - ==> API REQUEST: com.warehouse.product.controller.NotificationController.getNotifications()
2026-05-10 12:25:25 [http-nio-8082-exec-9] INFO  c.w.product.aspect.LoggingAspect - ==> SERVICE METHOD CALLED: com.warehouse.product.service.ProductService.getAllProducts()
2026-05-10 12:25:25 [http-nio-8082-exec-9] INFO  c.w.product.aspect.LoggingAspect - ==> METHOD: getAllProducts() COMPLETED IN: 9 ms
2026-05-10 12:25:26 [http-nio-8082-exec-4] INFO  c.w.product.aspect.LoggingAspect - ==> API REQUEST: com.warehouse.product.controller.NotificationController.getNotifications()
2026-05-10 12:25:26 [http-nio-8082-exec-4] INFO  c.w.product.aspect.LoggingAspect - ==> SERVICE METHOD CALLED: com.warehouse.product.service.ProductService.getAllProducts()
2026-05-10 12:25:26 [http-nio-8082-exec-4] INFO  c.w.product.aspect.LoggingAspect - ==> METHOD: getAllProducts() COMPLETED IN: 8 ms
2026-05-10 12:25:27 [http-nio-8082-exec-7] INFO  c.w.product.aspect.LoggingAspect - ==> API REQUEST: com.warehouse.product.controller.NotificationController.getNotifications()
2026-05-10 12:25:27 [http-nio-8082-exec-7] INFO  c.w.product.aspect.LoggingAspect - ==> SERVICE METHOD CALLED: com.warehouse.product.service.ProductService.getAllProducts()
2026-05-10 12:25:27 [http-nio-8082-exec-7] INFO  c.w.product.aspect.LoggingAspect - ==> METHOD: getAllProducts() COMPLETED IN: 8 ms
2026-05-10 12:25:35 [http-nio-8082-exec-10] INFO  c.w.product.aspect.LoggingAspect - ==> API REQUEST: com.warehouse.product.controller.NotificationController.getNotifications()
2026-05-10 12:25:35 [http-nio-8082-exec-10] INFO  c.w.product.aspect.LoggingAspect - ==> SERVICE METHOD CALLED: com.warehouse.product.service.ProductService.getAllProducts()
2026-05-10 12:25:35 [http-nio-8082-exec-10] INFO  c.w.product.aspect.LoggingAspect - ==> METHOD: getAllProducts() COMPLETED IN: 12 ms
2026-05-10 12:25:36 [http-nio-8082-exec-1] INFO  c.w.product.aspect.LoggingAspect - ==> API REQUEST: com.warehouse.product.controller.NotificationController.getNotifications()
2026-05-10 12:25:36 [http-nio-8082-exec-1] INFO  c.w.product.aspect.LoggingAspect - ==> SERVICE METHOD CALLED: com.warehouse.product.service.ProductService.getAllProducts()
2026-05-10 12:25:36 [http-nio-8082-exec-1] INFO  c.w.product.aspect.LoggingAspect - ==> METHOD: getAllProducts() COMPLETED IN: 8 ms
2026-05-10 12:25:37 [http-nio-8082-exec-2] INFO  c.w.product.aspect.LoggingAspect - ==> API REQUEST: com.warehouse.product.controller.NotificationController.getNotifications()
2026-05-10 12:25:37 [http-nio-8082-exec-2] INFO  c.w.product.aspect.LoggingAspect - ==> SERVICE METHOD CALLED: com.warehouse.product.service.ProductService.getAllProducts()
2026-05-10 12:25:37 [http-nio-8082-exec-2] INFO  c.w.product.aspect.LoggingAspect - ==> METHOD: getAllProducts() COMPLETED IN: 9 ms
2026-05-10 12:25:37 [http-nio-8082-exec-8] INFO  c.w.product.aspect.LoggingAspect - ==> API REQUEST: com.warehouse.product.controller.NotificationController.getNotifications()
2026-05-10 12:25:37 [http-nio-8082-exec-8] INFO  c.w.product.aspect.LoggingAspect - ==> SERVICE METHOD CALLED: com.warehouse.product.service.ProductService.getAllProducts()
2026-05-10 12:25:37 [http-nio-8082-exec-8] INFO  c.w.product.aspect.LoggingAspect - ==> METHOD: getAllProducts() COMPLETED IN: 3 ms
2026-05-10 12:25:38 [http-nio-8082-exec-6] INFO  c.w.product.aspect.LoggingAspect - ==> API REQUEST: com.warehouse.product.controller.NotificationController.getNotifications()
2026-05-10 12:25:38 [http-nio-8082-exec-6] INFO  c.w.product.aspect.LoggingAspect - ==> SERVICE METHOD CALLED: com.warehouse.product.service.ProductService.getAllProducts()
2026-05-10 12:25:38 [http-nio-8082-exec-6] INFO  c.w.product.aspect.LoggingAspect - ==> METHOD: getAllProducts() COMPLETED IN: 10 ms
2026-05-10 12:25:39 [http-nio-8082-exec-3] INFO  c.w.product.aspect.LoggingAspect - ==> API REQUEST: com.warehouse.product.controller.NotificationController.getNotifications()
2026-05-10 12:25:39 [http-nio-8082-exec-3] INFO  c.w.product.aspect.LoggingAspect - ==> SERVICE METHOD CALLED: com.warehouse.product.service.ProductService.getAllProducts()
2026-05-10 12:25:39 [http-nio-8082-exec-3] INFO  c.w.product.aspect.LoggingAspect - ==> METHOD: getAllProducts() COMPLETED IN: 11 ms
2026-05-10 12:25:39 [http-nio-8082-exec-5] INFO  c.w.product.aspect.LoggingAspect - ==> API REQUEST: com.warehouse.product.controller.NotificationController.getNotifications()
2026-05-10 12:25:39 [http-nio-8082-exec-5] INFO  c.w.product.aspect.LoggingAspect - ==> SERVICE METHOD CALLED: com.warehouse.product.service.ProductService.getAllProducts()
2026-05-10 12:25:39 [http-nio-8082-exec-5] INFO  c.w.product.aspect.LoggingAspect - ==> METHOD: getAllProducts() COMPLETED IN: 8 ms
2026-05-10 12:25:39 [http-nio-8082-exec-9] INFO  c.w.product.aspect.LoggingAspect - ==> API REQUEST: com.warehouse.product.controller.NotificationController.getNotifications()
2026-05-10 12:25:39 [http-nio-8082-exec-9] INFO  c.w.product.aspect.LoggingAspect - ==> SERVICE METHOD CALLED: com.warehouse.product.service.ProductService.getAllProducts()
2026-05-10 12:25:39 [http-nio-8082-exec-9] INFO  c.w.product.aspect.LoggingAspect - ==> METHOD: getAllProducts() COMPLETED IN: 3 ms
2026-05-10 12:25:39 [http-nio-8082-exec-4] INFO  c.w.product.aspect.LoggingAspect - ==> API REQUEST: com.warehouse.product.controller.NotificationController.getNotifications()
2026-05-10 12:25:39 [http-nio-8082-exec-4] INFO  c.w.product.aspect.LoggingAspect - ==> SERVICE METHOD CALLED: com.warehouse.product.service.ProductService.getAllProducts()
2026-05-10 12:25:39 [http-nio-8082-exec-4] INFO  c.w.product.aspect.LoggingAspect - ==> METHOD: getAllProducts() COMPLETED IN: 5 ms
2026-05-10 12:25:42 [http-nio-8082-exec-7] INFO  c.w.product.aspect.LoggingAspect - ==> API REQUEST: com.warehouse.product.controller.NotificationController.getNotifications()
2026-05-10 12:25:42 [http-nio-8082-exec-7] INFO  c.w.product.aspect.LoggingAspect - ==> SERVICE METHOD CALLED: com.warehouse.product.service.ProductService.getAllProducts()
2026-05-10 12:25:42 [http-nio-8082-exec-7] INFO  c.w.product.aspect.LoggingAspect - ==> METHOD: getAllProducts() COMPLETED IN: 13 ms
2026-05-10 12:25:42 [http-nio-8082-exec-10] INFO  c.w.product.aspect.LoggingAspect - ==> API REQUEST: com.warehouse.product.controller.NotificationController.getNotifications()
2026-05-10 12:25:42 [http-nio-8082-exec-10] INFO  c.w.product.aspect.LoggingAspect - ==> SERVICE METHOD CALLED: com.warehouse.product.service.ProductService.getAllProducts()
2026-05-10 12:25:42 [http-nio-8082-exec-10] INFO  c.w.product.aspect.LoggingAspect - ==> METHOD: getAllProducts() COMPLETED IN: 3 ms
2026-05-10 12:25:43 [http-nio-8082-exec-1] INFO  c.w.product.aspect.LoggingAspect - ==> API REQUEST: com.warehouse.product.controller.NotificationController.getNotifications()
2026-05-10 12:25:43 [http-nio-8082-exec-1] INFO  c.w.product.aspect.LoggingAspect - ==> SERVICE METHOD CALLED: com.warehouse.product.service.ProductService.getAllProducts()
2026-05-10 12:25:43 [http-nio-8082-exec-1] INFO  c.w.product.aspect.LoggingAspect - ==> METHOD: getAllProducts() COMPLETED IN: 10 ms
2026-05-10 12:25:45 [http-nio-8082-exec-2] INFO  c.w.product.aspect.LoggingAspect - ==> API REQUEST: com.warehouse.product.controller.NotificationController.getNotifications()
2026-05-10 12:25:45 [http-nio-8082-exec-2] INFO  c.w.product.aspect.LoggingAspect - ==> SERVICE METHOD CALLED: com.warehouse.product.service.ProductService.getAllProducts()
2026-05-10 12:25:45 [http-nio-8082-exec-2] INFO  c.w.product.aspect.LoggingAspect - ==> METHOD: getAllProducts() COMPLETED IN: 12 ms
2026-05-10 12:25:46 [http-nio-8082-exec-8] INFO  c.w.product.aspect.LoggingAspect - ==> API REQUEST: com.warehouse.product.controller.NotificationController.getNotifications()
2026-05-10 12:25:46 [http-nio-8082-exec-8] INFO  c.w.product.aspect.LoggingAspect - ==> SERVICE METHOD CALLED: com.warehouse.product.service.ProductService.getAllProducts()
2026-05-10 12:25:46 [http-nio-8082-exec-8] INFO  c.w.product.aspect.LoggingAspect - ==> METHOD: getAllProducts() COMPLETED IN: 14 ms
2026-05-10 12:26:45 [http-nio-8082-exec-6] INFO  c.w.product.aspect.LoggingAspect - ==> API REQUEST: com.warehouse.product.controller.NotificationController.getNotifications()
2026-05-10 12:26:45 [http-nio-8082-exec-6] INFO  c.w.product.aspect.LoggingAspect - ==> SERVICE METHOD CALLED: com.warehouse.product.service.ProductService.getAllProducts()
2026-05-10 12:26:45 [http-nio-8082-exec-6] INFO  c.w.product.aspect.LoggingAspect - ==> METHOD: getAllProducts() COMPLETED IN: 6 ms
2026-05-10 12:26:45 [http-nio-8082-exec-3] INFO  c.w.product.aspect.LoggingAspect - ==> API REQUEST: com.warehouse.product.controller.NotificationController.getNotifications()
2026-05-10 12:26:45 [http-nio-8082-exec-3] INFO  c.w.product.aspect.LoggingAspect - ==> SERVICE METHOD CALLED: com.warehouse.product.service.ProductService.getAllProducts()
2026-05-10 12:26:45 [http-nio-8082-exec-3] INFO  c.w.product.aspect.LoggingAspect - ==> METHOD: getAllProducts() COMPLETED IN: 5 ms
2026-05-10 12:26:45 [http-nio-8082-exec-5] INFO  c.w.product.aspect.LoggingAspect - ==> API REQUEST: com.warehouse.product.controller.NotificationController.getNotifications()
2026-05-10 12:26:45 [http-nio-8082-exec-5] INFO  c.w.product.aspect.LoggingAspect - ==> SERVICE METHOD CALLED: com.warehouse.product.service.ProductService.getAllProducts()
2026-05-10 12:26:45 [http-nio-8082-exec-5] INFO  c.w.product.aspect.LoggingAspect - ==> METHOD: getAllProducts() COMPLETED IN: 4 ms
2026-05-10 12:26:45 [http-nio-8082-exec-9] INFO  c.w.product.aspect.LoggingAspect - ==> API REQUEST: com.warehouse.product.controller.NotificationController.getNotifications()
2026-05-10 12:26:45 [http-nio-8082-exec-9] INFO  c.w.product.aspect.LoggingAspect - ==> SERVICE METHOD CALLED: com.warehouse.product.service.ProductService.getAllProducts()
2026-05-10 12:26:45 [http-nio-8082-exec-9] INFO  c.w.product.aspect.LoggingAspect - ==> METHOD: getAllProducts() COMPLETED IN: 5 ms
2026-05-10 12:26:45 [http-nio-8082-exec-4] INFO  c.w.product.aspect.LoggingAspect - ==> API REQUEST: com.warehouse.product.controller.NotificationController.getNotifications()
2026-05-10 12:26:45 [http-nio-8082-exec-4] INFO  c.w.product.aspect.LoggingAspect - ==> SERVICE METHOD CALLED: com.warehouse.product.service.ProductService.getAllProducts()
2026-05-10 12:26:45 [http-nio-8082-exec-4] INFO  c.w.product.aspect.LoggingAspect - ==> METHOD: getAllProducts() COMPLETED IN: 5 ms
2026-05-10 12:26:45 [http-nio-8082-exec-7] INFO  c.w.product.aspect.LoggingAspect - ==> API REQUEST: com.warehouse.product.controller.NotificationController.getNotifications()
2026-05-10 12:26:45 [http-nio-8082-exec-7] INFO  c.w.product.aspect.LoggingAspect - ==> SERVICE METHOD CALLED: com.warehouse.product.service.ProductService.getAllProducts()
2026-05-10 12:26:45 [http-nio-8082-exec-7] INFO  c.w.product.aspect.LoggingAspect - ==> METHOD: getAllProducts() COMPLETED IN: 4 ms
2026-05-10 12:26:45 [http-nio-8082-exec-10] INFO  c.w.product.aspect.LoggingAspect - ==> API REQUEST: com.warehouse.product.controller.NotificationController.getNotifications()
2026-05-10 12:26:45 [http-nio-8082-exec-10] INFO  c.w.product.aspect.LoggingAspect - ==> SERVICE METHOD CALLED: com.warehouse.product.service.ProductService.getAllProducts()
2026-05-10 12:26:45 [http-nio-8082-exec-10] INFO  c.w.product.aspect.LoggingAspect - ==> METHOD: getAllProducts() COMPLETED IN: 5 ms
2026-05-10 12:26:45 [http-nio-8082-exec-1] INFO  c.w.product.aspect.LoggingAspect - ==> API REQUEST: com.warehouse.product.controller.NotificationController.getNotifications()
2026-05-10 12:26:45 [http-nio-8082-exec-1] INFO  c.w.product.aspect.LoggingAspect - ==> SERVICE METHOD CALLED: com.warehouse.product.service.ProductService.getAllProducts()
2026-05-10 12:26:45 [http-nio-8082-exec-1] INFO  c.w.product.aspect.LoggingAspect - ==> METHOD: getAllProducts() COMPLETED IN: 6 ms
2026-05-10 12:26:45 [http-nio-8082-exec-2] INFO  c.w.product.aspect.LoggingAspect - ==> API REQUEST: com.warehouse.product.controller.NotificationController.getNotifications()
2026-05-10 12:26:45 [http-nio-8082-exec-2] INFO  c.w.product.aspect.LoggingAspect - ==> SERVICE METHOD CALLED: com.warehouse.product.service.ProductService.getAllProducts()
2026-05-10 12:26:45 [http-nio-8082-exec-2] INFO  c.w.product.aspect.LoggingAspect - ==> METHOD: getAllProducts() COMPLETED IN: 6 ms
2026-05-10 12:26:45 [http-nio-8082-exec-8] INFO  c.w.product.aspect.LoggingAspect - ==> API REQUEST: com.warehouse.product.controller.NotificationController.getNotifications()
2026-05-10 12:26:45 [http-nio-8082-exec-8] INFO  c.w.product.aspect.LoggingAspect - ==> SERVICE METHOD CALLED: com.warehouse.product.service.ProductService.getAllProducts()
2026-05-10 12:26:45 [http-nio-8082-exec-8] INFO  c.w.product.aspect.LoggingAspect - ==> METHOD: getAllProducts() COMPLETED IN: 4 ms
2026-05-10 12:26:45 [http-nio-8082-exec-6] INFO  c.w.product.aspect.LoggingAspect - ==> API REQUEST: com.warehouse.product.controller.NotificationController.getNotifications()
2026-05-10 12:26:45 [http-nio-8082-exec-6] INFO  c.w.product.aspect.LoggingAspect - ==> SERVICE METHOD CALLED: com.warehouse.product.service.ProductService.getAllProducts()
2026-05-10 12:26:45 [http-nio-8082-exec-6] INFO  c.w.product.aspect.LoggingAspect - ==> METHOD: getAllProducts() COMPLETED IN: 3 ms
2026-05-10 12:26:45 [http-nio-8082-exec-3] INFO  c.w.product.aspect.LoggingAspect - ==> API REQUEST: com.warehouse.product.controller.NotificationController.getNotifications()
2026-05-10 12:26:45 [http-nio-8082-exec-3] INFO  c.w.product.aspect.LoggingAspect - ==> SERVICE METHOD CALLED: com.warehouse.product.service.ProductService.getAllProducts()
2026-05-10 12:26:45 [http-nio-8082-exec-3] INFO  c.w.product.aspect.LoggingAspect - ==> METHOD: getAllProducts() COMPLETED IN: 5 ms
2026-05-10 12:26:45 [http-nio-8082-exec-5] INFO  c.w.product.aspect.LoggingAspect - ==> API REQUEST: com.warehouse.product.controller.NotificationController.getNotifications()
2026-05-10 12:26:45 [http-nio-8082-exec-5] INFO  c.w.product.aspect.LoggingAspect - ==> SERVICE METHOD CALLED: com.warehouse.product.service.ProductService.getAllProducts()
2026-05-10 12:26:45 [http-nio-8082-exec-5] INFO  c.w.product.aspect.LoggingAspect - ==> METHOD: getAllProducts() COMPLETED IN: 5 ms
2026-05-10 12:26:45 [http-nio-8082-exec-9] INFO  c.w.product.aspect.LoggingAspect - ==> API REQUEST: com.warehouse.product.controller.NotificationController.getNotifications()
2026-05-10 12:26:45 [http-nio-8082-exec-9] INFO  c.w.product.aspect.LoggingAspect - ==> SERVICE METHOD CALLED: com.warehouse.product.service.ProductService.getAllProducts()
2026-05-10 12:26:45 [http-nio-8082-exec-9] INFO  c.w.product.aspect.LoggingAspect - ==> METHOD: getAllProducts() COMPLETED IN: 3 ms
2026-05-10 12:26:45 [http-nio-8082-exec-4] INFO  c.w.product.aspect.LoggingAspect - ==> API REQUEST: com.warehouse.product.controller.NotificationController.getNotifications()
2026-05-10 12:26:45 [http-nio-8082-exec-4] INFO  c.w.product.aspect.LoggingAspect - ==> SERVICE METHOD CALLED: com.warehouse.product.service.ProductService.getAllProducts()
2026-05-10 12:26:45 [http-nio-8082-exec-4] INFO  c.w.product.aspect.LoggingAspect - ==> METHOD: getAllProducts() COMPLETED IN: 4 ms
2026-05-10 12:26:45 [http-nio-8082-exec-7] INFO  c.w.product.aspect.LoggingAspect - ==> API REQUEST: com.warehouse.product.controller.NotificationController.getNotifications()
2026-05-10 12:26:45 [http-nio-8082-exec-7] INFO  c.w.product.aspect.LoggingAspect - ==> SERVICE METHOD CALLED: com.warehouse.product.service.ProductService.getAllProducts()
2026-05-10 12:26:45 [http-nio-8082-exec-7] INFO  c.w.product.aspect.LoggingAspect - ==> METHOD: getAllProducts() COMPLETED IN: 6 ms
2026-05-10 12:26:45 [http-nio-8082-exec-10] INFO  c.w.product.aspect.LoggingAspect - ==> API REQUEST: com.warehouse.product.controller.NotificationController.getNotifications()
2026-05-10 12:26:45 [http-nio-8082-exec-10] INFO  c.w.product.aspect.LoggingAspect - ==> SERVICE METHOD CALLED: com.warehouse.product.service.ProductService.getAllProducts()
2026-05-10 12:26:45 [http-nio-8082-exec-10] INFO  c.w.product.aspect.LoggingAspect - ==> METHOD: getAllProducts() COMPLETED IN: 3 ms
2026-05-10 12:26:45 [http-nio-8082-exec-1] INFO  c.w.product.aspect.LoggingAspect - ==> API REQUEST: com.warehouse.product.controller.NotificationController.getNotifications()
2026-05-10 12:26:45 [http-nio-8082-exec-1] INFO  c.w.product.aspect.LoggingAspect - ==> SERVICE METHOD CALLED: com.warehouse.product.service.ProductService.getAllProducts()
2026-05-10 12:26:45 [http-nio-8082-exec-1] INFO  c.w.product.aspect.LoggingAspect - ==> METHOD: getAllProducts() COMPLETED IN: 0 ms
2026-05-10 12:26:45 [http-nio-8082-exec-2] INFO  c.w.product.aspect.LoggingAspect - ==> API REQUEST: com.warehouse.product.controller.NotificationController.getNotifications()
2026-05-10 12:26:45 [http-nio-8082-exec-2] INFO  c.w.product.aspect.LoggingAspect - ==> SERVICE METHOD CALLED: com.warehouse.product.service.ProductService.getAllProducts()
2026-05-10 12:26:45 [http-nio-8082-exec-2] INFO  c.w.product.aspect.LoggingAspect - ==> METHOD: getAllProducts() COMPLETED IN: 4 ms
2026-05-10 12:26:45 [http-nio-8082-exec-8] INFO  c.w.product.aspect.LoggingAspect - ==> API REQUEST: com.warehouse.product.controller.NotificationController.getNotifications()
2026-05-10 12:26:45 [http-nio-8082-exec-8] INFO  c.w.product.aspect.LoggingAspect - ==> SERVICE METHOD CALLED: com.warehouse.product.service.ProductService.getAllProducts()
2026-05-10 12:26:45 [http-nio-8082-exec-8] INFO  c.w.product.aspect.LoggingAspect - ==> METHOD: getAllProducts() COMPLETED IN: 5 ms
2026-05-10 12:26:45 [http-nio-8082-exec-6] INFO  c.w.product.aspect.LoggingAspect - ==> API REQUEST: com.warehouse.product.controller.NotificationController.getNotifications()
2026-05-10 12:26:45 [http-nio-8082-exec-6] INFO  c.w.product.aspect.LoggingAspect - ==> SERVICE METHOD CALLED: com.warehouse.product.service.ProductService.getAllProducts()
2026-05-10 12:26:45 [http-nio-8082-exec-6] INFO  c.w.product.aspect.LoggingAspect - ==> METHOD: getAllProducts() COMPLETED IN: 3 ms
2026-05-10 12:26:45 [http-nio-8082-exec-3] INFO  c.w.product.aspect.LoggingAspect - ==> API REQUEST: com.warehouse.product.controller.NotificationController.getNotifications()
2026-05-10 12:26:45 [http-nio-8082-exec-3] INFO  c.w.product.aspect.LoggingAspect - ==> SERVICE METHOD CALLED: com.warehouse.product.service.ProductService.getAllProducts()
2026-05-10 12:26:45 [http-nio-8082-exec-3] INFO  c.w.product.aspect.LoggingAspect - ==> METHOD: getAllProducts() COMPLETED IN: 6 ms
2026-05-10 12:26:45 [http-nio-8082-exec-5] INFO  c.w.product.aspect.LoggingAspect - ==> API REQUEST: com.warehouse.product.controller.NotificationController.getNotifications()
2026-05-10 12:26:45 [http-nio-8082-exec-5] INFO  c.w.product.aspect.LoggingAspect - ==> SERVICE METHOD CALLED: com.warehouse.product.service.ProductService.getAllProducts()
2026-05-10 12:26:45 [http-nio-8082-exec-5] INFO  c.w.product.aspect.LoggingAspect - ==> METHOD: getAllProducts() COMPLETED IN: 4 ms
2026-05-10 12:26:45 [http-nio-8082-exec-9] INFO  c.w.product.aspect.LoggingAspect - ==> API REQUEST: com.warehouse.product.controller.NotificationController.getNotifications()
2026-05-10 12:26:45 [http-nio-8082-exec-9] INFO  c.w.product.aspect.LoggingAspect - ==> SERVICE METHOD CALLED: com.warehouse.product.service.ProductService.getAllProducts()
2026-05-10 12:26:45 [http-nio-8082-exec-9] INFO  c.w.product.aspect.LoggingAspect - ==> METHOD: getAllProducts() COMPLETED IN: 5 ms
2026-05-10 12:26:45 [http-nio-8082-exec-4] INFO  c.w.product.aspect.LoggingAspect - ==> API REQUEST: com.warehouse.product.controller.NotificationController.getNotifications()
2026-05-10 12:26:45 [http-nio-8082-exec-4] INFO  c.w.product.aspect.LoggingAspect - ==> SERVICE METHOD CALLED: com.warehouse.product.service.ProductService.getAllProducts()
2026-05-10 12:26:45 [http-nio-8082-exec-4] INFO  c.w.product.aspect.LoggingAspect - ==> METHOD: getAllProducts() COMPLETED IN: 3 ms
2026-05-10 12:27:10 [http-nio-8082-exec-7] INFO  c.w.product.aspect.LoggingAspect - ==> API REQUEST: com.warehouse.product.controller.NotificationController.getNotifications()
2026-05-10 12:27:10 [http-nio-8082-exec-7] INFO  c.w.product.aspect.LoggingAspect - ==> SERVICE METHOD CALLED: com.warehouse.product.service.ProductService.getAllProducts()
2026-05-10 12:27:10 [http-nio-8082-exec-7] INFO  c.w.product.aspect.LoggingAspect - ==> METHOD: getAllProducts() COMPLETED IN: 12 ms
2026-05-10 12:27:10 [http-nio-8082-exec-10] INFO  c.w.product.aspect.LoggingAspect - ==> API REQUEST: com.warehouse.product.controller.NotificationController.getNotifications()
2026-05-10 12:27:10 [http-nio-8082-exec-10] INFO  c.w.product.aspect.LoggingAspect - ==> SERVICE METHOD CALLED: com.warehouse.product.service.ProductService.getAllProducts()
2026-05-10 12:27:10 [http-nio-8082-exec-10] INFO  c.w.product.aspect.LoggingAspect - ==> METHOD: getAllProducts() COMPLETED IN: 4 ms
2026-05-10 12:27:10 [http-nio-8082-exec-1] INFO  c.w.product.aspect.LoggingAspect - ==> API REQUEST: com.warehouse.product.controller.NotificationController.getNotifications()
2026-05-10 12:27:10 [http-nio-8082-exec-1] INFO  c.w.product.aspect.LoggingAspect - ==> SERVICE METHOD CALLED: com.warehouse.product.service.ProductService.getAllProducts()
2026-05-10 12:27:10 [http-nio-8082-exec-1] INFO  c.w.product.aspect.LoggingAspect - ==> METHOD: getAllProducts() COMPLETED IN: 6 ms
2026-05-10 12:27:10 [http-nio-8082-exec-2] INFO  c.w.product.aspect.LoggingAspect - ==> API REQUEST: com.warehouse.product.controller.NotificationController.getNotifications()
2026-05-10 12:27:10 [http-nio-8082-exec-2] INFO  c.w.product.aspect.LoggingAspect - ==> SERVICE METHOD CALLED: com.warehouse.product.service.ProductService.getAllProducts()
2026-05-10 12:27:10 [http-nio-8082-exec-2] INFO  c.w.product.aspect.LoggingAspect - ==> METHOD: getAllProducts() COMPLETED IN: 2 ms
2026-05-10 12:27:10 [http-nio-8082-exec-8] INFO  c.w.product.aspect.LoggingAspect - ==> API REQUEST: com.warehouse.product.controller.NotificationController.getNotifications()
2026-05-10 12:27:10 [http-nio-8082-exec-8] INFO  c.w.product.aspect.LoggingAspect - ==> SERVICE METHOD CALLED: com.warehouse.product.service.ProductService.getAllProducts()
2026-05-10 12:27:10 [http-nio-8082-exec-8] INFO  c.w.product.aspect.LoggingAspect - ==> METHOD: getAllProducts() COMPLETED IN: 8 ms
2026-05-10 12:27:10 [http-nio-8082-exec-6] INFO  c.w.product.aspect.LoggingAspect - ==> API REQUEST: com.warehouse.product.controller.NotificationController.getNotifications()
2026-05-10 12:27:10 [http-nio-8082-exec-6] INFO  c.w.product.aspect.LoggingAspect - ==> SERVICE METHOD CALLED: com.warehouse.product.service.ProductService.getAllProducts()
2026-05-10 12:27:10 [http-nio-8082-exec-6] INFO  c.w.product.aspect.LoggingAspect - ==> METHOD: getAllProducts() COMPLETED IN: 14 ms
2026-05-10 12:27:10 [http-nio-8082-exec-3] INFO  c.w.product.aspect.LoggingAspect - ==> API REQUEST: com.warehouse.product.controller.NotificationController.getNotifications()
2026-05-10 12:27:10 [http-nio-8082-exec-3] INFO  c.w.product.aspect.LoggingAspect - ==> SERVICE METHOD CALLED: com.warehouse.product.service.ProductService.getAllProducts()
2026-05-10 12:27:10 [http-nio-8082-exec-3] INFO  c.w.product.aspect.LoggingAspect - ==> METHOD: getAllProducts() COMPLETED IN: 0 ms
2026-05-10 12:27:10 [http-nio-8082-exec-5] INFO  c.w.product.aspect.LoggingAspect - ==> API REQUEST: com.warehouse.product.controller.NotificationController.getNotifications()
2026-05-10 12:27:10 [http-nio-8082-exec-5] INFO  c.w.product.aspect.LoggingAspect - ==> SERVICE METHOD CALLED: com.warehouse.product.service.ProductService.getAllProducts()
2026-05-10 12:27:10 [http-nio-8082-exec-5] INFO  c.w.product.aspect.LoggingAspect - ==> METHOD: getAllProducts() COMPLETED IN: 9 ms
2026-05-10 12:27:10 [http-nio-8082-exec-9] INFO  c.w.product.aspect.LoggingAspect - ==> API REQUEST: com.warehouse.product.controller.NotificationController.getNotifications()
2026-05-10 12:27:10 [http-nio-8082-exec-9] INFO  c.w.product.aspect.LoggingAspect - ==> SERVICE METHOD CALLED: com.warehouse.product.service.ProductService.getAllProducts()
2026-05-10 12:27:10 [http-nio-8082-exec-9] INFO  c.w.product.aspect.LoggingAspect - ==> METHOD: getAllProducts() COMPLETED IN: 0 ms
2026-05-10 12:27:10 [http-nio-8082-exec-4] INFO  c.w.product.aspect.LoggingAspect - ==> API REQUEST: com.warehouse.product.controller.NotificationController.getNotifications()
2026-05-10 12:27:10 [http-nio-8082-exec-4] INFO  c.w.product.aspect.LoggingAspect - ==> SERVICE METHOD CALLED: com.warehouse.product.service.ProductService.getAllProducts()
2026-05-10 12:27:10 [http-nio-8082-exec-4] INFO  c.w.product.aspect.LoggingAspect - ==> METHOD: getAllProducts() COMPLETED IN: 2 ms
2026-05-10 12:27:10 [http-nio-8082-exec-7] INFO  c.w.product.aspect.LoggingAspect - ==> API REQUEST: com.warehouse.product.controller.NotificationController.getNotifications()
2026-05-10 12:27:10 [http-nio-8082-exec-7] INFO  c.w.product.aspect.LoggingAspect - ==> SERVICE METHOD CALLED: com.warehouse.product.service.ProductService.getAllProducts()
2026-05-10 12:27:10 [http-nio-8082-exec-7] INFO  c.w.product.aspect.LoggingAspect - ==> METHOD: getAllProducts() COMPLETED IN: 7 ms
2026-05-10 12:27:10 [http-nio-8082-exec-10] INFO  c.w.product.aspect.LoggingAspect - ==> API REQUEST: com.warehouse.product.controller.NotificationController.getNotifications()
2026-05-10 12:27:10 [http-nio-8082-exec-10] INFO  c.w.product.aspect.LoggingAspect - ==> SERVICE METHOD CALLED: com.warehouse.product.service.ProductService.getAllProducts()
2026-05-10 12:27:10 [http-nio-8082-exec-10] INFO  c.w.product.aspect.LoggingAspect - ==> METHOD: getAllProducts() COMPLETED IN: 62 ms
2026-05-10 12:27:10 [http-nio-8082-exec-10] INFO  c.w.product.aspect.LoggingAspect - ==> API REQUEST: com.warehouse.product.controller.NotificationController.getNotifications()
2026-05-10 12:27:10 [http-nio-8082-exec-10] INFO  c.w.product.aspect.LoggingAspect - ==> SERVICE METHOD CALLED: com.warehouse.product.service.ProductService.getAllProducts()
2026-05-10 12:27:10 [http-nio-8082-exec-10] INFO  c.w.product.aspect.LoggingAspect - ==> METHOD: getAllProducts() COMPLETED IN: 9 ms
2026-05-10 12:27:10 [http-nio-8082-exec-1] INFO  c.w.product.aspect.LoggingAspect - ==> API REQUEST: com.warehouse.product.controller.NotificationController.getNotifications()
2026-05-10 12:27:10 [http-nio-8082-exec-1] INFO  c.w.product.aspect.LoggingAspect - ==> SERVICE METHOD CALLED: com.warehouse.product.service.ProductService.getAllProducts()
2026-05-10 12:27:10 [http-nio-8082-exec-1] INFO  c.w.product.aspect.LoggingAspect - ==> METHOD: getAllProducts() COMPLETED IN: 6 ms
2026-05-10 12:27:10 [http-nio-8082-exec-2] INFO  c.w.product.aspect.LoggingAspect - ==> API REQUEST: com.warehouse.product.controller.NotificationController.getNotifications()
2026-05-10 12:27:10 [http-nio-8082-exec-2] INFO  c.w.product.aspect.LoggingAspect - ==> SERVICE METHOD CALLED: com.warehouse.product.service.ProductService.getAllProducts()
2026-05-10 12:27:10 [http-nio-8082-exec-2] INFO  c.w.product.aspect.LoggingAspect - ==> METHOD: getAllProducts() COMPLETED IN: 11 ms
2026-05-10 12:27:10 [http-nio-8082-exec-8] INFO  c.w.product.aspect.LoggingAspect - ==> API REQUEST: com.warehouse.product.controller.NotificationController.getNotifications()
2026-05-10 12:27:10 [http-nio-8082-exec-8] INFO  c.w.product.aspect.LoggingAspect - ==> SERVICE METHOD CALLED: com.warehouse.product.service.ProductService.getAllProducts()
2026-05-10 12:27:10 [http-nio-8082-exec-8] INFO  c.w.product.aspect.LoggingAspect - ==> METHOD: getAllProducts() COMPLETED IN: 5 ms
2026-05-10 12:27:10 [http-nio-8082-exec-6] INFO  c.w.product.aspect.LoggingAspect - ==> API REQUEST: com.warehouse.product.controller.NotificationController.getNotifications()
2026-05-10 12:27:10 [http-nio-8082-exec-6] INFO  c.w.product.aspect.LoggingAspect - ==> SERVICE METHOD CALLED: com.warehouse.product.service.ProductService.getAllProducts()
2026-05-10 12:27:10 [http-nio-8082-exec-6] INFO  c.w.product.aspect.LoggingAspect - ==> METHOD: getAllProducts() COMPLETED IN: 7 ms
2026-05-10 12:27:10 [http-nio-8082-exec-3] INFO  c.w.product.aspect.LoggingAspect - ==> API REQUEST: com.warehouse.product.controller.NotificationController.getNotifications()
2026-05-10 12:27:10 [http-nio-8082-exec-3] INFO  c.w.product.aspect.LoggingAspect - ==> SERVICE METHOD CALLED: com.warehouse.product.service.ProductService.getAllProducts()
2026-05-10 12:27:10 [http-nio-8082-exec-3] INFO  c.w.product.aspect.LoggingAspect - ==> METHOD: getAllProducts() COMPLETED IN: 10 ms
2026-05-10 12:27:10 [http-nio-8082-exec-5] INFO  c.w.product.aspect.LoggingAspect - ==> API REQUEST: com.warehouse.product.controller.NotificationController.getNotifications()
2026-05-10 12:27:10 [http-nio-8082-exec-5] INFO  c.w.product.aspect.LoggingAspect - ==> SERVICE METHOD CALLED: com.warehouse.product.service.ProductService.getAllProducts()
2026-05-10 12:27:10 [http-nio-8082-exec-5] INFO  c.w.product.aspect.LoggingAspect - ==> METHOD: getAllProducts() COMPLETED IN: 16 ms
2026-05-10 12:27:11 [http-nio-8082-exec-9] INFO  c.w.product.aspect.LoggingAspect - ==> API REQUEST: com.warehouse.product.controller.NotificationController.getNotifications()
2026-05-10 12:27:11 [http-nio-8082-exec-9] INFO  c.w.product.aspect.LoggingAspect - ==> SERVICE METHOD CALLED: com.warehouse.product.service.ProductService.getAllProducts()
2026-05-10 12:27:11 [http-nio-8082-exec-9] INFO  c.w.product.aspect.LoggingAspect - ==> METHOD: getAllProducts() COMPLETED IN: 6 ms
2026-05-10 12:27:11 [http-nio-8082-exec-4] INFO  c.w.product.aspect.LoggingAspect - ==> API REQUEST: com.warehouse.product.controller.NotificationController.getNotifications()
2026-05-10 12:27:11 [http-nio-8082-exec-4] INFO  c.w.product.aspect.LoggingAspect - ==> SERVICE METHOD CALLED: com.warehouse.product.service.ProductService.getAllProducts()
2026-05-10 12:27:11 [http-nio-8082-exec-4] INFO  c.w.product.aspect.LoggingAspect - ==> METHOD: getAllProducts() COMPLETED IN: 9 ms
2026-05-10 12:27:13 [http-nio-8082-exec-7] INFO  c.w.product.aspect.LoggingAspect - ==> API REQUEST: com.warehouse.product.controller.NotificationController.getNotifications()
2026-05-10 12:27:13 [http-nio-8082-exec-7] INFO  c.w.product.aspect.LoggingAspect - ==> SERVICE METHOD CALLED: com.warehouse.product.service.ProductService.getAllProducts()
2026-05-10 12:27:13 [http-nio-8082-exec-7] INFO  c.w.product.aspect.LoggingAspect - ==> METHOD: getAllProducts() COMPLETED IN: 8 ms
2026-05-10 12:27:15 [http-nio-8082-exec-10] INFO  c.w.product.aspect.LoggingAspect - ==> API REQUEST: com.warehouse.product.controller.NotificationController.getNotifications()
2026-05-10 12:27:15 [http-nio-8082-exec-10] INFO  c.w.product.aspect.LoggingAspect - ==> SERVICE METHOD CALLED: com.warehouse.product.service.ProductService.getAllProducts()
2026-05-10 12:27:15 [http-nio-8082-exec-10] INFO  c.w.product.aspect.LoggingAspect - ==> METHOD: getAllProducts() COMPLETED IN: 8 ms
2026-05-10 12:27:16 [http-nio-8082-exec-1] INFO  c.w.product.aspect.LoggingAspect - ==> API REQUEST: com.warehouse.product.controller.NotificationController.getNotifications()
2026-05-10 12:27:16 [http-nio-8082-exec-1] INFO  c.w.product.aspect.LoggingAspect - ==> SERVICE METHOD CALLED: com.warehouse.product.service.ProductService.getAllProducts()
2026-05-10 12:27:16 [http-nio-8082-exec-1] INFO  c.w.product.aspect.LoggingAspect - ==> METHOD: getAllProducts() COMPLETED IN: 5 ms
2026-05-10 12:27:16 [http-nio-8082-exec-2] INFO  c.w.product.aspect.LoggingAspect - ==> API REQUEST: com.warehouse.product.controller.NotificationController.getNotifications()
2026-05-10 12:27:16 [http-nio-8082-exec-2] INFO  c.w.product.aspect.LoggingAspect - ==> SERVICE METHOD CALLED: com.warehouse.product.service.ProductService.getAllProducts()
2026-05-10 12:27:16 [http-nio-8082-exec-2] INFO  c.w.product.aspect.LoggingAspect - ==> METHOD: getAllProducts() COMPLETED IN: 6 ms
2026-05-10 12:27:17 [http-nio-8082-exec-8] INFO  c.w.product.aspect.LoggingAspect - ==> API REQUEST: com.warehouse.product.controller.NotificationController.getNotifications()
2026-05-10 12:27:17 [http-nio-8082-exec-8] INFO  c.w.product.aspect.LoggingAspect - ==> SERVICE METHOD CALLED: com.warehouse.product.service.ProductService.getAllProducts()
2026-05-10 12:27:17 [http-nio-8082-exec-8] INFO  c.w.product.aspect.LoggingAspect - ==> METHOD: getAllProducts() COMPLETED IN: 4 ms
2026-05-10 12:27:17 [http-nio-8082-exec-6] INFO  c.w.product.aspect.LoggingAspect - ==> API REQUEST: com.warehouse.product.controller.NotificationController.getNotifications()
2026-05-10 12:27:17 [http-nio-8082-exec-6] INFO  c.w.product.aspect.LoggingAspect - ==> SERVICE METHOD CALLED: com.warehouse.product.service.ProductService.getAllProducts()
2026-05-10 12:27:17 [http-nio-8082-exec-6] INFO  c.w.product.aspect.LoggingAspect - ==> METHOD: getAllProducts() COMPLETED IN: 51 ms
2026-05-10 12:27:19 [http-nio-8082-exec-3] INFO  c.w.product.aspect.LoggingAspect - ==> API REQUEST: com.warehouse.product.controller.NotificationController.getNotifications()
2026-05-10 12:27:19 [http-nio-8082-exec-3] INFO  c.w.product.aspect.LoggingAspect - ==> SERVICE METHOD CALLED: com.warehouse.product.service.ProductService.getAllProducts()
2026-05-10 12:27:19 [http-nio-8082-exec-3] INFO  c.w.product.aspect.LoggingAspect - ==> METHOD: getAllProducts() COMPLETED IN: 16 ms
2026-05-10 12:27:19 [http-nio-8082-exec-5] INFO  c.w.product.aspect.LoggingAspect - ==> API REQUEST: com.warehouse.product.controller.NotificationController.getNotifications()
2026-05-10 12:27:19 [http-nio-8082-exec-5] INFO  c.w.product.aspect.LoggingAspect - ==> SERVICE METHOD CALLED: com.warehouse.product.service.ProductService.getAllProducts()
2026-05-10 12:27:19 [http-nio-8082-exec-5] INFO  c.w.product.aspect.LoggingAspect - ==> METHOD: getAllProducts() COMPLETED IN: 0 ms
2026-05-10 12:27:20 [http-nio-8082-exec-9] INFO  c.w.product.aspect.LoggingAspect - ==> API REQUEST: com.warehouse.product.controller.NotificationController.getNotifications()
2026-05-10 12:27:20 [http-nio-8082-exec-9] INFO  c.w.product.aspect.LoggingAspect - ==> SERVICE METHOD CALLED: com.warehouse.product.service.ProductService.getAllProducts()
2026-05-10 12:27:20 [http-nio-8082-exec-9] INFO  c.w.product.aspect.LoggingAspect - ==> METHOD: getAllProducts() COMPLETED IN: 10 ms
2026-05-10 12:27:21 [http-nio-8082-exec-4] INFO  c.w.product.aspect.LoggingAspect - ==> API REQUEST: com.warehouse.product.controller.NotificationController.getNotifications()
2026-05-10 12:27:21 [http-nio-8082-exec-4] INFO  c.w.product.aspect.LoggingAspect - ==> SERVICE METHOD CALLED: com.warehouse.product.service.ProductService.getAllProducts()
2026-05-10 12:27:21 [http-nio-8082-exec-4] INFO  c.w.product.aspect.LoggingAspect - ==> METHOD: getAllProducts() COMPLETED IN: 15 ms
2026-05-10 12:27:23 [http-nio-8082-exec-7] INFO  c.w.product.aspect.LoggingAspect - ==> API REQUEST: com.warehouse.product.controller.NotificationController.getNotifications()
2026-05-10 12:27:23 [http-nio-8082-exec-7] INFO  c.w.product.aspect.LoggingAspect - ==> SERVICE METHOD CALLED: com.warehouse.product.service.ProductService.getAllProducts()
2026-05-10 12:27:23 [http-nio-8082-exec-7] INFO  c.w.product.aspect.LoggingAspect - ==> METHOD: getAllProducts() COMPLETED IN: 18 ms
2026-05-10 12:27:25 [http-nio-8082-exec-10] INFO  c.w.product.aspect.LoggingAspect - ==> API REQUEST: com.warehouse.product.controller.NotificationController.getNotifications()
2026-05-10 12:27:25 [http-nio-8082-exec-10] INFO  c.w.product.aspect.LoggingAspect - ==> SERVICE METHOD CALLED: com.warehouse.product.service.ProductService.getAllProducts()
2026-05-10 12:27:25 [http-nio-8082-exec-10] INFO  c.w.product.aspect.LoggingAspect - ==> METHOD: getAllProducts() COMPLETED IN: 17 ms
2026-05-10 12:27:26 [http-nio-8082-exec-1] INFO  c.w.product.aspect.LoggingAspect - ==> API REQUEST: com.warehouse.product.controller.NotificationController.getNotifications()
2026-05-10 12:27:26 [http-nio-8082-exec-1] INFO  c.w.product.aspect.LoggingAspect - ==> SERVICE METHOD CALLED: com.warehouse.product.service.ProductService.getAllProducts()
2026-05-10 12:27:26 [http-nio-8082-exec-1] INFO  c.w.product.aspect.LoggingAspect - ==> METHOD: getAllProducts() COMPLETED IN: 18 ms
2026-05-10 12:27:27 [http-nio-8082-exec-2] INFO  c.w.product.aspect.LoggingAspect - ==> API REQUEST: com.warehouse.product.controller.NotificationController.getNotifications()
2026-05-10 12:27:27 [http-nio-8082-exec-2] INFO  c.w.product.aspect.LoggingAspect - ==> SERVICE METHOD CALLED: com.warehouse.product.service.ProductService.getAllProducts()
2026-05-10 12:27:27 [http-nio-8082-exec-2] INFO  c.w.product.aspect.LoggingAspect - ==> METHOD: getAllProducts() COMPLETED IN: 10 ms
2026-05-10 12:27:31 [http-nio-8082-exec-8] INFO  c.w.product.aspect.LoggingAspect - ==> API REQUEST: com.warehouse.product.controller.ProductController.getAllProducts()
2026-05-10 12:27:31 [http-nio-8082-exec-8] INFO  c.w.product.aspect.LoggingAspect - ==> SERVICE METHOD CALLED: com.warehouse.product.service.ProductService.getAllProducts()
2026-05-10 12:27:31 [http-nio-8082-exec-6] INFO  c.w.product.aspect.LoggingAspect - ==> API REQUEST: com.warehouse.product.controller.NotificationController.getNotifications()
2026-05-10 12:27:31 [http-nio-8082-exec-6] INFO  c.w.product.aspect.LoggingAspect - ==> SERVICE METHOD CALLED: com.warehouse.product.service.ProductService.getAllProducts()
2026-05-10 12:27:31 [http-nio-8082-exec-6] INFO  c.w.product.aspect.LoggingAspect - ==> METHOD: getAllProducts() COMPLETED IN: 5 ms
2026-05-10 12:27:31 [http-nio-8082-exec-8] INFO  c.w.product.aspect.LoggingAspect - ==> METHOD: getAllProducts() COMPLETED IN: 11 ms
2026-05-10 12:27:34 [http-nio-8082-exec-3] INFO  c.w.product.aspect.LoggingAspect - ==> API REQUEST: com.warehouse.product.controller.NotificationController.getNotifications()
2026-05-10 12:27:34 [http-nio-8082-exec-3] INFO  c.w.product.aspect.LoggingAspect - ==> SERVICE METHOD CALLED: com.warehouse.product.service.ProductService.getAllProducts()
2026-05-10 12:27:34 [http-nio-8082-exec-3] INFO  c.w.product.aspect.LoggingAspect - ==> METHOD: getAllProducts() COMPLETED IN: 5 ms
2026-05-10 12:27:35 [http-nio-8082-exec-5] INFO  c.w.product.aspect.LoggingAspect - ==> API REQUEST: com.warehouse.product.controller.NotificationController.getNotifications()
2026-05-10 12:27:35 [http-nio-8082-exec-5] INFO  c.w.product.aspect.LoggingAspect - ==> SERVICE METHOD CALLED: com.warehouse.product.service.ProductService.getAllProducts()
2026-05-10 12:27:35 [http-nio-8082-exec-5] INFO  c.w.product.aspect.LoggingAspect - ==> METHOD: getAllProducts() COMPLETED IN: 10 ms
2026-05-10 12:27:36 [http-nio-8082-exec-9] INFO  c.w.product.aspect.LoggingAspect - ==> API REQUEST: com.warehouse.product.controller.NotificationController.getNotifications()
2026-05-10 12:27:36 [http-nio-8082-exec-9] INFO  c.w.product.aspect.LoggingAspect - ==> SERVICE METHOD CALLED: com.warehouse.product.service.ProductService.getAllProducts()
2026-05-10 12:27:36 [http-nio-8082-exec-9] INFO  c.w.product.aspect.LoggingAspect - ==> METHOD: getAllProducts() COMPLETED IN: 6 ms
2026-05-10 12:27:37 [http-nio-8082-exec-4] INFO  c.w.product.aspect.LoggingAspect - ==> API REQUEST: com.warehouse.product.controller.NotificationController.getNotifications()
2026-05-10 12:27:37 [http-nio-8082-exec-4] INFO  c.w.product.aspect.LoggingAspect - ==> SERVICE METHOD CALLED: com.warehouse.product.service.ProductService.getAllProducts()
2026-05-10 12:27:37 [http-nio-8082-exec-4] INFO  c.w.product.aspect.LoggingAspect - ==> METHOD: getAllProducts() COMPLETED IN: 9 ms
2026-05-10 12:27:37 [http-nio-8082-exec-7] INFO  c.w.product.aspect.LoggingAspect - ==> API REQUEST: com.warehouse.product.controller.NotificationController.getNotifications()
2026-05-10 12:27:37 [http-nio-8082-exec-7] INFO  c.w.product.aspect.LoggingAspect - ==> SERVICE METHOD CALLED: com.warehouse.product.service.ProductService.getAllProducts()
2026-05-10 12:27:37 [http-nio-8082-exec-7] INFO  c.w.product.aspect.LoggingAspect - ==> METHOD: getAllProducts() COMPLETED IN: 8 ms
2026-05-10 12:27:38 [http-nio-8082-exec-10] INFO  c.w.product.aspect.LoggingAspect - ==> API REQUEST: com.warehouse.product.controller.NotificationController.getNotifications()
2026-05-10 12:27:38 [http-nio-8082-exec-10] INFO  c.w.product.aspect.LoggingAspect - ==> SERVICE METHOD CALLED: com.warehouse.product.service.ProductService.getAllProducts()
2026-05-10 12:27:38 [http-nio-8082-exec-10] INFO  c.w.product.aspect.LoggingAspect - ==> METHOD: getAllProducts() COMPLETED IN: 7 ms
2026-05-10 12:27:38 [http-nio-8082-exec-1] INFO  c.w.product.aspect.LoggingAspect - ==> API REQUEST: com.warehouse.product.controller.NotificationController.getNotifications()
2026-05-10 12:27:38 [http-nio-8082-exec-1] INFO  c.w.product.aspect.LoggingAspect - ==> SERVICE METHOD CALLED: com.warehouse.product.service.ProductService.getAllProducts()
2026-05-10 12:27:38 [http-nio-8082-exec-1] INFO  c.w.product.aspect.LoggingAspect - ==> METHOD: getAllProducts() COMPLETED IN: 18 ms
2026-05-10 12:27:39 [http-nio-8082-exec-2] INFO  c.w.product.aspect.LoggingAspect - ==> API REQUEST: com.warehouse.product.controller.NotificationController.getNotifications()
2026-05-10 12:27:39 [http-nio-8082-exec-2] INFO  c.w.product.aspect.LoggingAspect - ==> SERVICE METHOD CALLED: com.warehouse.product.service.ProductService.getAllProducts()
2026-05-10 12:27:39 [http-nio-8082-exec-2] INFO  c.w.product.aspect.LoggingAspect - ==> METHOD: getAllProducts() COMPLETED IN: 20 ms
2026-05-10 12:27:39 [http-nio-8082-exec-6] INFO  c.w.product.aspect.LoggingAspect - ==> API REQUEST: com.warehouse.product.controller.NotificationController.getNotifications()
2026-05-10 12:27:39 [http-nio-8082-exec-6] INFO  c.w.product.aspect.LoggingAspect - ==> SERVICE METHOD CALLED: com.warehouse.product.service.ProductService.getAllProducts()
2026-05-10 12:27:39 [http-nio-8082-exec-6] INFO  c.w.product.aspect.LoggingAspect - ==> METHOD: getAllProducts() COMPLETED IN: 4 ms
2026-05-10 12:27:41 [http-nio-8082-exec-8] INFO  c.w.product.aspect.LoggingAspect - ==> API REQUEST: com.warehouse.product.controller.NotificationController.getNotifications()
2026-05-10 12:27:41 [http-nio-8082-exec-8] INFO  c.w.product.aspect.LoggingAspect - ==> SERVICE METHOD CALLED: com.warehouse.product.service.ProductService.getAllProducts()
2026-05-10 12:27:41 [http-nio-8082-exec-8] INFO  c.w.product.aspect.LoggingAspect - ==> METHOD: getAllProducts() COMPLETED IN: 9 ms
2026-05-10 12:27:41 [http-nio-8082-exec-3] INFO  c.w.product.aspect.LoggingAspect - ==> API REQUEST: com.warehouse.product.controller.NotificationController.getNotifications()
2026-05-10 12:27:41 [http-nio-8082-exec-3] INFO  c.w.product.aspect.LoggingAspect - ==> SERVICE METHOD CALLED: com.warehouse.product.service.ProductService.getAllProducts()
2026-05-10 12:27:41 [http-nio-8082-exec-3] INFO  c.w.product.aspect.LoggingAspect - ==> METHOD: getAllProducts() COMPLETED IN: 7 ms
2026-05-10 12:27:43 [http-nio-8082-exec-5] INFO  c.w.product.aspect.LoggingAspect - ==> API REQUEST: com.warehouse.product.controller.NotificationController.getNotifications()
2026-05-10 12:27:43 [http-nio-8082-exec-5] INFO  c.w.product.aspect.LoggingAspect - ==> SERVICE METHOD CALLED: com.warehouse.product.service.ProductService.getAllProducts()
2026-05-10 12:27:43 [http-nio-8082-exec-5] INFO  c.w.product.aspect.LoggingAspect - ==> METHOD: getAllProducts() COMPLETED IN: 4 ms
2026-05-10 12:27:44 [http-nio-8082-exec-9] INFO  c.w.product.aspect.LoggingAspect - ==> API REQUEST: com.warehouse.product.controller.NotificationController.getNotifications()
2026-05-10 12:27:44 [http-nio-8082-exec-9] INFO  c.w.product.aspect.LoggingAspect - ==> SERVICE METHOD CALLED: com.warehouse.product.service.ProductService.getAllProducts()
2026-05-10 12:27:44 [http-nio-8082-exec-9] INFO  c.w.product.aspect.LoggingAspect - ==> METHOD: getAllProducts() COMPLETED IN: 9 ms
2026-05-10 12:27:45 [http-nio-8082-exec-4] INFO  c.w.product.aspect.LoggingAspect - ==> API REQUEST: com.warehouse.product.controller.NotificationController.getNotifications()
2026-05-10 12:27:45 [http-nio-8082-exec-4] INFO  c.w.product.aspect.LoggingAspect - ==> SERVICE METHOD CALLED: com.warehouse.product.service.ProductService.getAllProducts()
2026-05-10 12:27:45 [http-nio-8082-exec-4] INFO  c.w.product.aspect.LoggingAspect - ==> METHOD: getAllProducts() COMPLETED IN: 3 ms
2026-05-10 12:27:45 [http-nio-8082-exec-7] INFO  c.w.product.aspect.LoggingAspect - ==> API REQUEST: com.warehouse.product.controller.NotificationController.getNotifications()
2026-05-10 12:27:45 [http-nio-8082-exec-7] INFO  c.w.product.aspect.LoggingAspect - ==> SERVICE METHOD CALLED: com.warehouse.product.service.ProductService.getAllProducts()
2026-05-10 12:27:45 [http-nio-8082-exec-7] INFO  c.w.product.aspect.LoggingAspect - ==> METHOD: getAllProducts() COMPLETED IN: 11 ms
2026-05-10 12:27:46 [http-nio-8082-exec-10] INFO  c.w.product.aspect.LoggingAspect - ==> API REQUEST: com.warehouse.product.controller.NotificationController.getNotifications()
2026-05-10 12:27:46 [http-nio-8082-exec-10] INFO  c.w.product.aspect.LoggingAspect - ==> SERVICE METHOD CALLED: com.warehouse.product.service.ProductService.getAllProducts()
2026-05-10 12:27:46 [http-nio-8082-exec-10] INFO  c.w.product.aspect.LoggingAspect - ==> METHOD: getAllProducts() COMPLETED IN: 3 ms
2026-05-10 12:27:46 [http-nio-8082-exec-1] INFO  c.w.product.aspect.LoggingAspect - ==> API REQUEST: com.warehouse.product.controller.NotificationController.getNotifications()
2026-05-10 12:27:46 [http-nio-8082-exec-1] INFO  c.w.product.aspect.LoggingAspect - ==> SERVICE METHOD CALLED: com.warehouse.product.service.ProductService.getAllProducts()
2026-05-10 12:27:46 [http-nio-8082-exec-1] INFO  c.w.product.aspect.LoggingAspect - ==> METHOD: getAllProducts() COMPLETED IN: 5 ms
2026-05-10 12:27:48 [http-nio-8082-exec-2] INFO  c.w.product.aspect.LoggingAspect - ==> API REQUEST: com.warehouse.product.controller.NotificationController.getNotifications()
2026-05-10 12:27:48 [http-nio-8082-exec-2] INFO  c.w.product.aspect.LoggingAspect - ==> SERVICE METHOD CALLED: com.warehouse.product.service.ProductService.getAllProducts()
2026-05-10 12:27:48 [http-nio-8082-exec-2] INFO  c.w.product.aspect.LoggingAspect - ==> METHOD: getAllProducts() COMPLETED IN: 6 ms
2026-05-10 12:27:49 [http-nio-8082-exec-6] INFO  c.w.product.aspect.LoggingAspect - ==> API REQUEST: com.warehouse.product.controller.NotificationController.getNotifications()
2026-05-10 12:27:49 [http-nio-8082-exec-6] INFO  c.w.product.aspect.LoggingAspect - ==> SERVICE METHOD CALLED: com.warehouse.product.service.ProductService.getAllProducts()
2026-05-10 12:27:49 [http-nio-8082-exec-6] INFO  c.w.product.aspect.LoggingAspect - ==> METHOD: getAllProducts() COMPLETED IN: 4 ms
2026-05-10 12:27:50 [http-nio-8082-exec-8] INFO  c.w.product.aspect.LoggingAspect - ==> API REQUEST: com.warehouse.product.controller.NotificationController.getNotifications()
2026-05-10 12:27:50 [http-nio-8082-exec-8] INFO  c.w.product.aspect.LoggingAspect - ==> SERVICE METHOD CALLED: com.warehouse.product.service.ProductService.getAllProducts()
2026-05-10 12:27:50 [http-nio-8082-exec-8] INFO  c.w.product.aspect.LoggingAspect - ==> METHOD: getAllProducts() COMPLETED IN: 15 ms
2026-05-10 12:27:51 [http-nio-8082-exec-3] INFO  c.w.product.aspect.LoggingAspect - ==> API REQUEST: com.warehouse.product.controller.NotificationController.getNotifications()
2026-05-10 12:27:51 [http-nio-8082-exec-3] INFO  c.w.product.aspect.LoggingAspect - ==> SERVICE METHOD CALLED: com.warehouse.product.service.ProductService.getAllProducts()
2026-05-10 12:27:51 [http-nio-8082-exec-3] INFO  c.w.product.aspect.LoggingAspect - ==> METHOD: getAllProducts() COMPLETED IN: 7 ms
2026-05-10 12:27:52 [http-nio-8082-exec-5] INFO  c.w.product.aspect.LoggingAspect - ==> API REQUEST: com.warehouse.product.controller.NotificationController.getNotifications()
2026-05-10 12:27:52 [http-nio-8082-exec-5] INFO  c.w.product.aspect.LoggingAspect - ==> SERVICE METHOD CALLED: com.warehouse.product.service.ProductService.getAllProducts()
2026-05-10 12:27:52 [http-nio-8082-exec-5] INFO  c.w.product.aspect.LoggingAspect - ==> METHOD: getAllProducts() COMPLETED IN: 6 ms
2026-05-10 12:27:54 [http-nio-8082-exec-9] INFO  c.w.product.aspect.LoggingAspect - ==> API REQUEST: com.warehouse.product.controller.NotificationController.getNotifications()
2026-05-10 12:27:54 [http-nio-8082-exec-9] INFO  c.w.product.aspect.LoggingAspect - ==> SERVICE METHOD CALLED: com.warehouse.product.service.ProductService.getAllProducts()
2026-05-10 12:27:54 [http-nio-8082-exec-9] INFO  c.w.product.aspect.LoggingAspect - ==> METHOD: getAllProducts() COMPLETED IN: 5 ms
2026-05-10 12:27:55 [http-nio-8082-exec-4] INFO  c.w.product.aspect.LoggingAspect - ==> API REQUEST: com.warehouse.product.controller.NotificationController.getNotifications()
2026-05-10 12:27:55 [http-nio-8082-exec-4] INFO  c.w.product.aspect.LoggingAspect - ==> SERVICE METHOD CALLED: com.warehouse.product.service.ProductService.getAllProducts()
2026-05-10 12:27:55 [http-nio-8082-exec-4] INFO  c.w.product.aspect.LoggingAspect - ==> METHOD: getAllProducts() COMPLETED IN: 7 ms
2026-05-10 12:27:57 [http-nio-8082-exec-7] INFO  c.w.product.aspect.LoggingAspect - ==> API REQUEST: com.warehouse.product.controller.NotificationController.getNotifications()
2026-05-10 12:27:57 [http-nio-8082-exec-7] INFO  c.w.product.aspect.LoggingAspect - ==> SERVICE METHOD CALLED: com.warehouse.product.service.ProductService.getAllProducts()
2026-05-10 12:27:57 [http-nio-8082-exec-7] INFO  c.w.product.aspect.LoggingAspect - ==> METHOD: getAllProducts() COMPLETED IN: 7 ms
2026-05-10 12:28:01 [http-nio-8082-exec-10] INFO  c.w.product.aspect.LoggingAspect - ==> API REQUEST: com.warehouse.product.controller.NotificationController.getNotifications()
2026-05-10 12:28:01 [http-nio-8082-exec-10] INFO  c.w.product.aspect.LoggingAspect - ==> SERVICE METHOD CALLED: com.warehouse.product.service.ProductService.getAllProducts()
2026-05-10 12:28:01 [http-nio-8082-exec-10] INFO  c.w.product.aspect.LoggingAspect - ==> METHOD: getAllProducts() COMPLETED IN: 7 ms
2026-05-10 12:28:04 [http-nio-8082-exec-1] INFO  c.w.product.aspect.LoggingAspect - ==> API REQUEST: com.warehouse.product.controller.NotificationController.getNotifications()
2026-05-10 12:28:04 [http-nio-8082-exec-1] INFO  c.w.product.aspect.LoggingAspect - ==> SERVICE METHOD CALLED: com.warehouse.product.service.ProductService.getAllProducts()
2026-05-10 12:28:04 [http-nio-8082-exec-1] INFO  c.w.product.aspect.LoggingAspect - ==> METHOD: getAllProducts() COMPLETED IN: 9 ms
2026-05-10 12:28:05 [http-nio-8082-exec-2] INFO  c.w.product.aspect.LoggingAspect - ==> API REQUEST: com.warehouse.product.controller.NotificationController.getNotifications()
2026-05-10 12:28:05 [http-nio-8082-exec-2] INFO  c.w.product.aspect.LoggingAspect - ==> SERVICE METHOD CALLED: com.warehouse.product.service.ProductService.getAllProducts()
2026-05-10 12:28:05 [http-nio-8082-exec-2] INFO  c.w.product.aspect.LoggingAspect - ==> METHOD: getAllProducts() COMPLETED IN: 7 ms
2026-05-10 12:28:07 [http-nio-8082-exec-6] INFO  c.w.product.aspect.LoggingAspect - ==> API REQUEST: com.warehouse.product.controller.NotificationController.getNotifications()
2026-05-10 12:28:07 [http-nio-8082-exec-6] INFO  c.w.product.aspect.LoggingAspect - ==> SERVICE METHOD CALLED: com.warehouse.product.service.ProductService.getAllProducts()
2026-05-10 12:28:07 [http-nio-8082-exec-6] INFO  c.w.product.aspect.LoggingAspect - ==> METHOD: getAllProducts() COMPLETED IN: 3 ms
2026-05-10 12:28:07 [http-nio-8082-exec-8] INFO  c.w.product.aspect.LoggingAspect - ==> API REQUEST: com.warehouse.product.controller.NotificationController.getNotifications()
2026-05-10 12:28:07 [http-nio-8082-exec-8] INFO  c.w.product.aspect.LoggingAspect - ==> SERVICE METHOD CALLED: com.warehouse.product.service.ProductService.getAllProducts()
2026-05-10 12:28:07 [http-nio-8082-exec-8] INFO  c.w.product.aspect.LoggingAspect - ==> METHOD: getAllProducts() COMPLETED IN: 5 ms
2026-05-10 12:28:08 [http-nio-8082-exec-3] INFO  c.w.product.aspect.LoggingAspect - ==> API REQUEST: com.warehouse.product.controller.NotificationController.getNotifications()
2026-05-10 12:28:08 [http-nio-8082-exec-3] INFO  c.w.product.aspect.LoggingAspect - ==> SERVICE METHOD CALLED: com.warehouse.product.service.ProductService.getAllProducts()
2026-05-10 12:28:08 [http-nio-8082-exec-3] INFO  c.w.product.aspect.LoggingAspect - ==> METHOD: getAllProducts() COMPLETED IN: 3 ms
2026-05-10 12:28:09 [http-nio-8082-exec-5] INFO  c.w.product.aspect.LoggingAspect - ==> API REQUEST: com.warehouse.product.controller.NotificationController.getNotifications()
2026-05-10 12:28:09 [http-nio-8082-exec-5] INFO  c.w.product.aspect.LoggingAspect - ==> SERVICE METHOD CALLED: com.warehouse.product.service.ProductService.getAllProducts()
2026-05-10 12:28:09 [http-nio-8082-exec-5] INFO  c.w.product.aspect.LoggingAspect - ==> METHOD: getAllProducts() COMPLETED IN: 3 ms
2026-05-10 12:28:09 [http-nio-8082-exec-9] INFO  c.w.product.aspect.LoggingAspect - ==> API REQUEST: com.warehouse.product.controller.NotificationController.getNotifications()
2026-05-10 12:28:09 [http-nio-8082-exec-9] INFO  c.w.product.aspect.LoggingAspect - ==> SERVICE METHOD CALLED: com.warehouse.product.service.ProductService.getAllProducts()
2026-05-10 12:28:09 [http-nio-8082-exec-9] INFO  c.w.product.aspect.LoggingAspect - ==> METHOD: getAllProducts() COMPLETED IN: 2 ms
2026-05-10 12:28:09 [http-nio-8082-exec-4] INFO  c.w.product.aspect.LoggingAspect - ==> API REQUEST: com.warehouse.product.controller.NotificationController.getNotifications()
2026-05-10 12:28:09 [http-nio-8082-exec-4] INFO  c.w.product.aspect.LoggingAspect - ==> SERVICE METHOD CALLED: com.warehouse.product.service.ProductService.getAllProducts()
2026-05-10 12:28:09 [http-nio-8082-exec-4] INFO  c.w.product.aspect.LoggingAspect - ==> METHOD: getAllProducts() COMPLETED IN: 3 ms
2026-05-10 12:28:09 [http-nio-8082-exec-7] INFO  c.w.product.aspect.LoggingAspect - ==> API REQUEST: com.warehouse.product.controller.NotificationController.getNotifications()
2026-05-10 12:28:09 [http-nio-8082-exec-7] INFO  c.w.product.aspect.LoggingAspect - ==> SERVICE METHOD CALLED: com.warehouse.product.service.ProductService.getAllProducts()
2026-05-10 12:28:09 [http-nio-8082-exec-7] INFO  c.w.product.aspect.LoggingAspect - ==> METHOD: getAllProducts() COMPLETED IN: 4 ms
2026-05-10 12:28:12 [http-nio-8082-exec-10] INFO  c.w.product.aspect.LoggingAspect - ==> API REQUEST: com.warehouse.product.controller.NotificationController.getNotifications()
2026-05-10 12:28:12 [http-nio-8082-exec-10] INFO  c.w.product.aspect.LoggingAspect - ==> SERVICE METHOD CALLED: com.warehouse.product.service.ProductService.getAllProducts()
2026-05-10 12:28:12 [http-nio-8082-exec-10] INFO  c.w.product.aspect.LoggingAspect - ==> METHOD: getAllProducts() COMPLETED IN: 91 ms
2026-05-10 12:28:12 [http-nio-8082-exec-1] INFO  c.w.product.aspect.LoggingAspect - ==> API REQUEST: com.warehouse.product.controller.NotificationController.getNotifications()
2026-05-10 12:28:12 [http-nio-8082-exec-1] INFO  c.w.product.aspect.LoggingAspect - ==> SERVICE METHOD CALLED: com.warehouse.product.service.ProductService.getAllProducts()
2026-05-10 12:28:12 [http-nio-8082-exec-1] INFO  c.w.product.aspect.LoggingAspect - ==> METHOD: getAllProducts() COMPLETED IN: 10 ms
2026-05-10 12:28:13 [http-nio-8082-exec-2] INFO  c.w.product.aspect.LoggingAspect - ==> API REQUEST: com.warehouse.product.controller.NotificationController.getNotifications()
2026-05-10 12:28:13 [http-nio-8082-exec-2] INFO  c.w.product.aspect.LoggingAspect - ==> SERVICE METHOD CALLED: com.warehouse.product.service.ProductService.getAllProducts()
2026-05-10 12:28:13 [http-nio-8082-exec-2] INFO  c.w.product.aspect.LoggingAspect - ==> METHOD: getAllProducts() COMPLETED IN: 8 ms
2026-05-10 12:28:15 [http-nio-8082-exec-6] INFO  c.w.product.aspect.LoggingAspect - ==> API REQUEST: com.warehouse.product.controller.NotificationController.getNotifications()
2026-05-10 12:28:15 [http-nio-8082-exec-6] INFO  c.w.product.aspect.LoggingAspect - ==> SERVICE METHOD CALLED: com.warehouse.product.service.ProductService.getAllProducts()
2026-05-10 12:28:15 [http-nio-8082-exec-6] INFO  c.w.product.aspect.LoggingAspect - ==> METHOD: getAllProducts() COMPLETED IN: 11 ms
2026-05-10 12:28:16 [http-nio-8082-exec-8] INFO  c.w.product.aspect.LoggingAspect - ==> API REQUEST: com.warehouse.product.controller.NotificationController.getNotifications()
2026-05-10 12:28:16 [http-nio-8082-exec-8] INFO  c.w.product.aspect.LoggingAspect - ==> SERVICE METHOD CALLED: com.warehouse.product.service.ProductService.getAllProducts()
2026-05-10 12:28:16 [http-nio-8082-exec-8] INFO  c.w.product.aspect.LoggingAspect - ==> METHOD: getAllProducts() COMPLETED IN: 15 ms
2026-05-10 12:28:16 [http-nio-8082-exec-3] INFO  c.w.product.aspect.LoggingAspect - ==> API REQUEST: com.warehouse.product.controller.NotificationController.getNotifications()
2026-05-10 12:28:16 [http-nio-8082-exec-3] INFO  c.w.product.aspect.LoggingAspect - ==> SERVICE METHOD CALLED: com.warehouse.product.service.ProductService.getAllProducts()
2026-05-10 12:28:16 [http-nio-8082-exec-3] INFO  c.w.product.aspect.LoggingAspect - ==> METHOD: getAllProducts() COMPLETED IN: 7 ms
2026-05-10 12:28:17 [http-nio-8082-exec-5] INFO  c.w.product.aspect.LoggingAspect - ==> API REQUEST: com.warehouse.product.controller.NotificationController.getNotifications()
2026-05-10 12:28:17 [http-nio-8082-exec-5] INFO  c.w.product.aspect.LoggingAspect - ==> SERVICE METHOD CALLED: com.warehouse.product.service.ProductService.getAllProducts()
2026-05-10 12:28:17 [http-nio-8082-exec-5] INFO  c.w.product.aspect.LoggingAspect - ==> METHOD: getAllProducts() COMPLETED IN: 39 ms
2026-05-10 12:28:17 [http-nio-8082-exec-9] INFO  c.w.product.aspect.LoggingAspect - ==> API REQUEST: com.warehouse.product.controller.NotificationController.getNotifications()
2026-05-10 12:28:17 [http-nio-8082-exec-9] INFO  c.w.product.aspect.LoggingAspect - ==> SERVICE METHOD CALLED: com.warehouse.product.service.ProductService.getAllProducts()
2026-05-10 12:28:17 [http-nio-8082-exec-9] INFO  c.w.product.aspect.LoggingAspect - ==> METHOD: getAllProducts() COMPLETED IN: 2 ms
2026-05-10 12:28:19 [http-nio-8082-exec-4] INFO  c.w.product.aspect.LoggingAspect - ==> API REQUEST: com.warehouse.product.controller.NotificationController.getNotifications()
2026-05-10 12:28:19 [http-nio-8082-exec-4] INFO  c.w.product.aspect.LoggingAspect - ==> SERVICE METHOD CALLED: com.warehouse.product.service.ProductService.getAllProducts()
2026-05-10 12:28:19 [http-nio-8082-exec-4] INFO  c.w.product.aspect.LoggingAspect - ==> METHOD: getAllProducts() COMPLETED IN: 4 ms
2026-05-10 12:28:19 [http-nio-8082-exec-7] INFO  c.w.product.aspect.LoggingAspect - ==> API REQUEST: com.warehouse.product.controller.NotificationController.getNotifications()
2026-05-10 12:28:19 [http-nio-8082-exec-7] INFO  c.w.product.aspect.LoggingAspect - ==> SERVICE METHOD CALLED: com.warehouse.product.service.ProductService.getAllProducts()
2026-05-10 12:28:19 [http-nio-8082-exec-7] INFO  c.w.product.aspect.LoggingAspect - ==> METHOD: getAllProducts() COMPLETED IN: 4 ms
2026-05-10 12:28:20 [http-nio-8082-exec-10] INFO  c.w.product.aspect.LoggingAspect - ==> API REQUEST: com.warehouse.product.controller.NotificationController.getNotifications()
2026-05-10 12:28:20 [http-nio-8082-exec-10] INFO  c.w.product.aspect.LoggingAspect - ==> SERVICE METHOD CALLED: com.warehouse.product.service.ProductService.getAllProducts()
2026-05-10 12:28:20 [http-nio-8082-exec-10] INFO  c.w.product.aspect.LoggingAspect - ==> METHOD: getAllProducts() COMPLETED IN: 10 ms
2026-05-10 12:28:22 [http-nio-8082-exec-1] INFO  c.w.product.aspect.LoggingAspect - ==> API REQUEST: com.warehouse.product.controller.NotificationController.getNotifications()
2026-05-10 12:28:22 [http-nio-8082-exec-1] INFO  c.w.product.aspect.LoggingAspect - ==> SERVICE METHOD CALLED: com.warehouse.product.service.ProductService.getAllProducts()
2026-05-10 12:28:22 [http-nio-8082-exec-1] INFO  c.w.product.aspect.LoggingAspect - ==> METHOD: getAllProducts() COMPLETED IN: 29 ms
2026-05-10 12:28:23 [http-nio-8082-exec-2] INFO  c.w.product.aspect.LoggingAspect - ==> API REQUEST: com.warehouse.product.controller.NotificationController.getNotifications()
2026-05-10 12:28:23 [http-nio-8082-exec-2] INFO  c.w.product.aspect.LoggingAspect - ==> SERVICE METHOD CALLED: com.warehouse.product.service.ProductService.getAllProducts()
2026-05-10 12:28:23 [http-nio-8082-exec-2] INFO  c.w.product.aspect.LoggingAspect - ==> METHOD: getAllProducts() COMPLETED IN: 4 ms
2026-05-10 12:28:24 [http-nio-8082-exec-6] INFO  c.w.product.aspect.LoggingAspect - ==> API REQUEST: com.warehouse.product.controller.NotificationController.getNotifications()
2026-05-10 12:28:24 [http-nio-8082-exec-6] INFO  c.w.product.aspect.LoggingAspect - ==> SERVICE METHOD CALLED: com.warehouse.product.service.ProductService.getAllProducts()
2026-05-10 12:28:24 [http-nio-8082-exec-6] INFO  c.w.product.aspect.LoggingAspect - ==> METHOD: getAllProducts() COMPLETED IN: 9 ms
2026-05-10 12:28:25 [http-nio-8082-exec-8] INFO  c.w.product.aspect.LoggingAspect - ==> API REQUEST: com.warehouse.product.controller.NotificationController.getNotifications()
2026-05-10 12:28:25 [http-nio-8082-exec-8] INFO  c.w.product.aspect.LoggingAspect - ==> SERVICE METHOD CALLED: com.warehouse.product.service.ProductService.getAllProducts()
2026-05-10 12:28:25 [http-nio-8082-exec-8] INFO  c.w.product.aspect.LoggingAspect - ==> METHOD: getAllProducts() COMPLETED IN: 20 ms
2026-05-10 12:28:27 [http-nio-8082-exec-3] INFO  c.w.product.aspect.LoggingAspect - ==> API REQUEST: com.warehouse.product.controller.NotificationController.getNotifications()
2026-05-10 12:28:27 [http-nio-8082-exec-3] INFO  c.w.product.aspect.LoggingAspect - ==> SERVICE METHOD CALLED: com.warehouse.product.service.ProductService.getAllProducts()
2026-05-10 12:28:27 [http-nio-8082-exec-3] INFO  c.w.product.aspect.LoggingAspect - ==> METHOD: getAllProducts() COMPLETED IN: 10 ms
2026-05-10 12:28:31 [http-nio-8082-exec-5] INFO  c.w.product.aspect.LoggingAspect - ==> API REQUEST: com.warehouse.product.controller.NotificationController.getNotifications()
2026-05-10 12:28:31 [http-nio-8082-exec-5] INFO  c.w.product.aspect.LoggingAspect - ==> SERVICE METHOD CALLED: com.warehouse.product.service.ProductService.getAllProducts()
2026-05-10 12:28:31 [http-nio-8082-exec-5] INFO  c.w.product.aspect.LoggingAspect - ==> METHOD: getAllProducts() COMPLETED IN: 3 ms
2026-05-10 12:28:34 [http-nio-8082-exec-9] INFO  c.w.product.aspect.LoggingAspect - ==> API REQUEST: com.warehouse.product.controller.NotificationController.getNotifications()
2026-05-10 12:28:34 [http-nio-8082-exec-9] INFO  c.w.product.aspect.LoggingAspect - ==> SERVICE METHOD CALLED: com.warehouse.product.service.ProductService.getAllProducts()
2026-05-10 12:28:34 [http-nio-8082-exec-9] INFO  c.w.product.aspect.LoggingAspect - ==> METHOD: getAllProducts() COMPLETED IN: 8 ms
2026-05-10 12:28:35 [http-nio-8082-exec-4] INFO  c.w.product.aspect.LoggingAspect - ==> API REQUEST: com.warehouse.product.controller.NotificationController.getNotifications()
2026-05-10 12:28:35 [http-nio-8082-exec-4] INFO  c.w.product.aspect.LoggingAspect - ==> SERVICE METHOD CALLED: com.warehouse.product.service.ProductService.getAllProducts()
2026-05-10 12:28:35 [http-nio-8082-exec-4] INFO  c.w.product.aspect.LoggingAspect - ==> METHOD: getAllProducts() COMPLETED IN: 9 ms
2026-05-10 12:28:36 [http-nio-8082-exec-7] INFO  c.w.product.aspect.LoggingAspect - ==> API REQUEST: com.warehouse.product.controller.NotificationController.getNotifications()
2026-05-10 12:28:36 [http-nio-8082-exec-7] INFO  c.w.product.aspect.LoggingAspect - ==> SERVICE METHOD CALLED: com.warehouse.product.service.ProductService.getAllProducts()
2026-05-10 12:28:36 [http-nio-8082-exec-7] INFO  c.w.product.aspect.LoggingAspect - ==> METHOD: getAllProducts() COMPLETED IN: 15 ms
2026-05-10 12:28:37 [http-nio-8082-exec-10] INFO  c.w.product.aspect.LoggingAspect - ==> API REQUEST: com.warehouse.product.controller.NotificationController.getNotifications()
2026-05-10 12:28:37 [http-nio-8082-exec-10] INFO  c.w.product.aspect.LoggingAspect - ==> SERVICE METHOD CALLED: com.warehouse.product.service.ProductService.getAllProducts()
2026-05-10 12:28:37 [http-nio-8082-exec-10] INFO  c.w.product.aspect.LoggingAspect - ==> METHOD: getAllProducts() COMPLETED IN: 9 ms
2026-05-10 12:28:37 [http-nio-8082-exec-1] INFO  c.w.product.aspect.LoggingAspect - ==> API REQUEST: com.warehouse.product.controller.NotificationController.getNotifications()
2026-05-10 12:28:37 [http-nio-8082-exec-1] INFO  c.w.product.aspect.LoggingAspect - ==> SERVICE METHOD CALLED: com.warehouse.product.service.ProductService.getAllProducts()
2026-05-10 12:28:37 [http-nio-8082-exec-1] INFO  c.w.product.aspect.LoggingAspect - ==> METHOD: getAllProducts() COMPLETED IN: 5 ms
2026-05-10 12:28:38 [http-nio-8082-exec-2] INFO  c.w.product.aspect.LoggingAspect - ==> API REQUEST: com.warehouse.product.controller.NotificationController.getNotifications()
2026-05-10 12:28:38 [http-nio-8082-exec-2] INFO  c.w.product.aspect.LoggingAspect - ==> SERVICE METHOD CALLED: com.warehouse.product.service.ProductService.getAllProducts()
2026-05-10 12:28:38 [http-nio-8082-exec-2] INFO  c.w.product.aspect.LoggingAspect - ==> METHOD: getAllProducts() COMPLETED IN: 3 ms
2026-05-10 12:28:38 [http-nio-8082-exec-6] INFO  c.w.product.aspect.LoggingAspect - ==> API REQUEST: com.warehouse.product.controller.NotificationController.getNotifications()
2026-05-10 12:28:38 [http-nio-8082-exec-6] INFO  c.w.product.aspect.LoggingAspect - ==> SERVICE METHOD CALLED: com.warehouse.product.service.ProductService.getAllProducts()
2026-05-10 12:28:38 [http-nio-8082-exec-6] INFO  c.w.product.aspect.LoggingAspect - ==> METHOD: getAllProducts() COMPLETED IN: 8 ms
2026-05-10 12:28:39 [http-nio-8082-exec-8] INFO  c.w.product.aspect.LoggingAspect - ==> API REQUEST: com.warehouse.product.controller.NotificationController.getNotifications()
2026-05-10 12:28:39 [http-nio-8082-exec-8] INFO  c.w.product.aspect.LoggingAspect - ==> SERVICE METHOD CALLED: com.warehouse.product.service.ProductService.getAllProducts()
2026-05-10 12:28:39 [http-nio-8082-exec-8] INFO  c.w.product.aspect.LoggingAspect - ==> METHOD: getAllProducts() COMPLETED IN: 8 ms
2026-05-10 12:28:39 [http-nio-8082-exec-3] INFO  c.w.product.aspect.LoggingAspect - ==> API REQUEST: com.warehouse.product.controller.NotificationController.getNotifications()
2026-05-10 12:28:39 [http-nio-8082-exec-3] INFO  c.w.product.aspect.LoggingAspect - ==> SERVICE METHOD CALLED: com.warehouse.product.service.ProductService.getAllProducts()
2026-05-10 12:28:39 [http-nio-8082-exec-3] INFO  c.w.product.aspect.LoggingAspect - ==> METHOD: getAllProducts() COMPLETED IN: 4 ms
2026-05-10 12:28:41 [http-nio-8082-exec-5] INFO  c.w.product.aspect.LoggingAspect - ==> API REQUEST: com.warehouse.product.controller.NotificationController.getNotifications()
2026-05-10 12:28:41 [http-nio-8082-exec-5] INFO  c.w.product.aspect.LoggingAspect - ==> SERVICE METHOD CALLED: com.warehouse.product.service.ProductService.getAllProducts()
2026-05-10 12:28:41 [http-nio-8082-exec-5] INFO  c.w.product.aspect.LoggingAspect - ==> METHOD: getAllProducts() COMPLETED IN: 7 ms
2026-05-10 12:28:41 [http-nio-8082-exec-9] INFO  c.w.product.aspect.LoggingAspect - ==> API REQUEST: com.warehouse.product.controller.NotificationController.getNotifications()
2026-05-10 12:28:41 [http-nio-8082-exec-9] INFO  c.w.product.aspect.LoggingAspect - ==> SERVICE METHOD CALLED: com.warehouse.product.service.ProductService.getAllProducts()
2026-05-10 12:28:41 [http-nio-8082-exec-9] INFO  c.w.product.aspect.LoggingAspect - ==> METHOD: getAllProducts() COMPLETED IN: 6 ms
2026-05-10 12:28:43 [http-nio-8082-exec-4] INFO  c.w.product.aspect.LoggingAspect - ==> API REQUEST: com.warehouse.product.controller.NotificationController.getNotifications()
2026-05-10 12:28:43 [http-nio-8082-exec-4] INFO  c.w.product.aspect.LoggingAspect - ==> SERVICE METHOD CALLED: com.warehouse.product.service.ProductService.getAllProducts()
2026-05-10 12:28:43 [http-nio-8082-exec-4] INFO  c.w.product.aspect.LoggingAspect - ==> METHOD: getAllProducts() COMPLETED IN: 6 ms
2026-05-10 12:28:44 [http-nio-8082-exec-7] INFO  c.w.product.aspect.LoggingAspect - ==> API REQUEST: com.warehouse.product.controller.NotificationController.getNotifications()
2026-05-10 12:28:44 [http-nio-8082-exec-7] INFO  c.w.product.aspect.LoggingAspect - ==> SERVICE METHOD CALLED: com.warehouse.product.service.ProductService.getAllProducts()
2026-05-10 12:28:44 [http-nio-8082-exec-7] INFO  c.w.product.aspect.LoggingAspect - ==> METHOD: getAllProducts() COMPLETED IN: 9 ms
2026-05-10 12:28:46 [http-nio-8082-exec-10] INFO  c.w.product.aspect.LoggingAspect - ==> API REQUEST: com.warehouse.product.controller.NotificationController.getNotifications()
2026-05-10 12:28:46 [http-nio-8082-exec-10] INFO  c.w.product.aspect.LoggingAspect - ==> SERVICE METHOD CALLED: com.warehouse.product.service.ProductService.getAllProducts()
2026-05-10 12:28:46 [http-nio-8082-exec-10] INFO  c.w.product.aspect.LoggingAspect - ==> METHOD: getAllProducts() COMPLETED IN: 11 ms
2026-05-10 12:28:46 [http-nio-8082-exec-1] INFO  c.w.product.aspect.LoggingAspect - ==> API REQUEST: com.warehouse.product.controller.NotificationController.getNotifications()
2026-05-10 12:28:46 [http-nio-8082-exec-1] INFO  c.w.product.aspect.LoggingAspect - ==> SERVICE METHOD CALLED: com.warehouse.product.service.ProductService.getAllProducts()
2026-05-10 12:28:46 [http-nio-8082-exec-1] INFO  c.w.product.aspect.LoggingAspect - ==> METHOD: getAllProducts() COMPLETED IN: 6 ms
2026-05-10 12:28:47 [http-nio-8082-exec-2] INFO  c.w.product.aspect.LoggingAspect - ==> API REQUEST: com.warehouse.product.controller.NotificationController.getNotifications()
2026-05-10 12:28:47 [http-nio-8082-exec-2] INFO  c.w.product.aspect.LoggingAspect - ==> SERVICE METHOD CALLED: com.warehouse.product.service.ProductService.getAllProducts()
2026-05-10 12:28:47 [http-nio-8082-exec-2] INFO  c.w.product.aspect.LoggingAspect - ==> METHOD: getAllProducts() COMPLETED IN: 8 ms
2026-05-10 12:28:47 [http-nio-8082-exec-6] INFO  c.w.product.aspect.LoggingAspect - ==> API REQUEST: com.warehouse.product.controller.NotificationController.getNotifications()
2026-05-10 12:28:47 [http-nio-8082-exec-6] INFO  c.w.product.aspect.LoggingAspect - ==> SERVICE METHOD CALLED: com.warehouse.product.service.ProductService.getAllProducts()
2026-05-10 12:28:47 [http-nio-8082-exec-6] INFO  c.w.product.aspect.LoggingAspect - ==> METHOD: getAllProducts() COMPLETED IN: 4 ms
2026-05-10 12:28:49 [http-nio-8082-exec-8] INFO  c.w.product.aspect.LoggingAspect - ==> API REQUEST: com.warehouse.product.controller.NotificationController.getNotifications()
2026-05-10 12:28:49 [http-nio-8082-exec-8] INFO  c.w.product.aspect.LoggingAspect - ==> SERVICE METHOD CALLED: com.warehouse.product.service.ProductService.getAllProducts()
2026-05-10 12:28:49 [http-nio-8082-exec-8] INFO  c.w.product.aspect.LoggingAspect - ==> METHOD: getAllProducts() COMPLETED IN: 16 ms
2026-05-10 12:28:49 [http-nio-8082-exec-3] INFO  c.w.product.aspect.LoggingAspect - ==> API REQUEST: com.warehouse.product.controller.NotificationController.getNotifications()
2026-05-10 12:28:49 [http-nio-8082-exec-3] INFO  c.w.product.aspect.LoggingAspect - ==> SERVICE METHOD CALLED: com.warehouse.product.service.ProductService.getAllProducts()
2026-05-10 12:28:49 [http-nio-8082-exec-3] INFO  c.w.product.aspect.LoggingAspect - ==> METHOD: getAllProducts() COMPLETED IN: 4 ms
2026-05-10 12:28:50 [http-nio-8082-exec-5] INFO  c.w.product.aspect.LoggingAspect - ==> API REQUEST: com.warehouse.product.controller.NotificationController.getNotifications()
2026-05-10 12:28:50 [http-nio-8082-exec-5] INFO  c.w.product.aspect.LoggingAspect - ==> SERVICE METHOD CALLED: com.warehouse.product.service.ProductService.getAllProducts()
2026-05-10 12:28:50 [http-nio-8082-exec-5] INFO  c.w.product.aspect.LoggingAspect - ==> METHOD: getAllProducts() COMPLETED IN: 7 ms
2026-05-10 12:28:52 [http-nio-8082-exec-9] INFO  c.w.product.aspect.LoggingAspect - ==> API REQUEST: com.warehouse.product.controller.NotificationController.getNotifications()
2026-05-10 12:28:52 [http-nio-8082-exec-9] INFO  c.w.product.aspect.LoggingAspect - ==> SERVICE METHOD CALLED: com.warehouse.product.service.ProductService.getAllProducts()
2026-05-10 12:28:52 [http-nio-8082-exec-9] INFO  c.w.product.aspect.LoggingAspect - ==> METHOD: getAllProducts() COMPLETED IN: 5 ms
2026-05-10 12:28:53 [http-nio-8082-exec-4] INFO  c.w.product.aspect.LoggingAspect - ==> API REQUEST: com.warehouse.product.controller.NotificationController.getNotifications()
2026-05-10 12:28:53 [http-nio-8082-exec-4] INFO  c.w.product.aspect.LoggingAspect - ==> SERVICE METHOD CALLED: com.warehouse.product.service.ProductService.getAllProducts()
2026-05-10 12:28:53 [http-nio-8082-exec-4] INFO  c.w.product.aspect.LoggingAspect - ==> METHOD: getAllProducts() COMPLETED IN: 6 ms
2026-05-10 12:28:55 [http-nio-8082-exec-7] INFO  c.w.product.aspect.LoggingAspect - ==> API REQUEST: com.warehouse.product.controller.NotificationController.getNotifications()
2026-05-10 12:28:55 [http-nio-8082-exec-7] INFO  c.w.product.aspect.LoggingAspect - ==> SERVICE METHOD CALLED: com.warehouse.product.service.ProductService.getAllProducts()
2026-05-10 12:28:55 [http-nio-8082-exec-7] INFO  c.w.product.aspect.LoggingAspect - ==> METHOD: getAllProducts() COMPLETED IN: 9 ms
2026-05-10 12:28:56 [http-nio-8082-exec-10] INFO  c.w.product.aspect.LoggingAspect - ==> API REQUEST: com.warehouse.product.controller.NotificationController.getNotifications()
2026-05-10 12:28:56 [http-nio-8082-exec-10] INFO  c.w.product.aspect.LoggingAspect - ==> SERVICE METHOD CALLED: com.warehouse.product.service.ProductService.getAllProducts()
2026-05-10 12:28:56 [http-nio-8082-exec-10] INFO  c.w.product.aspect.LoggingAspect - ==> METHOD: getAllProducts() COMPLETED IN: 2 ms
2026-05-10 12:28:57 [http-nio-8082-exec-1] INFO  c.w.product.aspect.LoggingAspect - ==> API REQUEST: com.warehouse.product.controller.NotificationController.getNotifications()
2026-05-10 12:28:57 [http-nio-8082-exec-1] INFO  c.w.product.aspect.LoggingAspect - ==> SERVICE METHOD CALLED: com.warehouse.product.service.ProductService.getAllProducts()
2026-05-10 12:28:57 [http-nio-8082-exec-1] INFO  c.w.product.aspect.LoggingAspect - ==> METHOD: getAllProducts() COMPLETED IN: 11 ms
2026-05-10 12:29:02 [http-nio-8082-exec-2] INFO  c.w.product.aspect.LoggingAspect - ==> API REQUEST: com.warehouse.product.controller.NotificationController.getNotifications()
2026-05-10 12:29:02 [http-nio-8082-exec-2] INFO  c.w.product.aspect.LoggingAspect - ==> SERVICE METHOD CALLED: com.warehouse.product.service.ProductService.getAllProducts()
2026-05-10 12:29:02 [http-nio-8082-exec-2] INFO  c.w.product.aspect.LoggingAspect - ==> METHOD: getAllProducts() COMPLETED IN: 10 ms
2026-05-10 12:29:05 [http-nio-8082-exec-6] INFO  c.w.product.aspect.LoggingAspect - ==> API REQUEST: com.warehouse.product.controller.NotificationController.getNotifications()
2026-05-10 12:29:05 [http-nio-8082-exec-6] INFO  c.w.product.aspect.LoggingAspect - ==> SERVICE METHOD CALLED: com.warehouse.product.service.ProductService.getAllProducts()
2026-05-10 12:29:05 [http-nio-8082-exec-6] INFO  c.w.product.aspect.LoggingAspect - ==> METHOD: getAllProducts() COMPLETED IN: 3 ms
2026-05-10 12:29:06 [http-nio-8082-exec-8] INFO  c.w.product.aspect.LoggingAspect - ==> API REQUEST: com.warehouse.product.controller.NotificationController.getNotifications()
2026-05-10 12:29:06 [http-nio-8082-exec-8] INFO  c.w.product.aspect.LoggingAspect - ==> SERVICE METHOD CALLED: com.warehouse.product.service.ProductService.getAllProducts()
2026-05-10 12:29:06 [http-nio-8082-exec-8] INFO  c.w.product.aspect.LoggingAspect - ==> METHOD: getAllProducts() COMPLETED IN: 9 ms
2026-05-10 12:29:07 [http-nio-8082-exec-3] INFO  c.w.product.aspect.LoggingAspect - ==> API REQUEST: com.warehouse.product.controller.NotificationController.getNotifications()
2026-05-10 12:29:07 [http-nio-8082-exec-3] INFO  c.w.product.aspect.LoggingAspect - ==> SERVICE METHOD CALLED: com.warehouse.product.service.ProductService.getAllProducts()
2026-05-10 12:29:07 [http-nio-8082-exec-3] INFO  c.w.product.aspect.LoggingAspect - ==> METHOD: getAllProducts() COMPLETED IN: 28 ms
2026-05-10 12:29:07 [http-nio-8082-exec-5] INFO  c.w.product.aspect.LoggingAspect - ==> API REQUEST: com.warehouse.product.controller.NotificationController.getNotifications()
2026-05-10 12:29:07 [http-nio-8082-exec-5] INFO  c.w.product.aspect.LoggingAspect - ==> SERVICE METHOD CALLED: com.warehouse.product.service.ProductService.getAllProducts()
2026-05-10 12:29:07 [http-nio-8082-exec-5] INFO  c.w.product.aspect.LoggingAspect - ==> METHOD: getAllProducts() COMPLETED IN: 17 ms
2026-05-10 12:29:08 [http-nio-8082-exec-9] INFO  c.w.product.aspect.LoggingAspect - ==> API REQUEST: com.warehouse.product.controller.NotificationController.getNotifications()
2026-05-10 12:29:08 [http-nio-8082-exec-9] INFO  c.w.product.aspect.LoggingAspect - ==> SERVICE METHOD CALLED: com.warehouse.product.service.ProductService.getAllProducts()
2026-05-10 12:29:08 [http-nio-8082-exec-9] INFO  c.w.product.aspect.LoggingAspect - ==> METHOD: getAllProducts() COMPLETED IN: 3 ms
2026-05-10 12:29:09 [http-nio-8082-exec-4] INFO  c.w.product.aspect.LoggingAspect - ==> API REQUEST: com.warehouse.product.controller.NotificationController.getNotifications()
2026-05-10 12:29:09 [http-nio-8082-exec-4] INFO  c.w.product.aspect.LoggingAspect - ==> SERVICE METHOD CALLED: com.warehouse.product.service.ProductService.getAllProducts()
2026-05-10 12:29:09 [http-nio-8082-exec-4] INFO  c.w.product.aspect.LoggingAspect - ==> METHOD: getAllProducts() COMPLETED IN: 7 ms
2026-05-10 12:29:09 [http-nio-8082-exec-7] INFO  c.w.product.aspect.LoggingAspect - ==> API REQUEST: com.warehouse.product.controller.NotificationController.getNotifications()
2026-05-10 12:29:09 [http-nio-8082-exec-7] INFO  c.w.product.aspect.LoggingAspect - ==> SERVICE METHOD CALLED: com.warehouse.product.service.ProductService.getAllProducts()
2026-05-10 12:29:09 [http-nio-8082-exec-7] INFO  c.w.product.aspect.LoggingAspect - ==> METHOD: getAllProducts() COMPLETED IN: 0 ms
2026-05-10 12:29:09 [http-nio-8082-exec-10] INFO  c.w.product.aspect.LoggingAspect - ==> API REQUEST: com.warehouse.product.controller.NotificationController.getNotifications()
2026-05-10 12:29:09 [http-nio-8082-exec-10] INFO  c.w.product.aspect.LoggingAspect - ==> SERVICE METHOD CALLED: com.warehouse.product.service.ProductService.getAllProducts()
2026-05-10 12:29:09 [http-nio-8082-exec-10] INFO  c.w.product.aspect.LoggingAspect - ==> METHOD: getAllProducts() COMPLETED IN: 7 ms
2026-05-10 12:29:09 [http-nio-8082-exec-1] INFO  c.w.product.aspect.LoggingAspect - ==> API REQUEST: com.warehouse.product.controller.NotificationController.getNotifications()
2026-05-10 12:29:09 [http-nio-8082-exec-1] INFO  c.w.product.aspect.LoggingAspect - ==> SERVICE METHOD CALLED: com.warehouse.product.service.ProductService.getAllProducts()
2026-05-10 12:29:09 [http-nio-8082-exec-1] INFO  c.w.product.aspect.LoggingAspect - ==> METHOD: getAllProducts() COMPLETED IN: 4 ms
2026-05-10 12:29:12 [http-nio-8082-exec-2] INFO  c.w.product.aspect.LoggingAspect - ==> API REQUEST: com.warehouse.product.controller.NotificationController.getNotifications()
2026-05-10 12:29:12 [http-nio-8082-exec-2] INFO  c.w.product.aspect.LoggingAspect - ==> SERVICE METHOD CALLED: com.warehouse.product.service.ProductService.getAllProducts()
2026-05-10 12:29:12 [http-nio-8082-exec-2] INFO  c.w.product.aspect.LoggingAspect - ==> METHOD: getAllProducts() COMPLETED IN: 7 ms
2026-05-10 12:29:12 [http-nio-8082-exec-6] INFO  c.w.product.aspect.LoggingAspect - ==> API REQUEST: com.warehouse.product.controller.NotificationController.getNotifications()
2026-05-10 12:29:12 [http-nio-8082-exec-6] INFO  c.w.product.aspect.LoggingAspect - ==> SERVICE METHOD CALLED: com.warehouse.product.service.ProductService.getAllProducts()
2026-05-10 12:29:12 [http-nio-8082-exec-6] INFO  c.w.product.aspect.LoggingAspect - ==> METHOD: getAllProducts() COMPLETED IN: 3 ms
2026-05-10 12:29:13 [http-nio-8082-exec-8] INFO  c.w.product.aspect.LoggingAspect - ==> API REQUEST: com.warehouse.product.controller.NotificationController.getNotifications()
2026-05-10 12:29:13 [http-nio-8082-exec-8] INFO  c.w.product.aspect.LoggingAspect - ==> SERVICE METHOD CALLED: com.warehouse.product.service.ProductService.getAllProducts()
2026-05-10 12:29:13 [http-nio-8082-exec-8] INFO  c.w.product.aspect.LoggingAspect - ==> METHOD: getAllProducts() COMPLETED IN: 6 ms
2026-05-10 12:29:15 [http-nio-8082-exec-3] INFO  c.w.product.aspect.LoggingAspect - ==> API REQUEST: com.warehouse.product.controller.NotificationController.getNotifications()
2026-05-10 12:29:15 [http-nio-8082-exec-3] INFO  c.w.product.aspect.LoggingAspect - ==> SERVICE METHOD CALLED: com.warehouse.product.service.ProductService.getAllProducts()
2026-05-10 12:29:15 [http-nio-8082-exec-3] INFO  c.w.product.aspect.LoggingAspect - ==> METHOD: getAllProducts() COMPLETED IN: 9 ms
2026-05-10 12:29:16 [http-nio-8082-exec-5] INFO  c.w.product.aspect.LoggingAspect - ==> API REQUEST: com.warehouse.product.controller.NotificationController.getNotifications()
2026-05-10 12:29:16 [http-nio-8082-exec-5] INFO  c.w.product.aspect.LoggingAspect - ==> SERVICE METHOD CALLED: com.warehouse.product.service.ProductService.getAllProducts()
2026-05-10 12:29:16 [http-nio-8082-exec-5] INFO  c.w.product.aspect.LoggingAspect - ==> METHOD: getAllProducts() COMPLETED IN: 5 ms
2026-05-10 12:29:16 [http-nio-8082-exec-9] INFO  c.w.product.aspect.LoggingAspect - ==> API REQUEST: com.warehouse.product.controller.NotificationController.getNotifications()
2026-05-10 12:29:16 [http-nio-8082-exec-9] INFO  c.w.product.aspect.LoggingAspect - ==> SERVICE METHOD CALLED: com.warehouse.product.service.ProductService.getAllProducts()
2026-05-10 12:29:16 [http-nio-8082-exec-9] INFO  c.w.product.aspect.LoggingAspect - ==> METHOD: getAllProducts() COMPLETED IN: 3 ms
2026-05-10 12:29:17 [http-nio-8082-exec-4] INFO  c.w.product.aspect.LoggingAspect - ==> API REQUEST: com.warehouse.product.controller.NotificationController.getNotifications()
2026-05-10 12:29:17 [http-nio-8082-exec-4] INFO  c.w.product.aspect.LoggingAspect - ==> SERVICE METHOD CALLED: com.warehouse.product.service.ProductService.getAllProducts()
2026-05-10 12:29:17 [http-nio-8082-exec-4] INFO  c.w.product.aspect.LoggingAspect - ==> METHOD: getAllProducts() COMPLETED IN: 6 ms
2026-05-10 12:29:17 [http-nio-8082-exec-7] INFO  c.w.product.aspect.LoggingAspect - ==> API REQUEST: com.warehouse.product.controller.NotificationController.getNotifications()
2026-05-10 12:29:17 [http-nio-8082-exec-7] INFO  c.w.product.aspect.LoggingAspect - ==> SERVICE METHOD CALLED: com.warehouse.product.service.ProductService.getAllProducts()
2026-05-10 12:29:17 [http-nio-8082-exec-7] INFO  c.w.product.aspect.LoggingAspect - ==> METHOD: getAllProducts() COMPLETED IN: 5 ms
2026-05-10 12:29:19 [http-nio-8082-exec-10] INFO  c.w.product.aspect.LoggingAspect - ==> API REQUEST: com.warehouse.product.controller.NotificationController.getNotifications()
2026-05-10 12:29:19 [http-nio-8082-exec-10] INFO  c.w.product.aspect.LoggingAspect - ==> SERVICE METHOD CALLED: com.warehouse.product.service.ProductService.getAllProducts()
2026-05-10 12:29:19 [http-nio-8082-exec-10] INFO  c.w.product.aspect.LoggingAspect - ==> METHOD: getAllProducts() COMPLETED IN: 7 ms
2026-05-10 12:29:19 [http-nio-8082-exec-1] INFO  c.w.product.aspect.LoggingAspect - ==> API REQUEST: com.warehouse.product.controller.NotificationController.getNotifications()
2026-05-10 12:29:19 [http-nio-8082-exec-1] INFO  c.w.product.aspect.LoggingAspect - ==> SERVICE METHOD CALLED: com.warehouse.product.service.ProductService.getAllProducts()
2026-05-10 12:29:19 [http-nio-8082-exec-1] INFO  c.w.product.aspect.LoggingAspect - ==> METHOD: getAllProducts() COMPLETED IN: 4 ms
2026-05-10 12:29:20 [http-nio-8082-exec-2] INFO  c.w.product.aspect.LoggingAspect - ==> API REQUEST: com.warehouse.product.controller.NotificationController.getNotifications()
2026-05-10 12:29:20 [http-nio-8082-exec-2] INFO  c.w.product.aspect.LoggingAspect - ==> SERVICE METHOD CALLED: com.warehouse.product.service.ProductService.getAllProducts()
2026-05-10 12:29:20 [http-nio-8082-exec-2] INFO  c.w.product.aspect.LoggingAspect - ==> METHOD: getAllProducts() COMPLETED IN: 8 ms
2026-05-10 12:29:22 [http-nio-8082-exec-6] INFO  c.w.product.aspect.LoggingAspect - ==> API REQUEST: com.warehouse.product.controller.NotificationController.getNotifications()
2026-05-10 12:29:22 [http-nio-8082-exec-6] INFO  c.w.product.aspect.LoggingAspect - ==> SERVICE METHOD CALLED: com.warehouse.product.service.ProductService.getAllProducts()
2026-05-10 12:29:22 [http-nio-8082-exec-6] INFO  c.w.product.aspect.LoggingAspect - ==> METHOD: getAllProducts() COMPLETED IN: 6 ms
2026-05-10 12:29:23 [http-nio-8082-exec-8] INFO  c.w.product.aspect.LoggingAspect - ==> API REQUEST: com.warehouse.product.controller.NotificationController.getNotifications()
2026-05-10 12:29:23 [http-nio-8082-exec-8] INFO  c.w.product.aspect.LoggingAspect - ==> SERVICE METHOD CALLED: com.warehouse.product.service.ProductService.getAllProducts()
2026-05-10 12:29:23 [http-nio-8082-exec-8] INFO  c.w.product.aspect.LoggingAspect - ==> METHOD: getAllProducts() COMPLETED IN: 3 ms
2026-05-10 12:29:25 [http-nio-8082-exec-3] INFO  c.w.product.aspect.LoggingAspect - ==> API REQUEST: com.warehouse.product.controller.NotificationController.getNotifications()
2026-05-10 12:29:25 [http-nio-8082-exec-3] INFO  c.w.product.aspect.LoggingAspect - ==> SERVICE METHOD CALLED: com.warehouse.product.service.ProductService.getAllProducts()
2026-05-10 12:29:25 [http-nio-8082-exec-3] INFO  c.w.product.aspect.LoggingAspect - ==> METHOD: getAllProducts() COMPLETED IN: 7 ms
2026-05-10 12:29:26 [http-nio-8082-exec-5] INFO  c.w.product.aspect.LoggingAspect - ==> API REQUEST: com.warehouse.product.controller.NotificationController.getNotifications()
2026-05-10 12:29:26 [http-nio-8082-exec-5] INFO  c.w.product.aspect.LoggingAspect - ==> SERVICE METHOD CALLED: com.warehouse.product.service.ProductService.getAllProducts()
2026-05-10 12:29:26 [http-nio-8082-exec-5] INFO  c.w.product.aspect.LoggingAspect - ==> METHOD: getAllProducts() COMPLETED IN: 10 ms
2026-05-10 12:29:27 [http-nio-8082-exec-9] INFO  c.w.product.aspect.LoggingAspect - ==> API REQUEST: com.warehouse.product.controller.NotificationController.getNotifications()
2026-05-10 12:29:27 [http-nio-8082-exec-9] INFO  c.w.product.aspect.LoggingAspect - ==> SERVICE METHOD CALLED: com.warehouse.product.service.ProductService.getAllProducts()
2026-05-10 12:29:27 [http-nio-8082-exec-9] INFO  c.w.product.aspect.LoggingAspect - ==> METHOD: getAllProducts() COMPLETED IN: 4 ms
2026-05-10 12:29:31 [http-nio-8082-exec-4] INFO  c.w.product.aspect.LoggingAspect - ==> API REQUEST: com.warehouse.product.controller.NotificationController.getNotifications()
2026-05-10 12:29:31 [http-nio-8082-exec-4] INFO  c.w.product.aspect.LoggingAspect - ==> SERVICE METHOD CALLED: com.warehouse.product.service.ProductService.getAllProducts()
2026-05-10 12:29:31 [http-nio-8082-exec-4] INFO  c.w.product.aspect.LoggingAspect - ==> METHOD: getAllProducts() COMPLETED IN: 9 ms
2026-05-10 12:29:34 [http-nio-8082-exec-7] INFO  c.w.product.aspect.LoggingAspect - ==> API REQUEST: com.warehouse.product.controller.NotificationController.getNotifications()
2026-05-10 12:29:34 [http-nio-8082-exec-7] INFO  c.w.product.aspect.LoggingAspect - ==> SERVICE METHOD CALLED: com.warehouse.product.service.ProductService.getAllProducts()
2026-05-10 12:29:34 [http-nio-8082-exec-7] INFO  c.w.product.aspect.LoggingAspect - ==> METHOD: getAllProducts() COMPLETED IN: 11 ms
2026-05-10 12:29:35 [http-nio-8082-exec-10] INFO  c.w.product.aspect.LoggingAspect - ==> API REQUEST: com.warehouse.product.controller.NotificationController.getNotifications()
2026-05-10 12:29:35 [http-nio-8082-exec-10] INFO  c.w.product.aspect.LoggingAspect - ==> SERVICE METHOD CALLED: com.warehouse.product.service.ProductService.getAllProducts()
2026-05-10 12:29:35 [http-nio-8082-exec-10] INFO  c.w.product.aspect.LoggingAspect - ==> METHOD: getAllProducts() COMPLETED IN: 5 ms
2026-05-10 12:29:36 [http-nio-8082-exec-1] INFO  c.w.product.aspect.LoggingAspect - ==> API REQUEST: com.warehouse.product.controller.NotificationController.getNotifications()
2026-05-10 12:29:36 [http-nio-8082-exec-1] INFO  c.w.product.aspect.LoggingAspect - ==> SERVICE METHOD CALLED: com.warehouse.product.service.ProductService.getAllProducts()
2026-05-10 12:29:36 [http-nio-8082-exec-1] INFO  c.w.product.aspect.LoggingAspect - ==> METHOD: getAllProducts() COMPLETED IN: 0 ms
2026-05-10 12:29:37 [http-nio-8082-exec-2] INFO  c.w.product.aspect.LoggingAspect - ==> API REQUEST: com.warehouse.product.controller.NotificationController.getNotifications()
2026-05-10 12:29:37 [http-nio-8082-exec-2] INFO  c.w.product.aspect.LoggingAspect - ==> SERVICE METHOD CALLED: com.warehouse.product.service.ProductService.getAllProducts()
2026-05-10 12:29:37 [http-nio-8082-exec-2] INFO  c.w.product.aspect.LoggingAspect - ==> METHOD: getAllProducts() COMPLETED IN: 5 ms
2026-05-10 12:29:38 [http-nio-8082-exec-6] INFO  c.w.product.aspect.LoggingAspect - ==> API REQUEST: com.warehouse.product.controller.NotificationController.getNotifications()
2026-05-10 12:29:38 [http-nio-8082-exec-6] INFO  c.w.product.aspect.LoggingAspect - ==> SERVICE METHOD CALLED: com.warehouse.product.service.ProductService.getAllProducts()
2026-05-10 12:29:38 [http-nio-8082-exec-6] INFO  c.w.product.aspect.LoggingAspect - ==> METHOD: getAllProducts() COMPLETED IN: 5 ms
2026-05-10 12:29:39 [http-nio-8082-exec-8] INFO  c.w.product.aspect.LoggingAspect - ==> API REQUEST: com.warehouse.product.controller.NotificationController.getNotifications()
2026-05-10 12:29:39 [http-nio-8082-exec-8] INFO  c.w.product.aspect.LoggingAspect - ==> SERVICE METHOD CALLED: com.warehouse.product.service.ProductService.getAllProducts()
2026-05-10 12:29:39 [http-nio-8082-exec-8] INFO  c.w.product.aspect.LoggingAspect - ==> METHOD: getAllProducts() COMPLETED IN: 2 ms
2026-05-10 12:29:39 [http-nio-8082-exec-3] INFO  c.w.product.aspect.LoggingAspect - ==> API REQUEST: com.warehouse.product.controller.NotificationController.getNotifications()
2026-05-10 12:29:39 [http-nio-8082-exec-3] INFO  c.w.product.aspect.LoggingAspect - ==> SERVICE METHOD CALLED: com.warehouse.product.service.ProductService.getAllProducts()
2026-05-10 12:29:39 [http-nio-8082-exec-3] INFO  c.w.product.aspect.LoggingAspect - ==> METHOD: getAllProducts() COMPLETED IN: 0 ms
2026-05-10 12:29:39 [http-nio-8082-exec-5] INFO  c.w.product.aspect.LoggingAspect - ==> API REQUEST: com.warehouse.product.controller.NotificationController.getNotifications()
2026-05-10 12:29:39 [http-nio-8082-exec-5] INFO  c.w.product.aspect.LoggingAspect - ==> SERVICE METHOD CALLED: com.warehouse.product.service.ProductService.getAllProducts()
2026-05-10 12:29:39 [http-nio-8082-exec-5] INFO  c.w.product.aspect.LoggingAspect - ==> METHOD: getAllProducts() COMPLETED IN: 7 ms
2026-05-10 12:29:40 [http-nio-8082-exec-9] INFO  c.w.product.aspect.LoggingAspect - ==> API REQUEST: com.warehouse.product.controller.NotificationController.getNotifications()
2026-05-10 12:29:40 [http-nio-8082-exec-9] INFO  c.w.product.aspect.LoggingAspect - ==> SERVICE METHOD CALLED: com.warehouse.product.service.ProductService.getAllProducts()
2026-05-10 12:29:40 [http-nio-8082-exec-9] INFO  c.w.product.aspect.LoggingAspect - ==> METHOD: getAllProducts() COMPLETED IN: 6 ms
2026-05-10 12:29:42 [http-nio-8082-exec-4] INFO  c.w.product.aspect.LoggingAspect - ==> API REQUEST: com.warehouse.product.controller.NotificationController.getNotifications()
2026-05-10 12:29:42 [http-nio-8082-exec-4] INFO  c.w.product.aspect.LoggingAspect - ==> SERVICE METHOD CALLED: com.warehouse.product.service.ProductService.getAllProducts()
2026-05-10 12:29:42 [http-nio-8082-exec-4] INFO  c.w.product.aspect.LoggingAspect - ==> METHOD: getAllProducts() COMPLETED IN: 4 ms
2026-05-10 12:29:42 [http-nio-8082-exec-7] INFO  c.w.product.aspect.LoggingAspect - ==> API REQUEST: com.warehouse.product.controller.NotificationController.getNotifications()
2026-05-10 12:29:42 [http-nio-8082-exec-7] INFO  c.w.product.aspect.LoggingAspect - ==> SERVICE METHOD CALLED: com.warehouse.product.service.ProductService.getAllProducts()
2026-05-10 12:29:42 [http-nio-8082-exec-7] INFO  c.w.product.aspect.LoggingAspect - ==> METHOD: getAllProducts() COMPLETED IN: 5 ms
2026-05-10 12:29:43 [http-nio-8082-exec-10] INFO  c.w.product.aspect.LoggingAspect - ==> API REQUEST: com.warehouse.product.controller.NotificationController.getNotifications()
2026-05-10 12:29:43 [http-nio-8082-exec-10] INFO  c.w.product.aspect.LoggingAspect - ==> SERVICE METHOD CALLED: com.warehouse.product.service.ProductService.getAllProducts()
2026-05-10 12:29:43 [http-nio-8082-exec-10] INFO  c.w.product.aspect.LoggingAspect - ==> METHOD: getAllProducts() COMPLETED IN: 6 ms
2026-05-10 12:29:45 [http-nio-8082-exec-1] INFO  c.w.product.aspect.LoggingAspect - ==> API REQUEST: com.warehouse.product.controller.NotificationController.getNotifications()
2026-05-10 12:29:45 [http-nio-8082-exec-1] INFO  c.w.product.aspect.LoggingAspect - ==> SERVICE METHOD CALLED: com.warehouse.product.service.ProductService.getAllProducts()
2026-05-10 12:29:45 [http-nio-8082-exec-1] INFO  c.w.product.aspect.LoggingAspect - ==> METHOD: getAllProducts() COMPLETED IN: 4 ms
2026-05-10 12:29:46 [http-nio-8082-exec-2] INFO  c.w.product.aspect.LoggingAspect - ==> API REQUEST: com.warehouse.product.controller.NotificationController.getNotifications()
2026-05-10 12:29:46 [http-nio-8082-exec-2] INFO  c.w.product.aspect.LoggingAspect - ==> SERVICE METHOD CALLED: com.warehouse.product.service.ProductService.getAllProducts()
2026-05-10 12:29:46 [http-nio-8082-exec-2] INFO  c.w.product.aspect.LoggingAspect - ==> METHOD: getAllProducts() COMPLETED IN: 16 ms
2026-05-10 12:29:46 [http-nio-8082-exec-6] INFO  c.w.product.aspect.LoggingAspect - ==> API REQUEST: com.warehouse.product.controller.NotificationController.getNotifications()
2026-05-10 12:29:46 [http-nio-8082-exec-6] INFO  c.w.product.aspect.LoggingAspect - ==> SERVICE METHOD CALLED: com.warehouse.product.service.ProductService.getAllProducts()
2026-05-10 12:29:46 [http-nio-8082-exec-6] INFO  c.w.product.aspect.LoggingAspect - ==> METHOD: getAllProducts() COMPLETED IN: 11 ms
2026-05-10 12:29:47 [http-nio-8082-exec-8] INFO  c.w.product.aspect.LoggingAspect - ==> API REQUEST: com.warehouse.product.controller.NotificationController.getNotifications()
2026-05-10 12:29:47 [http-nio-8082-exec-8] INFO  c.w.product.aspect.LoggingAspect - ==> SERVICE METHOD CALLED: com.warehouse.product.service.ProductService.getAllProducts()
2026-05-10 12:29:47 [http-nio-8082-exec-8] INFO  c.w.product.aspect.LoggingAspect - ==> METHOD: getAllProducts() COMPLETED IN: 12 ms
2026-05-10 12:29:47 [http-nio-8082-exec-3] INFO  c.w.product.aspect.LoggingAspect - ==> API REQUEST: com.warehouse.product.controller.NotificationController.getNotifications()
2026-05-10 12:29:47 [http-nio-8082-exec-3] INFO  c.w.product.aspect.LoggingAspect - ==> SERVICE METHOD CALLED: com.warehouse.product.service.ProductService.getAllProducts()
2026-05-10 12:29:47 [http-nio-8082-exec-3] INFO  c.w.product.aspect.LoggingAspect - ==> METHOD: getAllProducts() COMPLETED IN: 8 ms
2026-05-10 12:29:49 [http-nio-8082-exec-5] INFO  c.w.product.aspect.LoggingAspect - ==> API REQUEST: com.warehouse.product.controller.NotificationController.getNotifications()
2026-05-10 12:29:49 [http-nio-8082-exec-5] INFO  c.w.product.aspect.LoggingAspect - ==> SERVICE METHOD CALLED: com.warehouse.product.service.ProductService.getAllProducts()
2026-05-10 12:29:49 [http-nio-8082-exec-5] INFO  c.w.product.aspect.LoggingAspect - ==> METHOD: getAllProducts() COMPLETED IN: 10 ms
2026-05-10 12:29:49 [http-nio-8082-exec-9] INFO  c.w.product.aspect.LoggingAspect - ==> API REQUEST: com.warehouse.product.controller.NotificationController.getNotifications()
2026-05-10 12:29:49 [http-nio-8082-exec-9] INFO  c.w.product.aspect.LoggingAspect - ==> SERVICE METHOD CALLED: com.warehouse.product.service.ProductService.getAllProducts()
2026-05-10 12:29:49 [http-nio-8082-exec-9] INFO  c.w.product.aspect.LoggingAspect - ==> METHOD: getAllProducts() COMPLETED IN: 4 ms
2026-05-10 12:29:50 [http-nio-8082-exec-4] INFO  c.w.product.aspect.LoggingAspect - ==> API REQUEST: com.warehouse.product.controller.NotificationController.getNotifications()
2026-05-10 12:29:50 [http-nio-8082-exec-4] INFO  c.w.product.aspect.LoggingAspect - ==> SERVICE METHOD CALLED: com.warehouse.product.service.ProductService.getAllProducts()
2026-05-10 12:29:50 [http-nio-8082-exec-4] INFO  c.w.product.aspect.LoggingAspect - ==> METHOD: getAllProducts() COMPLETED IN: 9 ms
2026-05-10 12:29:52 [http-nio-8082-exec-7] INFO  c.w.product.aspect.LoggingAspect - ==> API REQUEST: com.warehouse.product.controller.NotificationController.getNotifications()
2026-05-10 12:29:52 [http-nio-8082-exec-7] INFO  c.w.product.aspect.LoggingAspect - ==> SERVICE METHOD CALLED: com.warehouse.product.service.ProductService.getAllProducts()
2026-05-10 12:29:52 [http-nio-8082-exec-7] INFO  c.w.product.aspect.LoggingAspect - ==> METHOD: getAllProducts() COMPLETED IN: 12 ms
2026-05-10 12:29:53 [http-nio-8082-exec-10] INFO  c.w.product.aspect.LoggingAspect - ==> API REQUEST: com.warehouse.product.controller.NotificationController.getNotifications()
2026-05-10 12:29:53 [http-nio-8082-exec-10] INFO  c.w.product.aspect.LoggingAspect - ==> SERVICE METHOD CALLED: com.warehouse.product.service.ProductService.getAllProducts()
2026-05-10 12:29:53 [http-nio-8082-exec-10] INFO  c.w.product.aspect.LoggingAspect - ==> METHOD: getAllProducts() COMPLETED IN: 12 ms
2026-05-10 12:29:55 [http-nio-8082-exec-1] INFO  c.w.product.aspect.LoggingAspect - ==> API REQUEST: com.warehouse.product.controller.NotificationController.getNotifications()
2026-05-10 12:29:55 [http-nio-8082-exec-1] INFO  c.w.product.aspect.LoggingAspect - ==> SERVICE METHOD CALLED: com.warehouse.product.service.ProductService.getAllProducts()
2026-05-10 12:29:55 [http-nio-8082-exec-1] INFO  c.w.product.aspect.LoggingAspect - ==> METHOD: getAllProducts() COMPLETED IN: 15 ms
2026-05-10 12:29:55 [http-nio-8082-exec-2] INFO  c.w.product.aspect.LoggingAspect - ==> API REQUEST: com.warehouse.product.controller.NotificationController.getNotifications()
2026-05-10 12:29:55 [http-nio-8082-exec-2] INFO  c.w.product.aspect.LoggingAspect - ==> SERVICE METHOD CALLED: com.warehouse.product.service.ProductService.getAllProducts()
2026-05-10 12:29:55 [http-nio-8082-exec-2] INFO  c.w.product.aspect.LoggingAspect - ==> METHOD: getAllProducts() COMPLETED IN: 4 ms
2026-05-10 12:29:57 [http-nio-8082-exec-6] INFO  c.w.product.aspect.LoggingAspect - ==> API REQUEST: com.warehouse.product.controller.NotificationController.getNotifications()
2026-05-10 12:29:57 [http-nio-8082-exec-6] INFO  c.w.product.aspect.LoggingAspect - ==> SERVICE METHOD CALLED: com.warehouse.product.service.ProductService.getAllProducts()
2026-05-10 12:29:57 [http-nio-8082-exec-6] INFO  c.w.product.aspect.LoggingAspect - ==> METHOD: getAllProducts() COMPLETED IN: 7 ms
2026-05-10 12:29:59 [http-nio-8082-exec-8] INFO  c.w.product.aspect.LoggingAspect - ==> API REQUEST: com.warehouse.product.controller.NotificationController.getNotifications()
2026-05-10 12:29:59 [http-nio-8082-exec-8] INFO  c.w.product.aspect.LoggingAspect - ==> SERVICE METHOD CALLED: com.warehouse.product.service.ProductService.getAllProducts()
2026-05-10 12:29:59 [http-nio-8082-exec-8] INFO  c.w.product.aspect.LoggingAspect - ==> METHOD: getAllProducts() COMPLETED IN: 32 ms
2026-05-10 12:30:01 [http-nio-8082-exec-3] INFO  c.w.product.aspect.LoggingAspect - ==> API REQUEST: com.warehouse.product.controller.NotificationController.getNotifications()
2026-05-10 12:30:01 [http-nio-8082-exec-3] INFO  c.w.product.aspect.LoggingAspect - ==> SERVICE METHOD CALLED: com.warehouse.product.service.ProductService.getAllProducts()
2026-05-10 12:30:01 [http-nio-8082-exec-3] INFO  c.w.product.aspect.LoggingAspect - ==> METHOD: getAllProducts() COMPLETED IN: 7 ms
2026-05-10 12:30:04 [http-nio-8082-exec-5] INFO  c.w.product.aspect.LoggingAspect - ==> API REQUEST: com.warehouse.product.controller.NotificationController.getNotifications()
2026-05-10 12:30:04 [http-nio-8082-exec-5] INFO  c.w.product.aspect.LoggingAspect - ==> SERVICE METHOD CALLED: com.warehouse.product.service.ProductService.getAllProducts()
2026-05-10 12:30:04 [http-nio-8082-exec-5] INFO  c.w.product.aspect.LoggingAspect - ==> METHOD: getAllProducts() COMPLETED IN: 7 ms
2026-05-10 12:30:06 [http-nio-8082-exec-9] INFO  c.w.product.aspect.LoggingAspect - ==> API REQUEST: com.warehouse.product.controller.NotificationController.getNotifications()
2026-05-10 12:30:06 [http-nio-8082-exec-9] INFO  c.w.product.aspect.LoggingAspect - ==> SERVICE METHOD CALLED: com.warehouse.product.service.ProductService.getAllProducts()
2026-05-10 12:30:06 [http-nio-8082-exec-9] INFO  c.w.product.aspect.LoggingAspect - ==> METHOD: getAllProducts() COMPLETED IN: 9 ms
2026-05-10 12:30:07 [http-nio-8082-exec-4] INFO  c.w.product.aspect.LoggingAspect - ==> API REQUEST: com.warehouse.product.controller.NotificationController.getNotifications()
2026-05-10 12:30:07 [http-nio-8082-exec-4] INFO  c.w.product.aspect.LoggingAspect - ==> SERVICE METHOD CALLED: com.warehouse.product.service.ProductService.getAllProducts()
2026-05-10 12:30:07 [http-nio-8082-exec-4] INFO  c.w.product.aspect.LoggingAspect - ==> METHOD: getAllProducts() COMPLETED IN: 18 ms
2026-05-10 12:30:07 [http-nio-8082-exec-7] INFO  c.w.product.aspect.LoggingAspect - ==> API REQUEST: com.warehouse.product.controller.NotificationController.getNotifications()
2026-05-10 12:30:07 [http-nio-8082-exec-7] INFO  c.w.product.aspect.LoggingAspect - ==> SERVICE METHOD CALLED: com.warehouse.product.service.ProductService.getAllProducts()
2026-05-10 12:30:07 [http-nio-8082-exec-7] INFO  c.w.product.aspect.LoggingAspect - ==> METHOD: getAllProducts() COMPLETED IN: 8 ms
2026-05-10 12:30:08 [http-nio-8082-exec-10] INFO  c.w.product.aspect.LoggingAspect - ==> API REQUEST: com.warehouse.product.controller.NotificationController.getNotifications()
2026-05-10 12:30:08 [http-nio-8082-exec-10] INFO  c.w.product.aspect.LoggingAspect - ==> SERVICE METHOD CALLED: com.warehouse.product.service.ProductService.getAllProducts()
2026-05-10 12:30:08 [http-nio-8082-exec-10] INFO  c.w.product.aspect.LoggingAspect - ==> METHOD: getAllProducts() COMPLETED IN: 10 ms
2026-05-10 12:30:09 [http-nio-8082-exec-1] INFO  c.w.product.aspect.LoggingAspect - ==> API REQUEST: com.warehouse.product.controller.NotificationController.getNotifications()
2026-05-10 12:30:09 [http-nio-8082-exec-1] INFO  c.w.product.aspect.LoggingAspect - ==> SERVICE METHOD CALLED: com.warehouse.product.service.ProductService.getAllProducts()
2026-05-10 12:30:09 [http-nio-8082-exec-1] INFO  c.w.product.aspect.LoggingAspect - ==> METHOD: getAllProducts() COMPLETED IN: 8 ms
2026-05-10 12:30:09 [http-nio-8082-exec-2] INFO  c.w.product.aspect.LoggingAspect - ==> API REQUEST: com.warehouse.product.controller.NotificationController.getNotifications()
2026-05-10 12:30:09 [http-nio-8082-exec-2] INFO  c.w.product.aspect.LoggingAspect - ==> SERVICE METHOD CALLED: com.warehouse.product.service.ProductService.getAllProducts()
2026-05-10 12:30:09 [http-nio-8082-exec-2] INFO  c.w.product.aspect.LoggingAspect - ==> METHOD: getAllProducts() COMPLETED IN: 3 ms
2026-05-10 12:30:09 [http-nio-8082-exec-6] INFO  c.w.product.aspect.LoggingAspect - ==> API REQUEST: com.warehouse.product.controller.NotificationController.getNotifications()
2026-05-10 12:30:09 [http-nio-8082-exec-6] INFO  c.w.product.aspect.LoggingAspect - ==> SERVICE METHOD CALLED: com.warehouse.product.service.ProductService.getAllProducts()
2026-05-10 12:30:09 [http-nio-8082-exec-6] INFO  c.w.product.aspect.LoggingAspect - ==> METHOD: getAllProducts() COMPLETED IN: 6 ms
2026-05-10 12:30:10 [http-nio-8082-exec-8] INFO  c.w.product.aspect.LoggingAspect - ==> API REQUEST: com.warehouse.product.controller.NotificationController.getNotifications()
2026-05-10 12:30:10 [http-nio-8082-exec-8] INFO  c.w.product.aspect.LoggingAspect - ==> SERVICE METHOD CALLED: com.warehouse.product.service.ProductService.getAllProducts()
2026-05-10 12:30:10 [http-nio-8082-exec-8] INFO  c.w.product.aspect.LoggingAspect - ==> METHOD: getAllProducts() COMPLETED IN: 6 ms
2026-05-10 12:30:11 [http-nio-8082-exec-3] INFO  c.w.product.aspect.LoggingAspect - ==> API REQUEST: com.warehouse.product.controller.NotificationController.getNotifications()
2026-05-10 12:30:11 [http-nio-8082-exec-3] INFO  c.w.product.aspect.LoggingAspect - ==> SERVICE METHOD CALLED: com.warehouse.product.service.ProductService.getAllProducts()
2026-05-10 12:30:11 [http-nio-8082-exec-3] INFO  c.w.product.aspect.LoggingAspect - ==> METHOD: getAllProducts() COMPLETED IN: 6 ms
2026-05-10 12:30:12 [http-nio-8082-exec-5] INFO  c.w.product.aspect.LoggingAspect - ==> API REQUEST: com.warehouse.product.controller.NotificationController.getNotifications()
2026-05-10 12:30:12 [http-nio-8082-exec-5] INFO  c.w.product.aspect.LoggingAspect - ==> SERVICE METHOD CALLED: com.warehouse.product.service.ProductService.getAllProducts()
2026-05-10 12:30:12 [http-nio-8082-exec-5] INFO  c.w.product.aspect.LoggingAspect - ==> METHOD: getAllProducts() COMPLETED IN: 9 ms
2026-05-10 12:30:13 [http-nio-8082-exec-9] INFO  c.w.product.aspect.LoggingAspect - ==> API REQUEST: com.warehouse.product.controller.NotificationController.getNotifications()
2026-05-10 12:30:13 [http-nio-8082-exec-9] INFO  c.w.product.aspect.LoggingAspect - ==> SERVICE METHOD CALLED: com.warehouse.product.service.ProductService.getAllProducts()
2026-05-10 12:30:13 [http-nio-8082-exec-9] INFO  c.w.product.aspect.LoggingAspect - ==> METHOD: getAllProducts() COMPLETED IN: 8 ms
2026-05-10 12:30:15 [http-nio-8082-exec-4] INFO  c.w.product.aspect.LoggingAspect - ==> API REQUEST: com.warehouse.product.controller.NotificationController.getNotifications()
2026-05-10 12:30:15 [http-nio-8082-exec-4] INFO  c.w.product.aspect.LoggingAspect - ==> SERVICE METHOD CALLED: com.warehouse.product.service.ProductService.getAllProducts()
2026-05-10 12:30:15 [http-nio-8082-exec-4] INFO  c.w.product.aspect.LoggingAspect - ==> METHOD: getAllProducts() COMPLETED IN: 8 ms
2026-05-10 12:30:16 [http-nio-8082-exec-7] INFO  c.w.product.aspect.LoggingAspect - ==> API REQUEST: com.warehouse.product.controller.NotificationController.getNotifications()
2026-05-10 12:30:16 [http-nio-8082-exec-7] INFO  c.w.product.aspect.LoggingAspect - ==> SERVICE METHOD CALLED: com.warehouse.product.service.ProductService.getAllProducts()
2026-05-10 12:30:16 [http-nio-8082-exec-7] INFO  c.w.product.aspect.LoggingAspect - ==> METHOD: getAllProducts() COMPLETED IN: 4 ms
2026-05-10 12:30:16 [http-nio-8082-exec-10] INFO  c.w.product.aspect.LoggingAspect - ==> API REQUEST: com.warehouse.product.controller.NotificationController.getNotifications()
2026-05-10 12:30:16 [http-nio-8082-exec-10] INFO  c.w.product.aspect.LoggingAspect - ==> SERVICE METHOD CALLED: com.warehouse.product.service.ProductService.getAllProducts()
2026-05-10 12:30:16 [http-nio-8082-exec-10] INFO  c.w.product.aspect.LoggingAspect - ==> METHOD: getAllProducts() COMPLETED IN: 4 ms
2026-05-10 12:30:17 [http-nio-8082-exec-1] INFO  c.w.product.aspect.LoggingAspect - ==> API REQUEST: com.warehouse.product.controller.NotificationController.getNotifications()
2026-05-10 12:30:17 [http-nio-8082-exec-1] INFO  c.w.product.aspect.LoggingAspect - ==> SERVICE METHOD CALLED: com.warehouse.product.service.ProductService.getAllProducts()
2026-05-10 12:30:17 [http-nio-8082-exec-1] INFO  c.w.product.aspect.LoggingAspect - ==> METHOD: getAllProducts() COMPLETED IN: 4 ms
2026-05-10 12:30:17 [http-nio-8082-exec-2] INFO  c.w.product.aspect.LoggingAspect - ==> API REQUEST: com.warehouse.product.controller.NotificationController.getNotifications()
2026-05-10 12:30:17 [http-nio-8082-exec-2] INFO  c.w.product.aspect.LoggingAspect - ==> SERVICE METHOD CALLED: com.warehouse.product.service.ProductService.getAllProducts()
2026-05-10 12:30:17 [http-nio-8082-exec-2] INFO  c.w.product.aspect.LoggingAspect - ==> METHOD: getAllProducts() COMPLETED IN: 5 ms
2026-05-10 12:30:19 [http-nio-8082-exec-6] INFO  c.w.product.aspect.LoggingAspect - ==> API REQUEST: com.warehouse.product.controller.NotificationController.getNotifications()
2026-05-10 12:30:19 [http-nio-8082-exec-6] INFO  c.w.product.aspect.LoggingAspect - ==> SERVICE METHOD CALLED: com.warehouse.product.service.ProductService.getAllProducts()
2026-05-10 12:30:19 [http-nio-8082-exec-6] INFO  c.w.product.aspect.LoggingAspect - ==> METHOD: getAllProducts() COMPLETED IN: 8 ms
2026-05-10 12:30:19 [http-nio-8082-exec-8] INFO  c.w.product.aspect.LoggingAspect - ==> API REQUEST: com.warehouse.product.controller.NotificationController.getNotifications()
2026-05-10 12:30:19 [http-nio-8082-exec-8] INFO  c.w.product.aspect.LoggingAspect - ==> SERVICE METHOD CALLED: com.warehouse.product.service.ProductService.getAllProducts()
2026-05-10 12:30:19 [http-nio-8082-exec-8] INFO  c.w.product.aspect.LoggingAspect - ==> METHOD: getAllProducts() COMPLETED IN: 6 ms
2026-05-10 12:30:20 [http-nio-8082-exec-3] INFO  c.w.product.aspect.LoggingAspect - ==> API REQUEST: com.warehouse.product.controller.NotificationController.getNotifications()
2026-05-10 12:30:20 [http-nio-8082-exec-3] INFO  c.w.product.aspect.LoggingAspect - ==> SERVICE METHOD CALLED: com.warehouse.product.service.ProductService.getAllProducts()
2026-05-10 12:30:20 [http-nio-8082-exec-3] INFO  c.w.product.aspect.LoggingAspect - ==> METHOD: getAllProducts() COMPLETED IN: 4 ms
2026-05-10 12:30:22 [http-nio-8082-exec-5] INFO  c.w.product.aspect.LoggingAspect - ==> API REQUEST: com.warehouse.product.controller.NotificationController.getNotifications()
2026-05-10 12:30:22 [http-nio-8082-exec-5] INFO  c.w.product.aspect.LoggingAspect - ==> SERVICE METHOD CALLED: com.warehouse.product.service.ProductService.getAllProducts()
2026-05-10 12:30:22 [http-nio-8082-exec-5] INFO  c.w.product.aspect.LoggingAspect - ==> METHOD: getAllProducts() COMPLETED IN: 9 ms
2026-05-10 12:30:23 [http-nio-8082-exec-9] INFO  c.w.product.aspect.LoggingAspect - ==> API REQUEST: com.warehouse.product.controller.NotificationController.getNotifications()
2026-05-10 12:30:23 [http-nio-8082-exec-9] INFO  c.w.product.aspect.LoggingAspect - ==> SERVICE METHOD CALLED: com.warehouse.product.service.ProductService.getAllProducts()
2026-05-10 12:30:23 [http-nio-8082-exec-9] INFO  c.w.product.aspect.LoggingAspect - ==> METHOD: getAllProducts() COMPLETED IN: 8 ms
2026-05-10 12:30:25 [http-nio-8082-exec-4] INFO  c.w.product.aspect.LoggingAspect - ==> API REQUEST: com.warehouse.product.controller.NotificationController.getNotifications()
2026-05-10 12:30:25 [http-nio-8082-exec-4] INFO  c.w.product.aspect.LoggingAspect - ==> SERVICE METHOD CALLED: com.warehouse.product.service.ProductService.getAllProducts()
2026-05-10 12:30:25 [http-nio-8082-exec-4] INFO  c.w.product.aspect.LoggingAspect - ==> METHOD: getAllProducts() COMPLETED IN: 12 ms
2026-05-10 12:30:26 [http-nio-8082-exec-7] INFO  c.w.product.aspect.LoggingAspect - ==> API REQUEST: com.warehouse.product.controller.NotificationController.getNotifications()
2026-05-10 12:30:26 [http-nio-8082-exec-7] INFO  c.w.product.aspect.LoggingAspect - ==> SERVICE METHOD CALLED: com.warehouse.product.service.ProductService.getAllProducts()
2026-05-10 12:30:26 [http-nio-8082-exec-7] INFO  c.w.product.aspect.LoggingAspect - ==> METHOD: getAllProducts() COMPLETED IN: 10 ms
2026-05-10 12:30:27 [http-nio-8082-exec-10] INFO  c.w.product.aspect.LoggingAspect - ==> API REQUEST: com.warehouse.product.controller.NotificationController.getNotifications()
2026-05-10 12:30:27 [http-nio-8082-exec-10] INFO  c.w.product.aspect.LoggingAspect - ==> SERVICE METHOD CALLED: com.warehouse.product.service.ProductService.getAllProducts()
2026-05-10 12:30:27 [http-nio-8082-exec-10] INFO  c.w.product.aspect.LoggingAspect - ==> METHOD: getAllProducts() COMPLETED IN: 6 ms
2026-05-10 12:30:29 [http-nio-8082-exec-1] INFO  c.w.product.aspect.LoggingAspect - ==> API REQUEST: com.warehouse.product.controller.NotificationController.getNotifications()
2026-05-10 12:30:29 [http-nio-8082-exec-1] INFO  c.w.product.aspect.LoggingAspect - ==> SERVICE METHOD CALLED: com.warehouse.product.service.ProductService.getAllProducts()
2026-05-10 12:30:29 [http-nio-8082-exec-1] INFO  c.w.product.aspect.LoggingAspect - ==> METHOD: getAllProducts() COMPLETED IN: 16 ms
2026-05-10 12:30:32 [http-nio-8082-exec-2] INFO  c.w.product.aspect.LoggingAspect - ==> API REQUEST: com.warehouse.product.controller.NotificationController.getNotifications()
2026-05-10 12:30:32 [http-nio-8082-exec-2] INFO  c.w.product.aspect.LoggingAspect - ==> SERVICE METHOD CALLED: com.warehouse.product.service.ProductService.getAllProducts()
2026-05-10 12:30:32 [http-nio-8082-exec-2] INFO  c.w.product.aspect.LoggingAspect - ==> METHOD: getAllProducts() COMPLETED IN: 5 ms
2026-05-10 12:30:35 [http-nio-8082-exec-6] INFO  c.w.product.aspect.LoggingAspect - ==> API REQUEST: com.warehouse.product.controller.NotificationController.getNotifications()
2026-05-10 12:30:35 [http-nio-8082-exec-6] INFO  c.w.product.aspect.LoggingAspect - ==> SERVICE METHOD CALLED: com.warehouse.product.service.ProductService.getAllProducts()
2026-05-10 12:30:35 [http-nio-8082-exec-6] INFO  c.w.product.aspect.LoggingAspect - ==> METHOD: getAllProducts() COMPLETED IN: 4 ms
2026-05-10 12:30:36 [http-nio-8082-exec-8] INFO  c.w.product.aspect.LoggingAspect - ==> API REQUEST: com.warehouse.product.controller.NotificationController.getNotifications()
2026-05-10 12:30:36 [http-nio-8082-exec-8] INFO  c.w.product.aspect.LoggingAspect - ==> SERVICE METHOD CALLED: com.warehouse.product.service.ProductService.getAllProducts()
2026-05-10 12:30:36 [http-nio-8082-exec-8] INFO  c.w.product.aspect.LoggingAspect - ==> METHOD: getAllProducts() COMPLETED IN: 6 ms
2026-05-10 12:30:37 [http-nio-8082-exec-3] INFO  c.w.product.aspect.LoggingAspect - ==> API REQUEST: com.warehouse.product.controller.NotificationController.getNotifications()
2026-05-10 12:30:37 [http-nio-8082-exec-3] INFO  c.w.product.aspect.LoggingAspect - ==> SERVICE METHOD CALLED: com.warehouse.product.service.ProductService.getAllProducts()
2026-05-10 12:30:37 [http-nio-8082-exec-3] INFO  c.w.product.aspect.LoggingAspect - ==> METHOD: getAllProducts() COMPLETED IN: 6 ms
2026-05-10 12:30:37 [http-nio-8082-exec-5] INFO  c.w.product.aspect.LoggingAspect - ==> API REQUEST: com.warehouse.product.controller.NotificationController.getNotifications()
2026-05-10 12:30:37 [http-nio-8082-exec-5] INFO  c.w.product.aspect.LoggingAspect - ==> SERVICE METHOD CALLED: com.warehouse.product.service.ProductService.getAllProducts()
2026-05-10 12:30:37 [http-nio-8082-exec-5] INFO  c.w.product.aspect.LoggingAspect - ==> METHOD: getAllProducts() COMPLETED IN: 6 ms
2026-05-10 12:30:38 [http-nio-8082-exec-9] INFO  c.w.product.aspect.LoggingAspect - ==> API REQUEST: com.warehouse.product.controller.NotificationController.getNotifications()
2026-05-10 12:30:38 [http-nio-8082-exec-9] INFO  c.w.product.aspect.LoggingAspect - ==> SERVICE METHOD CALLED: com.warehouse.product.service.ProductService.getAllProducts()
2026-05-10 12:30:38 [http-nio-8082-exec-9] INFO  c.w.product.aspect.LoggingAspect - ==> METHOD: getAllProducts() COMPLETED IN: 15 ms
2026-05-10 12:30:39 [http-nio-8082-exec-4] INFO  c.w.product.aspect.LoggingAspect - ==> API REQUEST: com.warehouse.product.controller.NotificationController.getNotifications()
2026-05-10 12:30:39 [http-nio-8082-exec-4] INFO  c.w.product.aspect.LoggingAspect - ==> SERVICE METHOD CALLED: com.warehouse.product.service.ProductService.getAllProducts()
2026-05-10 12:30:39 [http-nio-8082-exec-4] INFO  c.w.product.aspect.LoggingAspect - ==> METHOD: getAllProducts() COMPLETED IN: 13 ms
2026-05-10 12:30:39 [http-nio-8082-exec-7] INFO  c.w.product.aspect.LoggingAspect - ==> API REQUEST: com.warehouse.product.controller.NotificationController.getNotifications()
2026-05-10 12:30:39 [http-nio-8082-exec-7] INFO  c.w.product.aspect.LoggingAspect - ==> SERVICE METHOD CALLED: com.warehouse.product.service.ProductService.getAllProducts()
2026-05-10 12:30:39 [http-nio-8082-exec-7] INFO  c.w.product.aspect.LoggingAspect - ==> METHOD: getAllProducts() COMPLETED IN: 6 ms
2026-05-10 12:30:39 [http-nio-8082-exec-10] INFO  c.w.product.aspect.LoggingAspect - ==> API REQUEST: com.warehouse.product.controller.NotificationController.getNotifications()
2026-05-10 12:30:39 [http-nio-8082-exec-10] INFO  c.w.product.aspect.LoggingAspect - ==> SERVICE METHOD CALLED: com.warehouse.product.service.ProductService.getAllProducts()
2026-05-10 12:30:39 [http-nio-8082-exec-10] INFO  c.w.product.aspect.LoggingAspect - ==> METHOD: getAllProducts() COMPLETED IN: 11 ms
2026-05-10 12:30:39 [http-nio-8082-exec-1] INFO  c.w.product.aspect.LoggingAspect - ==> API REQUEST: com.warehouse.product.controller.NotificationController.getNotifications()
2026-05-10 12:30:39 [http-nio-8082-exec-1] INFO  c.w.product.aspect.LoggingAspect - ==> SERVICE METHOD CALLED: com.warehouse.product.service.ProductService.getAllProducts()
2026-05-10 12:30:39 [http-nio-8082-exec-1] INFO  c.w.product.aspect.LoggingAspect - ==> METHOD: getAllProducts() COMPLETED IN: 8 ms
2026-05-10 12:30:42 [http-nio-8082-exec-2] INFO  c.w.product.aspect.LoggingAspect - ==> API REQUEST: com.warehouse.product.controller.NotificationController.getNotifications()
2026-05-10 12:30:42 [http-nio-8082-exec-2] INFO  c.w.product.aspect.LoggingAspect - ==> SERVICE METHOD CALLED: com.warehouse.product.service.ProductService.getAllProducts()
2026-05-10 12:30:42 [http-nio-8082-exec-2] INFO  c.w.product.aspect.LoggingAspect - ==> METHOD: getAllProducts() COMPLETED IN: 15 ms
2026-05-10 12:30:42 [http-nio-8082-exec-6] INFO  c.w.product.aspect.LoggingAspect - ==> API REQUEST: com.warehouse.product.controller.NotificationController.getNotifications()
2026-05-10 12:30:42 [http-nio-8082-exec-6] INFO  c.w.product.aspect.LoggingAspect - ==> SERVICE METHOD CALLED: com.warehouse.product.service.ProductService.getAllProducts()
2026-05-10 12:30:42 [http-nio-8082-exec-6] INFO  c.w.product.aspect.LoggingAspect - ==> METHOD: getAllProducts() COMPLETED IN: 10 ms
2026-05-10 12:30:43 [http-nio-8082-exec-8] INFO  c.w.product.aspect.LoggingAspect - ==> API REQUEST: com.warehouse.product.controller.NotificationController.getNotifications()
2026-05-10 12:30:43 [http-nio-8082-exec-8] INFO  c.w.product.aspect.LoggingAspect - ==> SERVICE METHOD CALLED: com.warehouse.product.service.ProductService.getAllProducts()
2026-05-10 12:30:43 [http-nio-8082-exec-8] INFO  c.w.product.aspect.LoggingAspect - ==> METHOD: getAllProducts() COMPLETED IN: 10 ms
2026-05-10 12:30:45 [http-nio-8082-exec-3] INFO  c.w.product.aspect.LoggingAspect - ==> API REQUEST: com.warehouse.product.controller.NotificationController.getNotifications()
2026-05-10 12:30:45 [http-nio-8082-exec-3] INFO  c.w.product.aspect.LoggingAspect - ==> SERVICE METHOD CALLED: com.warehouse.product.service.ProductService.getAllProducts()
2026-05-10 12:30:45 [http-nio-8082-exec-3] INFO  c.w.product.aspect.LoggingAspect - ==> METHOD: getAllProducts() COMPLETED IN: 11 ms
2026-05-10 12:30:46 [http-nio-8082-exec-5] INFO  c.w.product.aspect.LoggingAspect - ==> API REQUEST: com.warehouse.product.controller.NotificationController.getNotifications()
2026-05-10 12:30:46 [http-nio-8082-exec-5] INFO  c.w.product.aspect.LoggingAspect - ==> SERVICE METHOD CALLED: com.warehouse.product.service.ProductService.getAllProducts()
2026-05-10 12:30:46 [http-nio-8082-exec-5] INFO  c.w.product.aspect.LoggingAspect - ==> METHOD: getAllProducts() COMPLETED IN: 10 ms
2026-05-10 12:30:46 [http-nio-8082-exec-9] INFO  c.w.product.aspect.LoggingAspect - ==> API REQUEST: com.warehouse.product.controller.NotificationController.getNotifications()
2026-05-10 12:30:46 [http-nio-8082-exec-9] INFO  c.w.product.aspect.LoggingAspect - ==> SERVICE METHOD CALLED: com.warehouse.product.service.ProductService.getAllProducts()
2026-05-10 12:30:46 [http-nio-8082-exec-9] INFO  c.w.product.aspect.LoggingAspect - ==> METHOD: getAllProducts() COMPLETED IN: 6 ms
2026-05-10 12:30:47 [http-nio-8082-exec-4] INFO  c.w.product.aspect.LoggingAspect - ==> API REQUEST: com.warehouse.product.controller.NotificationController.getNotifications()
2026-05-10 12:30:47 [http-nio-8082-exec-4] INFO  c.w.product.aspect.LoggingAspect - ==> SERVICE METHOD CALLED: com.warehouse.product.service.ProductService.getAllProducts()
2026-05-10 12:30:47 [http-nio-8082-exec-4] INFO  c.w.product.aspect.LoggingAspect - ==> METHOD: getAllProducts() COMPLETED IN: 10 ms
2026-05-10 12:30:47 [http-nio-8082-exec-7] INFO  c.w.product.aspect.LoggingAspect - ==> API REQUEST: com.warehouse.product.controller.NotificationController.getNotifications()
2026-05-10 12:30:47 [http-nio-8082-exec-7] INFO  c.w.product.aspect.LoggingAspect - ==> SERVICE METHOD CALLED: com.warehouse.product.service.ProductService.getAllProducts()
2026-05-10 12:30:47 [http-nio-8082-exec-7] INFO  c.w.product.aspect.LoggingAspect - ==> METHOD: getAllProducts() COMPLETED IN: 6 ms
2026-05-10 12:30:49 [http-nio-8082-exec-10] INFO  c.w.product.aspect.LoggingAspect - ==> API REQUEST: com.warehouse.product.controller.NotificationController.getNotifications()
2026-05-10 12:30:49 [http-nio-8082-exec-10] INFO  c.w.product.aspect.LoggingAspect - ==> SERVICE METHOD CALLED: com.warehouse.product.service.ProductService.getAllProducts()
2026-05-10 12:30:49 [http-nio-8082-exec-10] INFO  c.w.product.aspect.LoggingAspect - ==> METHOD: getAllProducts() COMPLETED IN: 10 ms
2026-05-10 12:30:49 [http-nio-8082-exec-1] INFO  c.w.product.aspect.LoggingAspect - ==> API REQUEST: com.warehouse.product.controller.NotificationController.getNotifications()
2026-05-10 12:30:49 [http-nio-8082-exec-1] INFO  c.w.product.aspect.LoggingAspect - ==> SERVICE METHOD CALLED: com.warehouse.product.service.ProductService.getAllProducts()
2026-05-10 12:30:49 [http-nio-8082-exec-1] INFO  c.w.product.aspect.LoggingAspect - ==> METHOD: getAllProducts() COMPLETED IN: 0 ms
2026-05-10 12:30:50 [http-nio-8082-exec-2] INFO  c.w.product.aspect.LoggingAspect - ==> API REQUEST: com.warehouse.product.controller.NotificationController.getNotifications()
2026-05-10 12:30:50 [http-nio-8082-exec-2] INFO  c.w.product.aspect.LoggingAspect - ==> SERVICE METHOD CALLED: com.warehouse.product.service.ProductService.getAllProducts()
2026-05-10 12:30:50 [http-nio-8082-exec-2] INFO  c.w.product.aspect.LoggingAspect - ==> METHOD: getAllProducts() COMPLETED IN: 16 ms
2026-05-10 12:30:52 [http-nio-8082-exec-6] INFO  c.w.product.aspect.LoggingAspect - ==> API REQUEST: com.warehouse.product.controller.NotificationController.getNotifications()
2026-05-10 12:30:52 [http-nio-8082-exec-6] INFO  c.w.product.aspect.LoggingAspect - ==> SERVICE METHOD CALLED: com.warehouse.product.service.ProductService.getAllProducts()
2026-05-10 12:30:52 [http-nio-8082-exec-6] INFO  c.w.product.aspect.LoggingAspect - ==> METHOD: getAllProducts() COMPLETED IN: 11 ms
2026-05-10 12:30:53 [http-nio-8082-exec-8] INFO  c.w.product.aspect.LoggingAspect - ==> API REQUEST: com.warehouse.product.controller.NotificationController.getNotifications()
2026-05-10 12:30:53 [http-nio-8082-exec-8] INFO  c.w.product.aspect.LoggingAspect - ==> SERVICE METHOD CALLED: com.warehouse.product.service.ProductService.getAllProducts()
2026-05-10 12:30:53 [http-nio-8082-exec-8] INFO  c.w.product.aspect.LoggingAspect - ==> METHOD: getAllProducts() COMPLETED IN: 8 ms
2026-05-10 12:30:55 [http-nio-8082-exec-3] INFO  c.w.product.aspect.LoggingAspect - ==> API REQUEST: com.warehouse.product.controller.NotificationController.getNotifications()
2026-05-10 12:30:55 [http-nio-8082-exec-3] INFO  c.w.product.aspect.LoggingAspect - ==> SERVICE METHOD CALLED: com.warehouse.product.service.ProductService.getAllProducts()
2026-05-10 12:30:55 [http-nio-8082-exec-3] INFO  c.w.product.aspect.LoggingAspect - ==> METHOD: getAllProducts() COMPLETED IN: 8 ms
2026-05-10 12:30:56 [http-nio-8082-exec-5] INFO  c.w.product.aspect.LoggingAspect - ==> API REQUEST: com.warehouse.product.controller.NotificationController.getNotifications()
2026-05-10 12:30:56 [http-nio-8082-exec-5] INFO  c.w.product.aspect.LoggingAspect - ==> SERVICE METHOD CALLED: com.warehouse.product.service.ProductService.getAllProducts()
2026-05-10 12:30:56 [http-nio-8082-exec-5] INFO  c.w.product.aspect.LoggingAspect - ==> METHOD: getAllProducts() COMPLETED IN: 7 ms
2026-05-10 12:30:57 [http-nio-8082-exec-9] INFO  c.w.product.aspect.LoggingAspect - ==> API REQUEST: com.warehouse.product.controller.NotificationController.getNotifications()
2026-05-10 12:30:57 [http-nio-8082-exec-9] INFO  c.w.product.aspect.LoggingAspect - ==> SERVICE METHOD CALLED: com.warehouse.product.service.ProductService.getAllProducts()
2026-05-10 12:30:57 [http-nio-8082-exec-9] INFO  c.w.product.aspect.LoggingAspect - ==> METHOD: getAllProducts() COMPLETED IN: 2 ms
2026-05-10 12:30:59 [http-nio-8082-exec-4] INFO  c.w.product.aspect.LoggingAspect - ==> API REQUEST: com.warehouse.product.controller.NotificationController.getNotifications()
2026-05-10 12:30:59 [http-nio-8082-exec-4] INFO  c.w.product.aspect.LoggingAspect - ==> SERVICE METHOD CALLED: com.warehouse.product.service.ProductService.getAllProducts()
2026-05-10 12:30:59 [http-nio-8082-exec-4] INFO  c.w.product.aspect.LoggingAspect - ==> METHOD: getAllProducts() COMPLETED IN: 6 ms
2026-05-10 12:31:02 [http-nio-8082-exec-7] INFO  c.w.product.aspect.LoggingAspect - ==> API REQUEST: com.warehouse.product.controller.NotificationController.getNotifications()
2026-05-10 12:31:02 [http-nio-8082-exec-7] INFO  c.w.product.aspect.LoggingAspect - ==> SERVICE METHOD CALLED: com.warehouse.product.service.ProductService.getAllProducts()
2026-05-10 12:31:02 [http-nio-8082-exec-7] INFO  c.w.product.aspect.LoggingAspect - ==> METHOD: getAllProducts() COMPLETED IN: 4 ms
2026-05-10 12:31:05 [http-nio-8082-exec-10] INFO  c.w.product.aspect.LoggingAspect - ==> API REQUEST: com.warehouse.product.controller.NotificationController.getNotifications()
2026-05-10 12:31:05 [http-nio-8082-exec-10] INFO  c.w.product.aspect.LoggingAspect - ==> SERVICE METHOD CALLED: com.warehouse.product.service.ProductService.getAllProducts()
2026-05-10 12:31:05 [http-nio-8082-exec-10] INFO  c.w.product.aspect.LoggingAspect - ==> METHOD: getAllProducts() COMPLETED IN: 10 ms
2026-05-10 12:31:08 [http-nio-8082-exec-1] INFO  c.w.product.aspect.LoggingAspect - ==> API REQUEST: com.warehouse.product.controller.NotificationController.getNotifications()
2026-05-10 12:31:08 [http-nio-8082-exec-1] INFO  c.w.product.aspect.LoggingAspect - ==> SERVICE METHOD CALLED: com.warehouse.product.service.ProductService.getAllProducts()
2026-05-10 12:31:08 [http-nio-8082-exec-1] INFO  c.w.product.aspect.LoggingAspect - ==> METHOD: getAllProducts() COMPLETED IN: 4 ms
2026-05-10 12:31:08 [http-nio-8082-exec-2] INFO  c.w.product.aspect.LoggingAspect - ==> API REQUEST: com.warehouse.product.controller.NotificationController.getNotifications()
2026-05-10 12:31:08 [http-nio-8082-exec-2] INFO  c.w.product.aspect.LoggingAspect - ==> SERVICE METHOD CALLED: com.warehouse.product.service.ProductService.getAllProducts()
2026-05-10 12:31:08 [http-nio-8082-exec-2] INFO  c.w.product.aspect.LoggingAspect - ==> METHOD: getAllProducts() COMPLETED IN: 6 ms
2026-05-10 12:31:08 [http-nio-8082-exec-6] INFO  c.w.product.aspect.LoggingAspect - ==> API REQUEST: com.warehouse.product.controller.NotificationController.getNotifications()
2026-05-10 12:31:08 [http-nio-8082-exec-6] INFO  c.w.product.aspect.LoggingAspect - ==> SERVICE METHOD CALLED: com.warehouse.product.service.ProductService.getAllProducts()
2026-05-10 12:31:08 [http-nio-8082-exec-6] INFO  c.w.product.aspect.LoggingAspect - ==> METHOD: getAllProducts() COMPLETED IN: 4 ms
2026-05-10 12:31:08 [http-nio-8082-exec-8] INFO  c.w.product.aspect.LoggingAspect - ==> API REQUEST: com.warehouse.product.controller.NotificationController.getNotifications()
2026-05-10 12:31:08 [http-nio-8082-exec-8] INFO  c.w.product.aspect.LoggingAspect - ==> SERVICE METHOD CALLED: com.warehouse.product.service.ProductService.getAllProducts()
2026-05-10 12:31:08 [http-nio-8082-exec-8] INFO  c.w.product.aspect.LoggingAspect - ==> METHOD: getAllProducts() COMPLETED IN: 5 ms
2026-05-10 12:31:09 [http-nio-8082-exec-3] INFO  c.w.product.aspect.LoggingAspect - ==> API REQUEST: com.warehouse.product.controller.NotificationController.getNotifications()
2026-05-10 12:31:09 [http-nio-8082-exec-3] INFO  c.w.product.aspect.LoggingAspect - ==> SERVICE METHOD CALLED: com.warehouse.product.service.ProductService.getAllProducts()
2026-05-10 12:31:09 [http-nio-8082-exec-3] INFO  c.w.product.aspect.LoggingAspect - ==> METHOD: getAllProducts() COMPLETED IN: 3 ms
2026-05-10 12:31:09 [http-nio-8082-exec-5] INFO  c.w.product.aspect.LoggingAspect - ==> API REQUEST: com.warehouse.product.controller.NotificationController.getNotifications()
2026-05-10 12:31:09 [http-nio-8082-exec-5] INFO  c.w.product.aspect.LoggingAspect - ==> SERVICE METHOD CALLED: com.warehouse.product.service.ProductService.getAllProducts()
2026-05-10 12:31:09 [http-nio-8082-exec-5] INFO  c.w.product.aspect.LoggingAspect - ==> METHOD: getAllProducts() COMPLETED IN: 10 ms
2026-05-10 12:31:09 [http-nio-8082-exec-9] INFO  c.w.product.aspect.LoggingAspect - ==> API REQUEST: com.warehouse.product.controller.NotificationController.getNotifications()
2026-05-10 12:31:09 [http-nio-8082-exec-9] INFO  c.w.product.aspect.LoggingAspect - ==> SERVICE METHOD CALLED: com.warehouse.product.service.ProductService.getAllProducts()
2026-05-10 12:31:09 [http-nio-8082-exec-9] INFO  c.w.product.aspect.LoggingAspect - ==> METHOD: getAllProducts() COMPLETED IN: 3 ms
2026-05-10 12:31:09 [http-nio-8082-exec-4] INFO  c.w.product.aspect.LoggingAspect - ==> API REQUEST: com.warehouse.product.controller.NotificationController.getNotifications()
2026-05-10 12:31:09 [http-nio-8082-exec-4] INFO  c.w.product.aspect.LoggingAspect - ==> SERVICE METHOD CALLED: com.warehouse.product.service.ProductService.getAllProducts()
2026-05-10 12:31:09 [http-nio-8082-exec-4] INFO  c.w.product.aspect.LoggingAspect - ==> METHOD: getAllProducts() COMPLETED IN: 3 ms
2026-05-10 12:31:29 [http-nio-8082-exec-7] INFO  c.w.product.aspect.LoggingAspect - ==> API REQUEST: com.warehouse.product.controller.NotificationController.getNotifications()
2026-05-10 12:31:29 [http-nio-8082-exec-7] INFO  c.w.product.aspect.LoggingAspect - ==> SERVICE METHOD CALLED: com.warehouse.product.service.ProductService.getAllProducts()
2026-05-10 12:31:29 [http-nio-8082-exec-7] INFO  c.w.product.aspect.LoggingAspect - ==> METHOD: getAllProducts() COMPLETED IN: 5 ms
2026-05-10 12:31:45 [http-nio-8082-exec-10] INFO  c.w.product.aspect.LoggingAspect - ==> API REQUEST: com.warehouse.product.controller.NotificationController.getNotifications()
2026-05-10 12:31:45 [http-nio-8082-exec-10] INFO  c.w.product.aspect.LoggingAspect - ==> SERVICE METHOD CALLED: com.warehouse.product.service.ProductService.getAllProducts()
2026-05-10 12:31:45 [http-nio-8082-exec-10] INFO  c.w.product.aspect.LoggingAspect - ==> METHOD: getAllProducts() COMPLETED IN: 9 ms
2026-05-10 12:31:45 [http-nio-8082-exec-1] INFO  c.w.product.aspect.LoggingAspect - ==> API REQUEST: com.warehouse.product.controller.NotificationController.getNotifications()
2026-05-10 12:31:45 [http-nio-8082-exec-1] INFO  c.w.product.aspect.LoggingAspect - ==> SERVICE METHOD CALLED: com.warehouse.product.service.ProductService.getAllProducts()
2026-05-10 12:31:45 [http-nio-8082-exec-1] INFO  c.w.product.aspect.LoggingAspect - ==> METHOD: getAllProducts() COMPLETED IN: 4 ms
2026-05-10 12:31:45 [http-nio-8082-exec-2] INFO  c.w.product.aspect.LoggingAspect - ==> API REQUEST: com.warehouse.product.controller.NotificationController.getNotifications()
2026-05-10 12:31:45 [http-nio-8082-exec-2] INFO  c.w.product.aspect.LoggingAspect - ==> SERVICE METHOD CALLED: com.warehouse.product.service.ProductService.getAllProducts()
2026-05-10 12:31:45 [http-nio-8082-exec-2] INFO  c.w.product.aspect.LoggingAspect - ==> METHOD: getAllProducts() COMPLETED IN: 4 ms
2026-05-10 12:31:45 [http-nio-8082-exec-6] INFO  c.w.product.aspect.LoggingAspect - ==> API REQUEST: com.warehouse.product.controller.NotificationController.getNotifications()
2026-05-10 12:31:45 [http-nio-8082-exec-6] INFO  c.w.product.aspect.LoggingAspect - ==> SERVICE METHOD CALLED: com.warehouse.product.service.ProductService.getAllProducts()
2026-05-10 12:31:45 [http-nio-8082-exec-6] INFO  c.w.product.aspect.LoggingAspect - ==> METHOD: getAllProducts() COMPLETED IN: 3 ms
2026-05-10 12:31:45 [http-nio-8082-exec-8] INFO  c.w.product.aspect.LoggingAspect - ==> API REQUEST: com.warehouse.product.controller.NotificationController.getNotifications()
2026-05-10 12:31:45 [http-nio-8082-exec-8] INFO  c.w.product.aspect.LoggingAspect - ==> SERVICE METHOD CALLED: com.warehouse.product.service.ProductService.getAllProducts()
2026-05-10 12:31:45 [http-nio-8082-exec-8] INFO  c.w.product.aspect.LoggingAspect - ==> METHOD: getAllProducts() COMPLETED IN: 5 ms
2026-05-10 12:31:45 [http-nio-8082-exec-3] INFO  c.w.product.aspect.LoggingAspect - ==> API REQUEST: com.warehouse.product.controller.NotificationController.getNotifications()
2026-05-10 12:31:45 [http-nio-8082-exec-3] INFO  c.w.product.aspect.LoggingAspect - ==> SERVICE METHOD CALLED: com.warehouse.product.service.ProductService.getAllProducts()
2026-05-10 12:31:45 [http-nio-8082-exec-3] INFO  c.w.product.aspect.LoggingAspect - ==> METHOD: getAllProducts() COMPLETED IN: 4 ms
2026-05-10 12:31:45 [http-nio-8082-exec-5] INFO  c.w.product.aspect.LoggingAspect - ==> API REQUEST: com.warehouse.product.controller.NotificationController.getNotifications()
2026-05-10 12:31:45 [http-nio-8082-exec-5] INFO  c.w.product.aspect.LoggingAspect - ==> SERVICE METHOD CALLED: com.warehouse.product.service.ProductService.getAllProducts()
2026-05-10 12:31:45 [http-nio-8082-exec-5] INFO  c.w.product.aspect.LoggingAspect - ==> METHOD: getAllProducts() COMPLETED IN: 5 ms
2026-05-10 12:31:45 [http-nio-8082-exec-9] INFO  c.w.product.aspect.LoggingAspect - ==> API REQUEST: com.warehouse.product.controller.NotificationController.getNotifications()
2026-05-10 12:31:45 [http-nio-8082-exec-9] INFO  c.w.product.aspect.LoggingAspect - ==> SERVICE METHOD CALLED: com.warehouse.product.service.ProductService.getAllProducts()
2026-05-10 12:31:45 [http-nio-8082-exec-9] INFO  c.w.product.aspect.LoggingAspect - ==> METHOD: getAllProducts() COMPLETED IN: 3 ms
2026-05-10 12:31:45 [http-nio-8082-exec-4] INFO  c.w.product.aspect.LoggingAspect - ==> API REQUEST: com.warehouse.product.controller.NotificationController.getNotifications()
2026-05-10 12:31:45 [http-nio-8082-exec-4] INFO  c.w.product.aspect.LoggingAspect - ==> SERVICE METHOD CALLED: com.warehouse.product.service.ProductService.getAllProducts()
2026-05-10 12:31:45 [http-nio-8082-exec-4] INFO  c.w.product.aspect.LoggingAspect - ==> METHOD: getAllProducts() COMPLETED IN: 4 ms
2026-05-10 12:31:45 [http-nio-8082-exec-7] INFO  c.w.product.aspect.LoggingAspect - ==> API REQUEST: com.warehouse.product.controller.NotificationController.getNotifications()
2026-05-10 12:31:45 [http-nio-8082-exec-7] INFO  c.w.product.aspect.LoggingAspect - ==> SERVICE METHOD CALLED: com.warehouse.product.service.ProductService.getAllProducts()
2026-05-10 12:31:45 [http-nio-8082-exec-7] INFO  c.w.product.aspect.LoggingAspect - ==> METHOD: getAllProducts() COMPLETED IN: 5 ms
2026-05-10 12:31:45 [http-nio-8082-exec-10] INFO  c.w.product.aspect.LoggingAspect - ==> API REQUEST: com.warehouse.product.controller.NotificationController.getNotifications()
2026-05-10 12:31:45 [http-nio-8082-exec-10] INFO  c.w.product.aspect.LoggingAspect - ==> SERVICE METHOD CALLED: com.warehouse.product.service.ProductService.getAllProducts()
2026-05-10 12:31:45 [http-nio-8082-exec-10] INFO  c.w.product.aspect.LoggingAspect - ==> METHOD: getAllProducts() COMPLETED IN: 4 ms
2026-05-10 12:31:45 [http-nio-8082-exec-1] INFO  c.w.product.aspect.LoggingAspect - ==> API REQUEST: com.warehouse.product.controller.NotificationController.getNotifications()
2026-05-10 12:31:45 [http-nio-8082-exec-1] INFO  c.w.product.aspect.LoggingAspect - ==> SERVICE METHOD CALLED: com.warehouse.product.service.ProductService.getAllProducts()
2026-05-10 12:31:45 [http-nio-8082-exec-1] INFO  c.w.product.aspect.LoggingAspect - ==> METHOD: getAllProducts() COMPLETED IN: 5 ms
2026-05-10 12:31:45 [http-nio-8082-exec-2] INFO  c.w.product.aspect.LoggingAspect - ==> API REQUEST: com.warehouse.product.controller.NotificationController.getNotifications()
2026-05-10 12:31:45 [http-nio-8082-exec-2] INFO  c.w.product.aspect.LoggingAspect - ==> SERVICE METHOD CALLED: com.warehouse.product.service.ProductService.getAllProducts()
2026-05-10 12:31:45 [http-nio-8082-exec-2] INFO  c.w.product.aspect.LoggingAspect - ==> METHOD: getAllProducts() COMPLETED IN: 4 ms
2026-05-10 12:31:45 [http-nio-8082-exec-6] INFO  c.w.product.aspect.LoggingAspect - ==> API REQUEST: com.warehouse.product.controller.NotificationController.getNotifications()
2026-05-10 12:31:45 [http-nio-8082-exec-6] INFO  c.w.product.aspect.LoggingAspect - ==> SERVICE METHOD CALLED: com.warehouse.product.service.ProductService.getAllProducts()
2026-05-10 12:31:45 [http-nio-8082-exec-6] INFO  c.w.product.aspect.LoggingAspect - ==> METHOD: getAllProducts() COMPLETED IN: 28 ms
2026-05-10 12:31:45 [http-nio-8082-exec-8] INFO  c.w.product.aspect.LoggingAspect - ==> API REQUEST: com.warehouse.product.controller.NotificationController.getNotifications()
2026-05-10 12:31:45 [http-nio-8082-exec-8] INFO  c.w.product.aspect.LoggingAspect - ==> SERVICE METHOD CALLED: com.warehouse.product.service.ProductService.getAllProducts()
2026-05-10 12:31:45 [http-nio-8082-exec-8] INFO  c.w.product.aspect.LoggingAspect - ==> METHOD: getAllProducts() COMPLETED IN: 3 ms
2026-05-10 12:31:45 [http-nio-8082-exec-3] INFO  c.w.product.aspect.LoggingAspect - ==> API REQUEST: com.warehouse.product.controller.NotificationController.getNotifications()
2026-05-10 12:31:45 [http-nio-8082-exec-3] INFO  c.w.product.aspect.LoggingAspect - ==> SERVICE METHOD CALLED: com.warehouse.product.service.ProductService.getAllProducts()
2026-05-10 12:31:45 [http-nio-8082-exec-3] INFO  c.w.product.aspect.LoggingAspect - ==> METHOD: getAllProducts() COMPLETED IN: 0 ms
2026-05-10 12:31:45 [http-nio-8082-exec-5] INFO  c.w.product.aspect.LoggingAspect - ==> API REQUEST: com.warehouse.product.controller.NotificationController.getNotifications()
2026-05-10 12:31:45 [http-nio-8082-exec-5] INFO  c.w.product.aspect.LoggingAspect - ==> SERVICE METHOD CALLED: com.warehouse.product.service.ProductService.getAllProducts()
2026-05-10 12:31:45 [http-nio-8082-exec-5] INFO  c.w.product.aspect.LoggingAspect - ==> METHOD: getAllProducts() COMPLETED IN: 7 ms
2026-05-10 12:31:45 [http-nio-8082-exec-9] INFO  c.w.product.aspect.LoggingAspect - ==> API REQUEST: com.warehouse.product.controller.NotificationController.getNotifications()
2026-05-10 12:31:45 [http-nio-8082-exec-9] INFO  c.w.product.aspect.LoggingAspect - ==> SERVICE METHOD CALLED: com.warehouse.product.service.ProductService.getAllProducts()
2026-05-10 12:31:45 [http-nio-8082-exec-9] INFO  c.w.product.aspect.LoggingAspect - ==> METHOD: getAllProducts() COMPLETED IN: 1 ms
2026-05-10 12:31:45 [http-nio-8082-exec-4] INFO  c.w.product.aspect.LoggingAspect - ==> API REQUEST: com.warehouse.product.controller.NotificationController.getNotifications()
2026-05-10 12:31:45 [http-nio-8082-exec-4] INFO  c.w.product.aspect.LoggingAspect - ==> SERVICE METHOD CALLED: com.warehouse.product.service.ProductService.getAllProducts()
2026-05-10 12:31:45 [http-nio-8082-exec-4] INFO  c.w.product.aspect.LoggingAspect - ==> METHOD: getAllProducts() COMPLETED IN: 5 ms
2026-05-10 12:31:45 [http-nio-8082-exec-7] INFO  c.w.product.aspect.LoggingAspect - ==> API REQUEST: com.warehouse.product.controller.NotificationController.getNotifications()
2026-05-10 12:31:45 [http-nio-8082-exec-7] INFO  c.w.product.aspect.LoggingAspect - ==> SERVICE METHOD CALLED: com.warehouse.product.service.ProductService.getAllProducts()
2026-05-10 12:31:45 [http-nio-8082-exec-7] INFO  c.w.product.aspect.LoggingAspect - ==> METHOD: getAllProducts() COMPLETED IN: 0 ms
2026-05-10 12:31:45 [http-nio-8082-exec-10] INFO  c.w.product.aspect.LoggingAspect - ==> API REQUEST: com.warehouse.product.controller.NotificationController.getNotifications()
2026-05-10 12:31:45 [http-nio-8082-exec-10] INFO  c.w.product.aspect.LoggingAspect - ==> SERVICE METHOD CALLED: com.warehouse.product.service.ProductService.getAllProducts()
2026-05-10 12:31:45 [http-nio-8082-exec-10] INFO  c.w.product.aspect.LoggingAspect - ==> METHOD: getAllProducts() COMPLETED IN: 0 ms
2026-05-10 12:31:45 [http-nio-8082-exec-1] INFO  c.w.product.aspect.LoggingAspect - ==> API REQUEST: com.warehouse.product.controller.NotificationController.getNotifications()
2026-05-10 12:31:45 [http-nio-8082-exec-1] INFO  c.w.product.aspect.LoggingAspect - ==> SERVICE METHOD CALLED: com.warehouse.product.service.ProductService.getAllProducts()
2026-05-10 12:31:45 [http-nio-8082-exec-1] INFO  c.w.product.aspect.LoggingAspect - ==> METHOD: getAllProducts() COMPLETED IN: 0 ms
2026-05-10 12:31:45 [http-nio-8082-exec-2] INFO  c.w.product.aspect.LoggingAspect - ==> API REQUEST: com.warehouse.product.controller.NotificationController.getNotifications()
2026-05-10 12:31:45 [http-nio-8082-exec-2] INFO  c.w.product.aspect.LoggingAspect - ==> SERVICE METHOD CALLED: com.warehouse.product.service.ProductService.getAllProducts()
2026-05-10 12:31:45 [http-nio-8082-exec-2] INFO  c.w.product.aspect.LoggingAspect - ==> METHOD: getAllProducts() COMPLETED IN: 5 ms
2026-05-10 12:31:45 [http-nio-8082-exec-6] INFO  c.w.product.aspect.LoggingAspect - ==> API REQUEST: com.warehouse.product.controller.NotificationController.getNotifications()
2026-05-10 12:31:45 [http-nio-8082-exec-6] INFO  c.w.product.aspect.LoggingAspect - ==> SERVICE METHOD CALLED: com.warehouse.product.service.ProductService.getAllProducts()
2026-05-10 12:31:45 [http-nio-8082-exec-6] INFO  c.w.product.aspect.LoggingAspect - ==> METHOD: getAllProducts() COMPLETED IN: 2 ms
2026-05-10 12:31:45 [http-nio-8082-exec-8] INFO  c.w.product.aspect.LoggingAspect - ==> API REQUEST: com.warehouse.product.controller.NotificationController.getNotifications()
2026-05-10 12:31:45 [http-nio-8082-exec-8] INFO  c.w.product.aspect.LoggingAspect - ==> SERVICE METHOD CALLED: com.warehouse.product.service.ProductService.getAllProducts()
2026-05-10 12:31:45 [http-nio-8082-exec-8] INFO  c.w.product.aspect.LoggingAspect - ==> METHOD: getAllProducts() COMPLETED IN: 3 ms
2026-05-10 12:31:45 [http-nio-8082-exec-3] INFO  c.w.product.aspect.LoggingAspect - ==> API REQUEST: com.warehouse.product.controller.NotificationController.getNotifications()
2026-05-10 12:31:45 [http-nio-8082-exec-3] INFO  c.w.product.aspect.LoggingAspect - ==> SERVICE METHOD CALLED: com.warehouse.product.service.ProductService.getAllProducts()
2026-05-10 12:31:45 [http-nio-8082-exec-3] INFO  c.w.product.aspect.LoggingAspect - ==> METHOD: getAllProducts() COMPLETED IN: 4 ms
2026-05-10 12:31:59 [http-nio-8082-exec-5] INFO  c.w.product.aspect.LoggingAspect - ==> API REQUEST: com.warehouse.product.controller.NotificationController.getNotifications()
2026-05-10 12:31:59 [http-nio-8082-exec-5] INFO  c.w.product.aspect.LoggingAspect - ==> SERVICE METHOD CALLED: com.warehouse.product.service.ProductService.getAllProducts()
2026-05-10 12:31:59 [http-nio-8082-exec-5] INFO  c.w.product.aspect.LoggingAspect - ==> METHOD: getAllProducts() COMPLETED IN: 16 ms
2026-05-10 12:32:29 [http-nio-8082-exec-9] INFO  c.w.product.aspect.LoggingAspect - ==> API REQUEST: com.warehouse.product.controller.NotificationController.getNotifications()
2026-05-10 12:32:29 [http-nio-8082-exec-9] INFO  c.w.product.aspect.LoggingAspect - ==> SERVICE METHOD CALLED: com.warehouse.product.service.ProductService.getAllProducts()
2026-05-10 12:32:29 [http-nio-8082-exec-9] INFO  c.w.product.aspect.LoggingAspect - ==> METHOD: getAllProducts() COMPLETED IN: 7 ms
2026-05-10 15:24:09 [http-nio-8082-exec-2] INFO  c.w.product.aspect.LoggingAspect - ==> API REQUEST: com.warehouse.product.controller.NotificationController.getNotifications()
2026-05-10 15:24:09 [http-nio-8082-exec-1] INFO  c.w.product.aspect.LoggingAspect - ==> API REQUEST: com.warehouse.product.controller.ProductController.getAllProducts()
2026-05-10 15:24:09 [http-nio-8082-exec-1] INFO  c.w.product.aspect.LoggingAspect - ==> SERVICE METHOD CALLED: com.warehouse.product.service.ProductService.getAllProducts()
2026-05-10 15:24:09 [http-nio-8082-exec-2] INFO  c.w.product.aspect.LoggingAspect - ==> SERVICE METHOD CALLED: com.warehouse.product.service.ProductService.getAllProducts()
2026-05-10 15:24:10 [http-nio-8082-exec-2] INFO  c.w.product.aspect.LoggingAspect - ==> METHOD: getAllProducts() COMPLETED IN: 1202 ms
2026-05-10 15:24:10 [http-nio-8082-exec-1] INFO  c.w.product.aspect.LoggingAspect - ==> METHOD: getAllProducts() COMPLETED IN: 1204 ms
2026-05-10 15:24:17 [http-nio-8082-exec-3] INFO  c.w.product.aspect.LoggingAspect - ==> API REQUEST: com.warehouse.product.controller.ProductController.getAllProducts()
2026-05-10 15:24:17 [http-nio-8082-exec-4] INFO  c.w.product.aspect.LoggingAspect - ==> API REQUEST: com.warehouse.product.controller.NotificationController.getNotifications()
2026-05-10 15:24:17 [http-nio-8082-exec-3] INFO  c.w.product.aspect.LoggingAspect - ==> SERVICE METHOD CALLED: com.warehouse.product.service.ProductService.getAllProducts()
2026-05-10 15:24:17 [http-nio-8082-exec-4] INFO  c.w.product.aspect.LoggingAspect - ==> SERVICE METHOD CALLED: com.warehouse.product.service.ProductService.getAllProducts()
2026-05-10 15:24:17 [http-nio-8082-exec-4] INFO  c.w.product.aspect.LoggingAspect - ==> METHOD: getAllProducts() COMPLETED IN: 61 ms
2026-05-10 15:24:17 [http-nio-8082-exec-3] INFO  c.w.product.aspect.LoggingAspect - ==> METHOD: getAllProducts() COMPLETED IN: 64 ms
2026-05-10 15:24:22 [http-nio-8082-exec-5] INFO  c.w.product.aspect.LoggingAspect - ==> API REQUEST: com.warehouse.product.controller.NotificationController.getNotifications()
2026-05-10 15:24:22 [http-nio-8082-exec-5] INFO  c.w.product.aspect.LoggingAspect - ==> SERVICE METHOD CALLED: com.warehouse.product.service.ProductService.getAllProducts()
2026-05-10 15:24:22 [http-nio-8082-exec-5] INFO  c.w.product.aspect.LoggingAspect - ==> METHOD: getAllProducts() COMPLETED IN: 26 ms
2026-05-10 15:24:24 [http-nio-8082-exec-6] INFO  c.w.product.aspect.LoggingAspect - ==> API REQUEST: com.warehouse.product.controller.ProductController.getAllProducts()
2026-05-10 15:24:24 [http-nio-8082-exec-6] INFO  c.w.product.aspect.LoggingAspect - ==> SERVICE METHOD CALLED: com.warehouse.product.service.ProductService.getAllProducts()
2026-05-10 15:24:24 [http-nio-8082-exec-7] INFO  c.w.product.aspect.LoggingAspect - ==> API REQUEST: com.warehouse.product.controller.NotificationController.getNotifications()
2026-05-10 15:24:24 [http-nio-8082-exec-7] INFO  c.w.product.aspect.LoggingAspect - ==> SERVICE METHOD CALLED: com.warehouse.product.service.ProductService.getAllProducts()
2026-05-10 15:24:24 [http-nio-8082-exec-6] INFO  c.w.product.aspect.LoggingAspect - ==> METHOD: getAllProducts() COMPLETED IN: 31 ms
2026-05-10 15:24:24 [http-nio-8082-exec-7] INFO  c.w.product.aspect.LoggingAspect - ==> METHOD: getAllProducts() COMPLETED IN: 30 ms
2026-05-10 15:24:31 [http-nio-8082-exec-9] INFO  c.w.product.aspect.LoggingAspect - ==> API REQUEST: com.warehouse.product.controller.NotificationController.getNotifications()
2026-05-10 15:24:31 [http-nio-8082-exec-9] INFO  c.w.product.aspect.LoggingAspect - ==> SERVICE METHOD CALLED: com.warehouse.product.service.ProductService.getAllProducts()
2026-05-10 15:24:31 [http-nio-8082-exec-9] INFO  c.w.product.aspect.LoggingAspect - ==> METHOD: getAllProducts() COMPLETED IN: 22 ms
2026-05-10 15:24:38 [http-nio-8082-exec-8] INFO  c.w.product.aspect.LoggingAspect - ==> API REQUEST: com.warehouse.product.controller.NotificationController.getNotifications()
2026-05-10 15:24:38 [http-nio-8082-exec-8] INFO  c.w.product.aspect.LoggingAspect - ==> SERVICE METHOD CALLED: com.warehouse.product.service.ProductService.getAllProducts()
2026-05-10 15:24:38 [http-nio-8082-exec-8] INFO  c.w.product.aspect.LoggingAspect - ==> METHOD: getAllProducts() COMPLETED IN: 13 ms
2026-05-10 15:24:47 [http-nio-8082-exec-10] INFO  c.w.product.aspect.LoggingAspect - ==> API REQUEST: com.warehouse.product.controller.NotificationController.getNotifications()
2026-05-10 15:24:47 [http-nio-8082-exec-10] INFO  c.w.product.aspect.LoggingAspect - ==> SERVICE METHOD CALLED: com.warehouse.product.service.ProductService.getAllProducts()
2026-05-10 15:24:47 [http-nio-8082-exec-10] INFO  c.w.product.aspect.LoggingAspect - ==> METHOD: getAllProducts() COMPLETED IN: 13 ms
2026-05-10 15:24:52 [http-nio-8082-exec-1] INFO  c.w.product.aspect.LoggingAspect - ==> API REQUEST: com.warehouse.product.controller.NotificationController.getNotifications()
2026-05-10 15:24:52 [http-nio-8082-exec-1] INFO  c.w.product.aspect.LoggingAspect - ==> SERVICE METHOD CALLED: com.warehouse.product.service.ProductService.getAllProducts()
2026-05-10 15:24:52 [http-nio-8082-exec-1] INFO  c.w.product.aspect.LoggingAspect - ==> METHOD: getAllProducts() COMPLETED IN: 22 ms
2026-05-10 15:24:54 [http-nio-8082-exec-2] INFO  c.w.product.aspect.LoggingAspect - ==> API REQUEST: com.warehouse.product.controller.NotificationController.getNotifications()
2026-05-10 15:24:54 [http-nio-8082-exec-2] INFO  c.w.product.aspect.LoggingAspect - ==> SERVICE METHOD CALLED: com.warehouse.product.service.ProductService.getAllProducts()
2026-05-10 15:24:54 [http-nio-8082-exec-2] INFO  c.w.product.aspect.LoggingAspect - ==> METHOD: getAllProducts() COMPLETED IN: 13 ms
2026-05-10 15:25:01 [http-nio-8082-exec-4] INFO  c.w.product.aspect.LoggingAspect - ==> API REQUEST: com.warehouse.product.controller.NotificationController.getNotifications()
2026-05-10 15:25:01 [http-nio-8082-exec-4] INFO  c.w.product.aspect.LoggingAspect - ==> SERVICE METHOD CALLED: com.warehouse.product.service.ProductService.getAllProducts()
2026-05-10 15:25:01 [http-nio-8082-exec-4] INFO  c.w.product.aspect.LoggingAspect - ==> METHOD: getAllProducts() COMPLETED IN: 23 ms
2026-05-10 15:25:08 [http-nio-8082-exec-3] INFO  c.w.product.aspect.LoggingAspect - ==> API REQUEST: com.warehouse.product.controller.NotificationController.getNotifications()
2026-05-10 15:25:08 [http-nio-8082-exec-3] INFO  c.w.product.aspect.LoggingAspect - ==> SERVICE METHOD CALLED: com.warehouse.product.service.ProductService.getAllProducts()
2026-05-10 15:25:08 [http-nio-8082-exec-3] INFO  c.w.product.aspect.LoggingAspect - ==> METHOD: getAllProducts() COMPLETED IN: 23 ms
2026-05-10 15:25:17 [http-nio-8082-exec-5] INFO  c.w.product.aspect.LoggingAspect - ==> API REQUEST: com.warehouse.product.controller.NotificationController.getNotifications()
2026-05-10 15:25:17 [http-nio-8082-exec-5] INFO  c.w.product.aspect.LoggingAspect - ==> SERVICE METHOD CALLED: com.warehouse.product.service.ProductService.getAllProducts()
2026-05-10 15:25:17 [http-nio-8082-exec-5] INFO  c.w.product.aspect.LoggingAspect - ==> METHOD: getAllProducts() COMPLETED IN: 29 ms
2026-05-10 15:25:22 [http-nio-8082-exec-6] INFO  c.w.product.aspect.LoggingAspect - ==> API REQUEST: com.warehouse.product.controller.NotificationController.getNotifications()
2026-05-10 15:25:22 [http-nio-8082-exec-6] INFO  c.w.product.aspect.LoggingAspect - ==> SERVICE METHOD CALLED: com.warehouse.product.service.ProductService.getAllProducts()
2026-05-10 15:25:22 [http-nio-8082-exec-6] INFO  c.w.product.aspect.LoggingAspect - ==> METHOD: getAllProducts() COMPLETED IN: 45 ms
2026-05-10 15:25:24 [http-nio-8082-exec-7] INFO  c.w.product.aspect.LoggingAspect - ==> API REQUEST: com.warehouse.product.controller.NotificationController.getNotifications()
2026-05-10 15:25:24 [http-nio-8082-exec-7] INFO  c.w.product.aspect.LoggingAspect - ==> SERVICE METHOD CALLED: com.warehouse.product.service.ProductService.getAllProducts()
2026-05-10 15:25:24 [http-nio-8082-exec-7] INFO  c.w.product.aspect.LoggingAspect - ==> METHOD: getAllProducts() COMPLETED IN: 119 ms
2026-05-10 15:25:31 [http-nio-8082-exec-9] INFO  c.w.product.aspect.LoggingAspect - ==> API REQUEST: com.warehouse.product.controller.NotificationController.getNotifications()
2026-05-10 15:25:31 [http-nio-8082-exec-9] INFO  c.w.product.aspect.LoggingAspect - ==> SERVICE METHOD CALLED: com.warehouse.product.service.ProductService.getAllProducts()
2026-05-10 15:25:31 [http-nio-8082-exec-9] INFO  c.w.product.aspect.LoggingAspect - ==> METHOD: getAllProducts() COMPLETED IN: 13 ms
2026-05-10 15:25:38 [http-nio-8082-exec-8] INFO  c.w.product.aspect.LoggingAspect - ==> API REQUEST: com.warehouse.product.controller.NotificationController.getNotifications()
2026-05-10 15:25:38 [http-nio-8082-exec-8] INFO  c.w.product.aspect.LoggingAspect - ==> SERVICE METHOD CALLED: com.warehouse.product.service.ProductService.getAllProducts()
2026-05-10 15:25:38 [http-nio-8082-exec-8] INFO  c.w.product.aspect.LoggingAspect - ==> METHOD: getAllProducts() COMPLETED IN: 10 ms
2026-05-10 15:25:47 [http-nio-8082-exec-10] INFO  c.w.product.aspect.LoggingAspect - ==> API REQUEST: com.warehouse.product.controller.NotificationController.getNotifications()
2026-05-10 15:25:47 [http-nio-8082-exec-10] INFO  c.w.product.aspect.LoggingAspect - ==> SERVICE METHOD CALLED: com.warehouse.product.service.ProductService.getAllProducts()
2026-05-10 15:25:47 [http-nio-8082-exec-10] INFO  c.w.product.aspect.LoggingAspect - ==> METHOD: getAllProducts() COMPLETED IN: 16 ms
2026-05-10 15:25:52 [http-nio-8082-exec-1] INFO  c.w.product.aspect.LoggingAspect - ==> API REQUEST: com.warehouse.product.controller.NotificationController.getNotifications()
2026-05-10 15:25:52 [http-nio-8082-exec-1] INFO  c.w.product.aspect.LoggingAspect - ==> SERVICE METHOD CALLED: com.warehouse.product.service.ProductService.getAllProducts()
2026-05-10 15:25:52 [http-nio-8082-exec-1] INFO  c.w.product.aspect.LoggingAspect - ==> METHOD: getAllProducts() COMPLETED IN: 19 ms
2026-05-10 15:25:54 [http-nio-8082-exec-2] INFO  c.w.product.aspect.LoggingAspect - ==> API REQUEST: com.warehouse.product.controller.NotificationController.getNotifications()
2026-05-10 15:25:54 [http-nio-8082-exec-2] INFO  c.w.product.aspect.LoggingAspect - ==> SERVICE METHOD CALLED: com.warehouse.product.service.ProductService.getAllProducts()
2026-05-10 15:25:54 [http-nio-8082-exec-2] INFO  c.w.product.aspect.LoggingAspect - ==> METHOD: getAllProducts() COMPLETED IN: 14 ms
2026-05-10 15:26:01 [http-nio-8082-exec-4] INFO  c.w.product.aspect.LoggingAspect - ==> API REQUEST: com.warehouse.product.controller.NotificationController.getNotifications()
2026-05-10 15:26:01 [http-nio-8082-exec-4] INFO  c.w.product.aspect.LoggingAspect - ==> SERVICE METHOD CALLED: com.warehouse.product.service.ProductService.getAllProducts()
2026-05-10 15:26:01 [http-nio-8082-exec-4] INFO  c.w.product.aspect.LoggingAspect - ==> METHOD: getAllProducts() COMPLETED IN: 16 ms
2026-05-10 15:26:08 [http-nio-8082-exec-3] INFO  c.w.product.aspect.LoggingAspect - ==> API REQUEST: com.warehouse.product.controller.NotificationController.getNotifications()
2026-05-10 15:26:08 [http-nio-8082-exec-3] INFO  c.w.product.aspect.LoggingAspect - ==> SERVICE METHOD CALLED: com.warehouse.product.service.ProductService.getAllProducts()
2026-05-10 15:26:08 [http-nio-8082-exec-3] INFO  c.w.product.aspect.LoggingAspect - ==> METHOD: getAllProducts() COMPLETED IN: 9 ms
2026-05-10 15:26:18 [http-nio-8082-exec-5] INFO  c.w.product.aspect.LoggingAspect - ==> API REQUEST: com.warehouse.product.controller.NotificationController.getNotifications()
2026-05-10 15:26:18 [http-nio-8082-exec-5] INFO  c.w.product.aspect.LoggingAspect - ==> SERVICE METHOD CALLED: com.warehouse.product.service.ProductService.getAllProducts()
2026-05-10 15:26:18 [http-nio-8082-exec-5] INFO  c.w.product.aspect.LoggingAspect - ==> METHOD: getAllProducts() COMPLETED IN: 12 ms
2026-05-10 15:26:22 [http-nio-8082-exec-6] INFO  c.w.product.aspect.LoggingAspect - ==> API REQUEST: com.warehouse.product.controller.NotificationController.getNotifications()
2026-05-10 15:26:22 [http-nio-8082-exec-6] INFO  c.w.product.aspect.LoggingAspect - ==> SERVICE METHOD CALLED: com.warehouse.product.service.ProductService.getAllProducts()
2026-05-10 15:26:22 [http-nio-8082-exec-6] INFO  c.w.product.aspect.LoggingAspect - ==> METHOD: getAllProducts() COMPLETED IN: 18 ms
2026-05-10 15:26:25 [http-nio-8082-exec-7] INFO  c.w.product.aspect.LoggingAspect - ==> API REQUEST: com.warehouse.product.controller.NotificationController.getNotifications()
2026-05-10 15:26:25 [http-nio-8082-exec-7] INFO  c.w.product.aspect.LoggingAspect - ==> SERVICE METHOD CALLED: com.warehouse.product.service.ProductService.getAllProducts()
2026-05-10 15:26:25 [http-nio-8082-exec-7] INFO  c.w.product.aspect.LoggingAspect - ==> METHOD: getAllProducts() COMPLETED IN: 18 ms
2026-05-10 15:26:31 [http-nio-8082-exec-9] INFO  c.w.product.aspect.LoggingAspect - ==> API REQUEST: com.warehouse.product.controller.NotificationController.getNotifications()
2026-05-10 15:26:31 [http-nio-8082-exec-9] INFO  c.w.product.aspect.LoggingAspect - ==> SERVICE METHOD CALLED: com.warehouse.product.service.ProductService.getAllProducts()
2026-05-10 15:26:31 [http-nio-8082-exec-9] INFO  c.w.product.aspect.LoggingAspect - ==> METHOD: getAllProducts() COMPLETED IN: 9 ms
2026-05-10 15:26:39 [http-nio-8082-exec-8] INFO  c.w.product.aspect.LoggingAspect - ==> API REQUEST: com.warehouse.product.controller.NotificationController.getNotifications()
2026-05-10 15:26:39 [http-nio-8082-exec-8] INFO  c.w.product.aspect.LoggingAspect - ==> SERVICE METHOD CALLED: com.warehouse.product.service.ProductService.getAllProducts()
2026-05-10 15:26:39 [http-nio-8082-exec-8] INFO  c.w.product.aspect.LoggingAspect - ==> METHOD: getAllProducts() COMPLETED IN: 15 ms
2026-05-10 15:26:48 [http-nio-8082-exec-10] INFO  c.w.product.aspect.LoggingAspect - ==> API REQUEST: com.warehouse.product.controller.NotificationController.getNotifications()
2026-05-10 15:26:48 [http-nio-8082-exec-10] INFO  c.w.product.aspect.LoggingAspect - ==> SERVICE METHOD CALLED: com.warehouse.product.service.ProductService.getAllProducts()
2026-05-10 15:26:48 [http-nio-8082-exec-10] INFO  c.w.product.aspect.LoggingAspect - ==> METHOD: getAllProducts() COMPLETED IN: 11 ms
2026-05-10 15:26:52 [http-nio-8082-exec-1] INFO  c.w.product.aspect.LoggingAspect - ==> API REQUEST: com.warehouse.product.controller.NotificationController.getNotifications()
2026-05-10 15:26:52 [http-nio-8082-exec-1] INFO  c.w.product.aspect.LoggingAspect - ==> SERVICE METHOD CALLED: com.warehouse.product.service.ProductService.getAllProducts()
2026-05-10 15:26:52 [http-nio-8082-exec-1] INFO  c.w.product.aspect.LoggingAspect - ==> METHOD: getAllProducts() COMPLETED IN: 16 ms
2026-05-10 15:26:55 [http-nio-8082-exec-2] INFO  c.w.product.aspect.LoggingAspect - ==> API REQUEST: com.warehouse.product.controller.NotificationController.getNotifications()
2026-05-10 15:26:55 [http-nio-8082-exec-2] INFO  c.w.product.aspect.LoggingAspect - ==> SERVICE METHOD CALLED: com.warehouse.product.service.ProductService.getAllProducts()
2026-05-10 15:26:55 [http-nio-8082-exec-2] INFO  c.w.product.aspect.LoggingAspect - ==> METHOD: getAllProducts() COMPLETED IN: 33 ms
2026-05-10 15:27:01 [http-nio-8082-exec-4] INFO  c.w.product.aspect.LoggingAspect - ==> API REQUEST: com.warehouse.product.controller.NotificationController.getNotifications()
2026-05-10 15:27:01 [http-nio-8082-exec-4] INFO  c.w.product.aspect.LoggingAspect - ==> SERVICE METHOD CALLED: com.warehouse.product.service.ProductService.getAllProducts()
2026-05-10 15:27:01 [http-nio-8082-exec-4] INFO  c.w.product.aspect.LoggingAspect - ==> METHOD: getAllProducts() COMPLETED IN: 14 ms
2026-05-10 15:27:09 [http-nio-8082-exec-3] INFO  c.w.product.aspect.LoggingAspect - ==> API REQUEST: com.warehouse.product.controller.NotificationController.getNotifications()
2026-05-10 15:27:09 [http-nio-8082-exec-3] INFO  c.w.product.aspect.LoggingAspect - ==> SERVICE METHOD CALLED: com.warehouse.product.service.ProductService.getAllProducts()
2026-05-10 15:27:09 [http-nio-8082-exec-3] INFO  c.w.product.aspect.LoggingAspect - ==> METHOD: getAllProducts() COMPLETED IN: 7 ms
2026-05-10 15:27:18 [http-nio-8082-exec-5] INFO  c.w.product.aspect.LoggingAspect - ==> API REQUEST: com.warehouse.product.controller.NotificationController.getNotifications()
2026-05-10 15:27:18 [http-nio-8082-exec-5] INFO  c.w.product.aspect.LoggingAspect - ==> SERVICE METHOD CALLED: com.warehouse.product.service.ProductService.getAllProducts()
2026-05-10 15:27:18 [http-nio-8082-exec-5] INFO  c.w.product.aspect.LoggingAspect - ==> METHOD: getAllProducts() COMPLETED IN: 17 ms
2026-05-10 15:27:22 [http-nio-8082-exec-6] INFO  c.w.product.aspect.LoggingAspect - ==> API REQUEST: com.warehouse.product.controller.NotificationController.getNotifications()
2026-05-10 15:27:22 [http-nio-8082-exec-6] INFO  c.w.product.aspect.LoggingAspect - ==> SERVICE METHOD CALLED: com.warehouse.product.service.ProductService.getAllProducts()
2026-05-10 15:27:22 [http-nio-8082-exec-6] INFO  c.w.product.aspect.LoggingAspect - ==> METHOD: getAllProducts() COMPLETED IN: 11 ms
2026-05-10 15:27:25 [http-nio-8082-exec-7] INFO  c.w.product.aspect.LoggingAspect - ==> API REQUEST: com.warehouse.product.controller.NotificationController.getNotifications()
2026-05-10 15:27:25 [http-nio-8082-exec-7] INFO  c.w.product.aspect.LoggingAspect - ==> SERVICE METHOD CALLED: com.warehouse.product.service.ProductService.getAllProducts()
2026-05-10 15:27:25 [http-nio-8082-exec-7] INFO  c.w.product.aspect.LoggingAspect - ==> METHOD: getAllProducts() COMPLETED IN: 13 ms
2026-05-10 15:27:39 [http-nio-8082-exec-9] INFO  c.w.product.aspect.LoggingAspect - ==> API REQUEST: com.warehouse.product.controller.NotificationController.getNotifications()
2026-05-10 15:27:39 [http-nio-8082-exec-9] INFO  c.w.product.aspect.LoggingAspect - ==> SERVICE METHOD CALLED: com.warehouse.product.service.ProductService.getAllProducts()
2026-05-10 15:27:39 [http-nio-8082-exec-9] INFO  c.w.product.aspect.LoggingAspect - ==> METHOD: getAllProducts() COMPLETED IN: 0 ms
2026-05-10 15:27:45 [http-nio-8082-exec-8] INFO  c.w.product.aspect.LoggingAspect - ==> API REQUEST: com.warehouse.product.controller.NotificationController.getNotifications()
2026-05-10 15:27:45 [http-nio-8082-exec-8] INFO  c.w.product.aspect.LoggingAspect - ==> SERVICE METHOD CALLED: com.warehouse.product.service.ProductService.getAllProducts()
2026-05-10 15:27:45 [http-nio-8082-exec-8] INFO  c.w.product.aspect.LoggingAspect - ==> METHOD: getAllProducts() COMPLETED IN: 19 ms
2026-05-10 22:06:58 [http-nio-8082-exec-1] INFO  c.w.product.aspect.LoggingAspect - ==> API REQUEST: com.warehouse.product.controller.NotificationController.getNotifications()
2026-05-10 22:06:58 [http-nio-8082-exec-2] INFO  c.w.product.aspect.LoggingAspect - ==> API REQUEST: com.warehouse.product.controller.ProductController.getAllProducts()
2026-05-10 22:06:58 [http-nio-8082-exec-1] INFO  c.w.product.aspect.LoggingAspect - ==> SERVICE METHOD CALLED: com.warehouse.product.service.ProductService.getAllProducts()
2026-05-10 22:06:58 [http-nio-8082-exec-2] INFO  c.w.product.aspect.LoggingAspect - ==> SERVICE METHOD CALLED: com.warehouse.product.service.ProductService.getAllProducts()
2026-05-10 22:07:00 [http-nio-8082-exec-1] INFO  c.w.product.aspect.LoggingAspect - ==> METHOD: getAllProducts() COMPLETED IN: 2282 ms
2026-05-10 22:07:00 [http-nio-8082-exec-2] INFO  c.w.product.aspect.LoggingAspect - ==> METHOD: getAllProducts() COMPLETED IN: 2282 ms
2026-05-10 22:07:07 [http-nio-8082-exec-3] INFO  c.w.product.aspect.LoggingAspect - ==> API REQUEST: com.warehouse.product.controller.NotificationController.getNotifications()
2026-05-10 22:07:07 [http-nio-8082-exec-3] INFO  c.w.product.aspect.LoggingAspect - ==> SERVICE METHOD CALLED: com.warehouse.product.service.ProductService.getAllProducts()
2026-05-10 22:07:07 [http-nio-8082-exec-3] INFO  c.w.product.aspect.LoggingAspect - ==> METHOD: getAllProducts() COMPLETED IN: 13 ms
2026-05-10 22:07:25 [http-nio-8082-exec-4] INFO  c.w.product.aspect.LoggingAspect - ==> API REQUEST: com.warehouse.product.controller.NotificationController.getNotifications()
2026-05-10 22:07:25 [http-nio-8082-exec-4] INFO  c.w.product.aspect.LoggingAspect - ==> SERVICE METHOD CALLED: com.warehouse.product.service.ProductService.getAllProducts()
2026-05-10 22:07:25 [http-nio-8082-exec-4] INFO  c.w.product.aspect.LoggingAspect - ==> METHOD: getAllProducts() COMPLETED IN: 17 ms
2026-05-10 22:07:37 [http-nio-8082-exec-5] INFO  c.w.product.aspect.LoggingAspect - ==> API REQUEST: com.warehouse.product.controller.NotificationController.getNotifications()
2026-05-10 22:07:37 [http-nio-8082-exec-5] INFO  c.w.product.aspect.LoggingAspect - ==> SERVICE METHOD CALLED: com.warehouse.product.service.ProductService.getAllProducts()
2026-05-10 22:07:37 [http-nio-8082-exec-5] INFO  c.w.product.aspect.LoggingAspect - ==> METHOD: getAllProducts() COMPLETED IN: 9 ms
2026-05-10 22:07:55 [http-nio-8082-exec-7] INFO  c.w.product.aspect.LoggingAspect - ==> API REQUEST: com.warehouse.product.controller.NotificationController.getNotifications()
2026-05-10 22:07:55 [http-nio-8082-exec-7] INFO  c.w.product.aspect.LoggingAspect - ==> SERVICE METHOD CALLED: com.warehouse.product.service.ProductService.getAllProducts()
2026-05-10 22:07:55 [http-nio-8082-exec-7] INFO  c.w.product.aspect.LoggingAspect - ==> METHOD: getAllProducts() COMPLETED IN: 11 ms
2026-05-10 22:08:02 [http-nio-8082-exec-8] INFO  c.w.product.aspect.LoggingAspect - ==> API REQUEST: com.warehouse.product.controller.NotificationController.getNotifications()
2026-05-10 22:08:02 [http-nio-8082-exec-8] INFO  c.w.product.aspect.LoggingAspect - ==> SERVICE METHOD CALLED: com.warehouse.product.service.ProductService.getAllProducts()
2026-05-10 22:08:02 [http-nio-8082-exec-8] INFO  c.w.product.aspect.LoggingAspect - ==> METHOD: getAllProducts() COMPLETED IN: 15 ms
2026-05-10 22:08:12 [http-nio-8082-exec-9] INFO  c.w.product.aspect.LoggingAspect - ==> API REQUEST: com.warehouse.product.controller.NotificationController.getNotifications()
2026-05-10 22:08:12 [http-nio-8082-exec-9] INFO  c.w.product.aspect.LoggingAspect - ==> SERVICE METHOD CALLED: com.warehouse.product.service.ProductService.getAllProducts()
2026-05-10 22:08:12 [http-nio-8082-exec-6] INFO  c.w.product.aspect.LoggingAspect - ==> API REQUEST: com.warehouse.product.controller.ProductController.getAllProducts()
2026-05-10 22:08:12 [http-nio-8082-exec-6] INFO  c.w.product.aspect.LoggingAspect - ==> SERVICE METHOD CALLED: com.warehouse.product.service.ProductService.getAllProducts()
2026-05-10 22:08:12 [http-nio-8082-exec-9] INFO  c.w.product.aspect.LoggingAspect - ==> METHOD: getAllProducts() COMPLETED IN: 15 ms
2026-05-10 22:08:12 [http-nio-8082-exec-6] INFO  c.w.product.aspect.LoggingAspect - ==> METHOD: getAllProducts() COMPLETED IN: 24 ms
2026-05-10 22:08:32 [http-nio-8082-exec-10] INFO  c.w.product.aspect.LoggingAspect - ==> API REQUEST: com.warehouse.product.controller.NotificationController.getNotifications()
2026-05-10 22:08:32 [http-nio-8082-exec-10] INFO  c.w.product.aspect.LoggingAspect - ==> SERVICE METHOD CALLED: com.warehouse.product.service.ProductService.getAllProducts()
2026-05-10 22:08:32 [http-nio-8082-exec-10] INFO  c.w.product.aspect.LoggingAspect - ==> METHOD: getAllProducts() COMPLETED IN: 17 ms
2026-05-10 22:08:42 [http-nio-8082-exec-1] INFO  c.w.product.aspect.LoggingAspect - ==> API REQUEST: com.warehouse.product.controller.NotificationController.getNotifications()
2026-05-10 22:08:42 [http-nio-8082-exec-1] INFO  c.w.product.aspect.LoggingAspect - ==> SERVICE METHOD CALLED: com.warehouse.product.service.ProductService.getAllProducts()
2026-05-10 22:08:42 [http-nio-8082-exec-1] INFO  c.w.product.aspect.LoggingAspect - ==> METHOD: getAllProducts() COMPLETED IN: 20 ms
2026-05-10 22:09:02 [http-nio-8082-exec-2] INFO  c.w.product.aspect.LoggingAspect - ==> API REQUEST: com.warehouse.product.controller.NotificationController.getNotifications()
2026-05-10 22:09:02 [http-nio-8082-exec-2] INFO  c.w.product.aspect.LoggingAspect - ==> SERVICE METHOD CALLED: com.warehouse.product.service.ProductService.getAllProducts()
2026-05-10 22:09:02 [http-nio-8082-exec-2] INFO  c.w.product.aspect.LoggingAspect - ==> METHOD: getAllProducts() COMPLETED IN: 15 ms
2026-05-10 22:09:12 [http-nio-8082-exec-3] INFO  c.w.product.aspect.LoggingAspect - ==> API REQUEST: com.warehouse.product.controller.NotificationController.getNotifications()
2026-05-10 22:09:12 [http-nio-8082-exec-3] INFO  c.w.product.aspect.LoggingAspect - ==> SERVICE METHOD CALLED: com.warehouse.product.service.ProductService.getAllProducts()
2026-05-10 22:09:12 [http-nio-8082-exec-3] INFO  c.w.product.aspect.LoggingAspect - ==> METHOD: getAllProducts() COMPLETED IN: 12 ms
2026-05-10 22:09:18 [http-nio-8082-exec-4] INFO  c.w.product.aspect.LoggingAspect - ==> API REQUEST: com.warehouse.product.controller.ProductController.createProduct()
2026-05-10 22:09:18 [http-nio-8082-exec-4] INFO  c.w.product.aspect.LoggingAspect - ==> SERVICE METHOD CALLED: com.warehouse.product.service.ProductService.createProduct()
2026-05-10 22:09:18 [http-nio-8082-exec-4] INFO  c.w.product.aspect.LoggingAspect - ==> METHOD: createProduct() COMPLETED IN: 278 ms
2026-05-10 22:09:27 [http-nio-8082-exec-5] INFO  c.w.product.aspect.LoggingAspect - ==> API REQUEST: com.warehouse.product.controller.ProductController.getAllProducts()
2026-05-10 22:09:27 [http-nio-8082-exec-5] INFO  c.w.product.aspect.LoggingAspect - ==> SERVICE METHOD CALLED: com.warehouse.product.service.ProductService.getAllProducts()
2026-05-10 22:09:27 [http-nio-8082-exec-7] INFO  c.w.product.aspect.LoggingAspect - ==> API REQUEST: com.warehouse.product.controller.NotificationController.getNotifications()
2026-05-10 22:09:27 [http-nio-8082-exec-7] INFO  c.w.product.aspect.LoggingAspect - ==> SERVICE METHOD CALLED: com.warehouse.product.service.ProductService.getAllProducts()
2026-05-10 22:09:27 [http-nio-8082-exec-5] INFO  c.w.product.aspect.LoggingAspect - ==> METHOD: getAllProducts() COMPLETED IN: 12 ms
2026-05-10 22:09:27 [http-nio-8082-exec-7] INFO  c.w.product.aspect.LoggingAspect - ==> METHOD: getAllProducts() COMPLETED IN: 12 ms
2026-05-10 22:09:35 [http-nio-8082-exec-8] INFO  c.w.product.aspect.LoggingAspect - ==> API REQUEST: com.warehouse.product.controller.NotificationController.getNotifications()
2026-05-10 22:09:35 [http-nio-8082-exec-8] INFO  c.w.product.aspect.LoggingAspect - ==> SERVICE METHOD CALLED: com.warehouse.product.service.ProductService.getAllProducts()
2026-05-10 22:09:35 [http-nio-8082-exec-8] INFO  c.w.product.aspect.LoggingAspect - ==> METHOD: getAllProducts() COMPLETED IN: 25 ms
2026-05-10 22:09:37 [http-nio-8082-exec-9] INFO  c.w.product.aspect.LoggingAspect - ==> API REQUEST: com.warehouse.product.controller.NotificationController.getNotifications()
2026-05-10 22:09:37 [http-nio-8082-exec-9] INFO  c.w.product.aspect.LoggingAspect - ==> SERVICE METHOD CALLED: com.warehouse.product.service.ProductService.getAllProducts()
2026-05-10 22:09:37 [http-nio-8082-exec-9] INFO  c.w.product.aspect.LoggingAspect - ==> METHOD: getAllProducts() COMPLETED IN: 9 ms
2026-05-10 22:09:43 [http-nio-8082-exec-6] INFO  c.w.product.aspect.LoggingAspect - ==> API REQUEST: com.warehouse.product.controller.NotificationController.getNotifications()
2026-05-10 22:09:43 [http-nio-8082-exec-6] INFO  c.w.product.aspect.LoggingAspect - ==> SERVICE METHOD CALLED: com.warehouse.product.service.ProductService.getAllProducts()
2026-05-10 22:09:43 [http-nio-8082-exec-6] INFO  c.w.product.aspect.LoggingAspect - ==> METHOD: getAllProducts() COMPLETED IN: 11 ms
2026-05-10 22:09:47 [http-nio-8082-exec-10] INFO  c.w.product.aspect.LoggingAspect - ==> API REQUEST: com.warehouse.product.controller.NotificationController.getNotifications()
2026-05-10 22:09:47 [http-nio-8082-exec-10] INFO  c.w.product.aspect.LoggingAspect - ==> SERVICE METHOD CALLED: com.warehouse.product.service.ProductService.getAllProducts()
2026-05-10 22:09:47 [http-nio-8082-exec-1] INFO  c.w.product.aspect.LoggingAspect - ==> API REQUEST: com.warehouse.product.controller.ProductController.getAllProducts()
2026-05-10 22:09:47 [http-nio-8082-exec-1] INFO  c.w.product.aspect.LoggingAspect - ==> SERVICE METHOD CALLED: com.warehouse.product.service.ProductService.getAllProducts()
2026-05-10 22:09:47 [http-nio-8082-exec-10] INFO  c.w.product.aspect.LoggingAspect - ==> METHOD: getAllProducts() COMPLETED IN: 11 ms
2026-05-10 22:09:47 [http-nio-8082-exec-1] INFO  c.w.product.aspect.LoggingAspect - ==> METHOD: getAllProducts() COMPLETED IN: 13 ms
2026-05-10 22:10:13 [http-nio-8082-exec-2] INFO  c.w.product.aspect.LoggingAspect - ==> API REQUEST: com.warehouse.product.controller.NotificationController.getNotifications()
2026-05-10 22:10:13 [http-nio-8082-exec-2] INFO  c.w.product.aspect.LoggingAspect - ==> SERVICE METHOD CALLED: com.warehouse.product.service.ProductService.getAllProducts()
2026-05-10 22:10:13 [http-nio-8082-exec-2] INFO  c.w.product.aspect.LoggingAspect - ==> METHOD: getAllProducts() COMPLETED IN: 15 ms
2026-05-10 22:10:41 [http-nio-8082-exec-3] INFO  c.w.product.aspect.LoggingAspect - ==> API REQUEST: com.warehouse.product.controller.NotificationController.getNotifications()
2026-05-10 22:10:41 [http-nio-8082-exec-3] INFO  c.w.product.aspect.LoggingAspect - ==> SERVICE METHOD CALLED: com.warehouse.product.service.ProductService.getAllProducts()
2026-05-10 22:10:41 [http-nio-8082-exec-3] INFO  c.w.product.aspect.LoggingAspect - ==> METHOD: getAllProducts() COMPLETED IN: 344 ms
2026-05-10 22:10:43 [http-nio-8082-exec-4] INFO  c.w.product.aspect.LoggingAspect - ==> API REQUEST: com.warehouse.product.controller.NotificationController.getNotifications()
2026-05-10 22:10:43 [http-nio-8082-exec-4] INFO  c.w.product.aspect.LoggingAspect - ==> SERVICE METHOD CALLED: com.warehouse.product.service.ProductService.getAllProducts()
2026-05-10 22:10:43 [http-nio-8082-exec-4] INFO  c.w.product.aspect.LoggingAspect - ==> METHOD: getAllProducts() COMPLETED IN: 17 ms
2026-05-10 22:10:47 [http-nio-8082-exec-5] INFO  c.w.product.aspect.LoggingAspect - ==> API REQUEST: com.warehouse.product.controller.NotificationController.getNotifications()
2026-05-10 22:10:47 [http-nio-8082-exec-5] INFO  c.w.product.aspect.LoggingAspect - ==> SERVICE METHOD CALLED: com.warehouse.product.service.ProductService.getAllProducts()
2026-05-10 22:10:47 [http-nio-8082-exec-5] INFO  c.w.product.aspect.LoggingAspect - ==> METHOD: getAllProducts() COMPLETED IN: 18 ms
2026-05-10 22:11:06 [http-nio-8082-exec-7] INFO  c.w.product.aspect.LoggingAspect - ==> API REQUEST: com.warehouse.product.controller.NotificationController.getNotifications()
2026-05-10 22:11:06 [http-nio-8082-exec-7] INFO  c.w.product.aspect.LoggingAspect - ==> SERVICE METHOD CALLED: com.warehouse.product.service.ProductService.getAllProducts()
2026-05-10 22:11:06 [http-nio-8082-exec-7] INFO  c.w.product.aspect.LoggingAspect - ==> METHOD: getAllProducts() COMPLETED IN: 12 ms
2026-05-10 22:11:13 [http-nio-8082-exec-8] INFO  c.w.product.aspect.LoggingAspect - ==> API REQUEST: com.warehouse.product.controller.NotificationController.getNotifications()
2026-05-10 22:11:13 [http-nio-8082-exec-8] INFO  c.w.product.aspect.LoggingAspect - ==> SERVICE METHOD CALLED: com.warehouse.product.service.ProductService.getAllProducts()
2026-05-10 22:11:13 [http-nio-8082-exec-8] INFO  c.w.product.aspect.LoggingAspect - ==> METHOD: getAllProducts() COMPLETED IN: 9 ms
2026-05-10 22:11:17 [http-nio-8082-exec-9] INFO  c.w.product.aspect.LoggingAspect - ==> API REQUEST: com.warehouse.product.controller.NotificationController.getNotifications()
2026-05-10 22:11:17 [http-nio-8082-exec-9] INFO  c.w.product.aspect.LoggingAspect - ==> SERVICE METHOD CALLED: com.warehouse.product.service.ProductService.getAllProducts()
2026-05-10 22:11:17 [http-nio-8082-exec-9] INFO  c.w.product.aspect.LoggingAspect - ==> METHOD: getAllProducts() COMPLETED IN: 9 ms
2026-05-10 22:11:36 [http-nio-8082-exec-6] INFO  c.w.product.aspect.LoggingAspect - ==> API REQUEST: com.warehouse.product.controller.NotificationController.getNotifications()
2026-05-10 22:11:36 [http-nio-8082-exec-6] INFO  c.w.product.aspect.LoggingAspect - ==> SERVICE METHOD CALLED: com.warehouse.product.service.ProductService.getAllProducts()
2026-05-10 22:11:36 [http-nio-8082-exec-6] INFO  c.w.product.aspect.LoggingAspect - ==> METHOD: getAllProducts() COMPLETED IN: 8 ms
2026-05-10 22:11:43 [http-nio-8082-exec-10] INFO  c.w.product.aspect.LoggingAspect - ==> API REQUEST: com.warehouse.product.controller.NotificationController.getNotifications()
2026-05-10 22:11:43 [http-nio-8082-exec-10] INFO  c.w.product.aspect.LoggingAspect - ==> SERVICE METHOD CALLED: com.warehouse.product.service.ProductService.getAllProducts()
2026-05-10 22:11:43 [http-nio-8082-exec-10] INFO  c.w.product.aspect.LoggingAspect - ==> METHOD: getAllProducts() COMPLETED IN: 14 ms
2026-05-10 22:11:47 [http-nio-8082-exec-1] INFO  c.w.product.aspect.LoggingAspect - ==> API REQUEST: com.warehouse.product.controller.NotificationController.getNotifications()
2026-05-10 22:11:47 [http-nio-8082-exec-1] INFO  c.w.product.aspect.LoggingAspect - ==> SERVICE METHOD CALLED: com.warehouse.product.service.ProductService.getAllProducts()
2026-05-10 22:11:47 [http-nio-8082-exec-1] INFO  c.w.product.aspect.LoggingAspect - ==> METHOD: getAllProducts() COMPLETED IN: 7 ms
2026-05-10 22:12:06 [http-nio-8082-exec-2] INFO  c.w.product.aspect.LoggingAspect - ==> API REQUEST: com.warehouse.product.controller.NotificationController.getNotifications()
2026-05-10 22:12:06 [http-nio-8082-exec-2] INFO  c.w.product.aspect.LoggingAspect - ==> SERVICE METHOD CALLED: com.warehouse.product.service.ProductService.getAllProducts()
2026-05-10 22:12:06 [http-nio-8082-exec-2] INFO  c.w.product.aspect.LoggingAspect - ==> METHOD: getAllProducts() COMPLETED IN: 12 ms
2026-05-10 22:12:07 [http-nio-8082-exec-3] INFO  c.w.product.aspect.LoggingAspect - ==> API REQUEST: com.warehouse.product.controller.NotificationController.getNotifications()
2026-05-10 22:12:07 [http-nio-8082-exec-3] INFO  c.w.product.aspect.LoggingAspect - ==> SERVICE METHOD CALLED: com.warehouse.product.service.ProductService.getAllProducts()
2026-05-10 22:12:07 [http-nio-8082-exec-4] INFO  c.w.product.aspect.LoggingAspect - ==> API REQUEST: com.warehouse.product.controller.ProductController.getAllProducts()
2026-05-10 22:12:07 [http-nio-8082-exec-3] INFO  c.w.product.aspect.LoggingAspect - ==> METHOD: getAllProducts() COMPLETED IN: 14 ms
2026-05-10 22:12:07 [http-nio-8082-exec-4] INFO  c.w.product.aspect.LoggingAspect - ==> SERVICE METHOD CALLED: com.warehouse.product.service.ProductService.getAllProducts()
2026-05-10 22:12:07 [http-nio-8082-exec-4] INFO  c.w.product.aspect.LoggingAspect - ==> METHOD: getAllProducts() COMPLETED IN: 18 ms
2026-05-10 22:12:09 [http-nio-8082-exec-5] INFO  c.w.product.aspect.LoggingAspect - ==> API REQUEST: com.warehouse.product.controller.ProductController.getAllProducts()
2026-05-10 22:12:09 [http-nio-8082-exec-5] INFO  c.w.product.aspect.LoggingAspect - ==> SERVICE METHOD CALLED: com.warehouse.product.service.ProductService.getAllProducts()
2026-05-10 22:12:09 [http-nio-8082-exec-7] INFO  c.w.product.aspect.LoggingAspect - ==> API REQUEST: com.warehouse.product.controller.NotificationController.getNotifications()
2026-05-10 22:12:09 [http-nio-8082-exec-7] INFO  c.w.product.aspect.LoggingAspect - ==> SERVICE METHOD CALLED: com.warehouse.product.service.ProductService.getAllProducts()
2026-05-10 22:12:09 [http-nio-8082-exec-7] INFO  c.w.product.aspect.LoggingAspect - ==> METHOD: getAllProducts() COMPLETED IN: 7 ms
2026-05-10 22:12:09 [http-nio-8082-exec-5] INFO  c.w.product.aspect.LoggingAspect - ==> METHOD: getAllProducts() COMPLETED IN: 13 ms
2026-05-10 22:12:13 [http-nio-8082-exec-8] INFO  c.w.product.aspect.LoggingAspect - ==> API REQUEST: com.warehouse.product.controller.NotificationController.getNotifications()
2026-05-10 22:12:13 [http-nio-8082-exec-8] INFO  c.w.product.aspect.LoggingAspect - ==> SERVICE METHOD CALLED: com.warehouse.product.service.ProductService.getAllProducts()
2026-05-10 22:12:13 [http-nio-8082-exec-8] INFO  c.w.product.aspect.LoggingAspect - ==> METHOD: getAllProducts() COMPLETED IN: 12 ms
2026-05-10 22:12:16 [http-nio-8082-exec-9] INFO  c.w.product.aspect.LoggingAspect - ==> API REQUEST: com.warehouse.product.controller.ProductController.getAllProducts()
2026-05-10 22:12:16 [http-nio-8082-exec-9] INFO  c.w.product.aspect.LoggingAspect - ==> SERVICE METHOD CALLED: com.warehouse.product.service.ProductService.getAllProducts()
2026-05-10 22:12:16 [http-nio-8082-exec-6] INFO  c.w.product.aspect.LoggingAspect - ==> API REQUEST: com.warehouse.product.controller.NotificationController.getNotifications()
2026-05-10 22:12:16 [http-nio-8082-exec-6] INFO  c.w.product.aspect.LoggingAspect - ==> SERVICE METHOD CALLED: com.warehouse.product.service.ProductService.getAllProducts()
2026-05-10 22:12:16 [http-nio-8082-exec-6] INFO  c.w.product.aspect.LoggingAspect - ==> METHOD: getAllProducts() COMPLETED IN: 10 ms
2026-05-10 22:12:16 [http-nio-8082-exec-9] INFO  c.w.product.aspect.LoggingAspect - ==> METHOD: getAllProducts() COMPLETED IN: 13 ms
2026-05-10 22:12:17 [http-nio-8082-exec-10] INFO  c.w.product.aspect.LoggingAspect - ==> API REQUEST: com.warehouse.product.controller.NotificationController.getNotifications()
2026-05-10 22:12:17 [http-nio-8082-exec-10] INFO  c.w.product.aspect.LoggingAspect - ==> SERVICE METHOD CALLED: com.warehouse.product.service.ProductService.getAllProducts()
2026-05-10 22:12:17 [http-nio-8082-exec-10] INFO  c.w.product.aspect.LoggingAspect - ==> METHOD: getAllProducts() COMPLETED IN: 9 ms
2026-05-10 22:12:22 [http-nio-8082-exec-1] INFO  c.w.product.aspect.LoggingAspect - ==> API REQUEST: com.warehouse.product.controller.NotificationController.getNotifications()
2026-05-10 22:12:22 [http-nio-8082-exec-1] INFO  c.w.product.aspect.LoggingAspect - ==> SERVICE METHOD CALLED: com.warehouse.product.service.ProductService.getAllProducts()
2026-05-10 22:12:22 [http-nio-8082-exec-1] INFO  c.w.product.aspect.LoggingAspect - ==> METHOD: getAllProducts() COMPLETED IN: 9 ms
2026-05-10 22:12:23 [http-nio-8082-exec-2] INFO  c.w.product.aspect.LoggingAspect - ==> API REQUEST: com.warehouse.product.controller.ProductController.getAllProducts()
2026-05-10 22:12:23 [http-nio-8082-exec-2] INFO  c.w.product.aspect.LoggingAspect - ==> SERVICE METHOD CALLED: com.warehouse.product.service.ProductService.getAllProducts()
2026-05-10 22:12:23 [http-nio-8082-exec-3] INFO  c.w.product.aspect.LoggingAspect - ==> API REQUEST: com.warehouse.product.controller.NotificationController.getNotifications()
2026-05-10 22:12:23 [http-nio-8082-exec-3] INFO  c.w.product.aspect.LoggingAspect - ==> SERVICE METHOD CALLED: com.warehouse.product.service.ProductService.getAllProducts()
2026-05-10 22:12:23 [http-nio-8082-exec-3] INFO  c.w.product.aspect.LoggingAspect - ==> METHOD: getAllProducts() COMPLETED IN: 12 ms
2026-05-10 22:12:23 [http-nio-8082-exec-2] INFO  c.w.product.aspect.LoggingAspect - ==> METHOD: getAllProducts() COMPLETED IN: 14 ms
2026-05-10 22:12:28 [http-nio-8082-exec-4] INFO  c.w.product.aspect.LoggingAspect - ==> API REQUEST: com.warehouse.product.controller.NotificationController.getNotifications()
2026-05-10 22:12:28 [http-nio-8082-exec-4] INFO  c.w.product.aspect.LoggingAspect - ==> SERVICE METHOD CALLED: com.warehouse.product.service.ProductService.getAllProducts()
2026-05-10 22:12:28 [http-nio-8082-exec-4] INFO  c.w.product.aspect.LoggingAspect - ==> METHOD: getAllProducts() COMPLETED IN: 14 ms
2026-05-10 22:12:36 [http-nio-8082-exec-7] INFO  c.w.product.aspect.LoggingAspect - ==> API REQUEST: com.warehouse.product.controller.NotificationController.getNotifications()
2026-05-10 22:12:36 [http-nio-8082-exec-7] INFO  c.w.product.aspect.LoggingAspect - ==> SERVICE METHOD CALLED: com.warehouse.product.service.ProductService.getAllProducts()
2026-05-10 22:12:36 [http-nio-8082-exec-7] INFO  c.w.product.aspect.LoggingAspect - ==> METHOD: getAllProducts() COMPLETED IN: 9 ms
2026-05-10 22:12:37 [http-nio-8082-exec-5] INFO  c.w.product.aspect.LoggingAspect - ==> API REQUEST: com.warehouse.product.controller.NotificationController.getNotifications()
2026-05-10 22:12:37 [http-nio-8082-exec-5] INFO  c.w.product.aspect.LoggingAspect - ==> SERVICE METHOD CALLED: com.warehouse.product.service.ProductService.getAllProducts()
2026-05-10 22:12:37 [http-nio-8082-exec-5] INFO  c.w.product.aspect.LoggingAspect - ==> METHOD: getAllProducts() COMPLETED IN: 8 ms
2026-05-10 22:12:39 [http-nio-8082-exec-8] INFO  c.w.product.aspect.LoggingAspect - ==> API REQUEST: com.warehouse.product.controller.NotificationController.getNotifications()
2026-05-10 22:12:39 [http-nio-8082-exec-8] INFO  c.w.product.aspect.LoggingAspect - ==> SERVICE METHOD CALLED: com.warehouse.product.service.ProductService.getAllProducts()
2026-05-10 22:12:39 [http-nio-8082-exec-8] INFO  c.w.product.aspect.LoggingAspect - ==> METHOD: getAllProducts() COMPLETED IN: 11 ms
2026-05-10 22:12:43 [http-nio-8082-exec-6] INFO  c.w.product.aspect.LoggingAspect - ==> API REQUEST: com.warehouse.product.controller.NotificationController.getNotifications()
2026-05-10 22:12:43 [http-nio-8082-exec-6] INFO  c.w.product.aspect.LoggingAspect - ==> SERVICE METHOD CALLED: com.warehouse.product.service.ProductService.getAllProducts()
2026-05-10 22:12:43 [http-nio-8082-exec-6] INFO  c.w.product.aspect.LoggingAspect - ==> METHOD: getAllProducts() COMPLETED IN: 8 ms
2026-05-10 22:12:46 [http-nio-8082-exec-9] INFO  c.w.product.aspect.LoggingAspect - ==> API REQUEST: com.warehouse.product.controller.NotificationController.getNotifications()
2026-05-10 22:12:46 [http-nio-8082-exec-9] INFO  c.w.product.aspect.LoggingAspect - ==> SERVICE METHOD CALLED: com.warehouse.product.service.ProductService.getAllProducts()
2026-05-10 22:12:46 [http-nio-8082-exec-9] INFO  c.w.product.aspect.LoggingAspect - ==> METHOD: getAllProducts() COMPLETED IN: 8 ms
2026-05-10 22:12:47 [http-nio-8082-exec-10] INFO  c.w.product.aspect.LoggingAspect - ==> API REQUEST: com.warehouse.product.controller.NotificationController.getNotifications()
2026-05-10 22:12:47 [http-nio-8082-exec-10] INFO  c.w.product.aspect.LoggingAspect - ==> SERVICE METHOD CALLED: com.warehouse.product.service.ProductService.getAllProducts()
2026-05-10 22:12:47 [http-nio-8082-exec-10] INFO  c.w.product.aspect.LoggingAspect - ==> METHOD: getAllProducts() COMPLETED IN: 10 ms
2026-05-10 22:12:52 [http-nio-8082-exec-1] INFO  c.w.product.aspect.LoggingAspect - ==> API REQUEST: com.warehouse.product.controller.NotificationController.getNotifications()
2026-05-10 22:12:52 [http-nio-8082-exec-1] INFO  c.w.product.aspect.LoggingAspect - ==> SERVICE METHOD CALLED: com.warehouse.product.service.ProductService.getAllProducts()
2026-05-10 22:12:52 [http-nio-8082-exec-1] INFO  c.w.product.aspect.LoggingAspect - ==> METHOD: getAllProducts() COMPLETED IN: 11 ms
2026-05-10 22:12:53 [http-nio-8082-exec-2] INFO  c.w.product.aspect.LoggingAspect - ==> API REQUEST: com.warehouse.product.controller.NotificationController.getNotifications()
2026-05-10 22:12:53 [http-nio-8082-exec-2] INFO  c.w.product.aspect.LoggingAspect - ==> SERVICE METHOD CALLED: com.warehouse.product.service.ProductService.getAllProducts()
2026-05-10 22:12:53 [http-nio-8082-exec-2] INFO  c.w.product.aspect.LoggingAspect - ==> METHOD: getAllProducts() COMPLETED IN: 9 ms
2026-05-10 22:12:58 [http-nio-8082-exec-3] INFO  c.w.product.aspect.LoggingAspect - ==> API REQUEST: com.warehouse.product.controller.NotificationController.getNotifications()
2026-05-10 22:12:58 [http-nio-8082-exec-3] INFO  c.w.product.aspect.LoggingAspect - ==> SERVICE METHOD CALLED: com.warehouse.product.service.ProductService.getAllProducts()
2026-05-10 22:12:58 [http-nio-8082-exec-3] INFO  c.w.product.aspect.LoggingAspect - ==> METHOD: getAllProducts() COMPLETED IN: 13 ms
2026-05-10 22:13:05 [http-nio-8082-exec-4] INFO  c.w.product.aspect.LoggingAspect - ==> API REQUEST: com.warehouse.product.controller.NotificationController.getNotifications()
2026-05-10 22:13:05 [http-nio-8082-exec-4] INFO  c.w.product.aspect.LoggingAspect - ==> SERVICE METHOD CALLED: com.warehouse.product.service.ProductService.getAllProducts()
2026-05-10 22:13:05 [http-nio-8082-exec-4] INFO  c.w.product.aspect.LoggingAspect - ==> METHOD: getAllProducts() COMPLETED IN: 8 ms
2026-05-10 22:13:14 [http-nio-8082-exec-7] INFO  c.w.product.aspect.LoggingAspect - ==> API REQUEST: com.warehouse.product.controller.NotificationController.getNotifications()
2026-05-10 22:13:14 [http-nio-8082-exec-5] INFO  c.w.product.aspect.LoggingAspect - ==> API REQUEST: com.warehouse.product.controller.ProductController.getAllProducts()
2026-05-10 22:13:14 [http-nio-8082-exec-7] INFO  c.w.product.aspect.LoggingAspect - ==> SERVICE METHOD CALLED: com.warehouse.product.service.ProductService.getAllProducts()
2026-05-10 22:13:14 [http-nio-8082-exec-5] INFO  c.w.product.aspect.LoggingAspect - ==> SERVICE METHOD CALLED: com.warehouse.product.service.ProductService.getAllProducts()
2026-05-10 22:13:14 [http-nio-8082-exec-5] INFO  c.w.product.aspect.LoggingAspect - ==> METHOD: getAllProducts() COMPLETED IN: 10 ms
2026-05-10 22:13:14 [http-nio-8082-exec-7] INFO  c.w.product.aspect.LoggingAspect - ==> METHOD: getAllProducts() COMPLETED IN: 11 ms
2026-05-10 22:13:25 [http-nio-8082-exec-8] INFO  c.w.product.aspect.LoggingAspect - ==> API REQUEST: com.warehouse.product.controller.ProductController.reduceQuantity()
2026-05-10 22:13:25 [http-nio-8082-exec-8] INFO  c.w.product.aspect.LoggingAspect - ==> SERVICE METHOD CALLED: com.warehouse.product.service.ProductService.reduceQuantity()
2026-05-10 22:13:25 [http-nio-8082-exec-8] INFO  c.w.product.aspect.LoggingAspect - ==> METHOD: reduceQuantity() COMPLETED IN: 56 ms
2026-05-10 22:13:29 [http-nio-8082-exec-6] INFO  c.w.product.aspect.LoggingAspect - ==> API REQUEST: com.warehouse.product.controller.ProductController.getAllProducts()
2026-05-10 22:13:29 [http-nio-8082-exec-6] INFO  c.w.product.aspect.LoggingAspect - ==> SERVICE METHOD CALLED: com.warehouse.product.service.ProductService.getAllProducts()
2026-05-10 22:13:29 [http-nio-8082-exec-9] INFO  c.w.product.aspect.LoggingAspect - ==> API REQUEST: com.warehouse.product.controller.NotificationController.getNotifications()
2026-05-10 22:13:29 [http-nio-8082-exec-9] INFO  c.w.product.aspect.LoggingAspect - ==> SERVICE METHOD CALLED: com.warehouse.product.service.ProductService.getAllProducts()
2026-05-10 22:13:29 [http-nio-8082-exec-6] INFO  c.w.product.aspect.LoggingAspect - ==> METHOD: getAllProducts() COMPLETED IN: 14 ms
2026-05-10 22:13:29 [http-nio-8082-exec-9] INFO  c.w.product.aspect.LoggingAspect - ==> METHOD: getAllProducts() COMPLETED IN: 13 ms
2026-05-10 22:13:35 [http-nio-8082-exec-10] INFO  c.w.product.aspect.LoggingAspect - ==> API REQUEST: com.warehouse.product.controller.NotificationController.getNotifications()
2026-05-10 22:13:35 [http-nio-8082-exec-10] INFO  c.w.product.aspect.LoggingAspect - ==> SERVICE METHOD CALLED: com.warehouse.product.service.ProductService.getAllProducts()
2026-05-10 22:13:35 [http-nio-8082-exec-10] INFO  c.w.product.aspect.LoggingAspect - ==> METHOD: getAllProducts() COMPLETED IN: 8 ms
2026-05-10 22:13:37 [http-nio-8082-exec-1] INFO  c.w.product.aspect.LoggingAspect - ==> API REQUEST: com.warehouse.product.controller.ProductController.getAllProducts()
2026-05-10 22:13:37 [http-nio-8082-exec-1] INFO  c.w.product.aspect.LoggingAspect - ==> SERVICE METHOD CALLED: com.warehouse.product.service.ProductService.getAllProducts()
2026-05-10 22:13:37 [http-nio-8082-exec-2] INFO  c.w.product.aspect.LoggingAspect - ==> API REQUEST: com.warehouse.product.controller.NotificationController.getNotifications()
2026-05-10 22:13:37 [http-nio-8082-exec-2] INFO  c.w.product.aspect.LoggingAspect - ==> SERVICE METHOD CALLED: com.warehouse.product.service.ProductService.getAllProducts()
2026-05-10 22:13:37 [http-nio-8082-exec-1] INFO  c.w.product.aspect.LoggingAspect - ==> METHOD: getAllProducts() COMPLETED IN: 16 ms
2026-05-10 22:13:37 [http-nio-8082-exec-2] INFO  c.w.product.aspect.LoggingAspect - ==> METHOD: getAllProducts() COMPLETED IN: 12 ms
2026-05-10 22:13:44 [http-nio-8082-exec-3] INFO  c.w.product.aspect.LoggingAspect - ==> API REQUEST: com.warehouse.product.controller.NotificationController.getNotifications()
2026-05-10 22:13:44 [http-nio-8082-exec-3] INFO  c.w.product.aspect.LoggingAspect - ==> SERVICE METHOD CALLED: com.warehouse.product.service.ProductService.getAllProducts()
2026-05-10 22:13:44 [http-nio-8082-exec-3] INFO  c.w.product.aspect.LoggingAspect - ==> METHOD: getAllProducts() COMPLETED IN: 10 ms
2026-05-10 22:13:45 [http-nio-8082-exec-4] INFO  c.w.product.aspect.LoggingAspect - ==> API REQUEST: com.warehouse.product.controller.ProductController.getAllProducts()
2026-05-10 22:13:45 [http-nio-8082-exec-4] INFO  c.w.product.aspect.LoggingAspect - ==> SERVICE METHOD CALLED: com.warehouse.product.service.ProductService.getAllProducts()
2026-05-10 22:13:45 [http-nio-8082-exec-7] INFO  c.w.product.aspect.LoggingAspect - ==> API REQUEST: com.warehouse.product.controller.NotificationController.getNotifications()
2026-05-10 22:13:45 [http-nio-8082-exec-7] INFO  c.w.product.aspect.LoggingAspect - ==> SERVICE METHOD CALLED: com.warehouse.product.service.ProductService.getAllProducts()
2026-05-10 22:13:45 [http-nio-8082-exec-4] INFO  c.w.product.aspect.LoggingAspect - ==> METHOD: getAllProducts() COMPLETED IN: 10 ms
2026-05-10 22:13:45 [http-nio-8082-exec-7] INFO  c.w.product.aspect.LoggingAspect - ==> METHOD: getAllProducts() COMPLETED IN: 13 ms
2026-05-10 22:13:59 [http-nio-8082-exec-5] INFO  c.w.product.aspect.LoggingAspect - ==> API REQUEST: com.warehouse.product.controller.NotificationController.getNotifications()
2026-05-10 22:13:59 [http-nio-8082-exec-5] INFO  c.w.product.aspect.LoggingAspect - ==> SERVICE METHOD CALLED: com.warehouse.product.service.ProductService.getAllProducts()
2026-05-10 22:13:59 [http-nio-8082-exec-5] INFO  c.w.product.aspect.LoggingAspect - ==> METHOD: getAllProducts() COMPLETED IN: 15 ms
2026-05-10 22:14:05 [http-nio-8082-exec-8] INFO  c.w.product.aspect.LoggingAspect - ==> API REQUEST: com.warehouse.product.controller.NotificationController.getNotifications()
2026-05-10 22:14:05 [http-nio-8082-exec-8] INFO  c.w.product.aspect.LoggingAspect - ==> SERVICE METHOD CALLED: com.warehouse.product.service.ProductService.getAllProducts()
2026-05-10 22:14:05 [http-nio-8082-exec-8] INFO  c.w.product.aspect.LoggingAspect - ==> METHOD: getAllProducts() COMPLETED IN: 9 ms
2026-05-10 22:14:07 [http-nio-8082-exec-9] INFO  c.w.product.aspect.LoggingAspect - ==> API REQUEST: com.warehouse.product.controller.NotificationController.getNotifications()
2026-05-10 22:14:07 [http-nio-8082-exec-9] INFO  c.w.product.aspect.LoggingAspect - ==> SERVICE METHOD CALLED: com.warehouse.product.service.ProductService.getAllProducts()
2026-05-10 22:14:07 [http-nio-8082-exec-9] INFO  c.w.product.aspect.LoggingAspect - ==> METHOD: getAllProducts() COMPLETED IN: 9 ms
2026-05-10 22:14:28 [http-nio-8082-exec-10] INFO  c.w.product.aspect.LoggingAspect - ==> API REQUEST: com.warehouse.product.controller.NotificationController.getNotifications()
2026-05-10 22:14:28 [http-nio-8082-exec-10] INFO  c.w.product.aspect.LoggingAspect - ==> SERVICE METHOD CALLED: com.warehouse.product.service.ProductService.getAllProducts()
2026-05-10 22:14:28 [http-nio-8082-exec-10] INFO  c.w.product.aspect.LoggingAspect - ==> METHOD: getAllProducts() COMPLETED IN: 106 ms
2026-05-10 22:14:28 [http-nio-8082-exec-2] INFO  c.w.product.aspect.LoggingAspect - ==> API REQUEST: com.warehouse.product.controller.NotificationController.getNotifications()
2026-05-10 22:14:28 [http-nio-8082-exec-2] INFO  c.w.product.aspect.LoggingAspect - ==> SERVICE METHOD CALLED: com.warehouse.product.service.ProductService.getAllProducts()
2026-05-10 22:14:28 [http-nio-8082-exec-2] INFO  c.w.product.aspect.LoggingAspect - ==> METHOD: getAllProducts() COMPLETED IN: 10 ms
2026-05-10 22:14:29 [http-nio-8082-exec-1] INFO  c.w.product.aspect.LoggingAspect - ==> API REQUEST: com.warehouse.product.controller.NotificationController.getNotifications()
2026-05-10 22:14:29 [http-nio-8082-exec-1] INFO  c.w.product.aspect.LoggingAspect - ==> SERVICE METHOD CALLED: com.warehouse.product.service.ProductService.getAllProducts()
2026-05-10 22:14:29 [http-nio-8082-exec-1] INFO  c.w.product.aspect.LoggingAspect - ==> METHOD: getAllProducts() COMPLETED IN: 46 ms
2026-05-10 22:14:35 [http-nio-8082-exec-3] INFO  c.w.product.aspect.LoggingAspect - ==> API REQUEST: com.warehouse.product.controller.NotificationController.getNotifications()
2026-05-10 22:14:35 [http-nio-8082-exec-3] INFO  c.w.product.aspect.LoggingAspect - ==> SERVICE METHOD CALLED: com.warehouse.product.service.ProductService.getAllProducts()
2026-05-10 22:14:35 [http-nio-8082-exec-3] INFO  c.w.product.aspect.LoggingAspect - ==> METHOD: getAllProducts() COMPLETED IN: 12 ms
2026-05-10 22:14:37 [http-nio-8082-exec-4] INFO  c.w.product.aspect.LoggingAspect - ==> API REQUEST: com.warehouse.product.controller.NotificationController.getNotifications()
2026-05-10 22:14:37 [http-nio-8082-exec-4] INFO  c.w.product.aspect.LoggingAspect - ==> SERVICE METHOD CALLED: com.warehouse.product.service.ProductService.getAllProducts()
2026-05-10 22:14:37 [http-nio-8082-exec-4] INFO  c.w.product.aspect.LoggingAspect - ==> METHOD: getAllProducts() COMPLETED IN: 10 ms
2026-05-10 22:14:44 [http-nio-8082-exec-7] INFO  c.w.product.aspect.LoggingAspect - ==> API REQUEST: com.warehouse.product.controller.NotificationController.getNotifications()
2026-05-10 22:14:44 [http-nio-8082-exec-7] INFO  c.w.product.aspect.LoggingAspect - ==> SERVICE METHOD CALLED: com.warehouse.product.service.ProductService.getAllProducts()
2026-05-10 22:14:44 [http-nio-8082-exec-7] INFO  c.w.product.aspect.LoggingAspect - ==> METHOD: getAllProducts() COMPLETED IN: 9 ms
2026-05-10 22:14:45 [http-nio-8082-exec-5] INFO  c.w.product.aspect.LoggingAspect - ==> API REQUEST: com.warehouse.product.controller.NotificationController.getNotifications()
2026-05-10 22:14:45 [http-nio-8082-exec-5] INFO  c.w.product.aspect.LoggingAspect - ==> SERVICE METHOD CALLED: com.warehouse.product.service.ProductService.getAllProducts()
2026-05-10 22:14:45 [http-nio-8082-exec-5] INFO  c.w.product.aspect.LoggingAspect - ==> METHOD: getAllProducts() COMPLETED IN: 8 ms
2026-05-10 22:14:59 [http-nio-8082-exec-8] INFO  c.w.product.aspect.LoggingAspect - ==> API REQUEST: com.warehouse.product.controller.NotificationController.getNotifications()
2026-05-10 22:14:59 [http-nio-8082-exec-8] INFO  c.w.product.aspect.LoggingAspect - ==> SERVICE METHOD CALLED: com.warehouse.product.service.ProductService.getAllProducts()
2026-05-10 22:14:59 [http-nio-8082-exec-8] INFO  c.w.product.aspect.LoggingAspect - ==> METHOD: getAllProducts() COMPLETED IN: 15 ms
2026-05-10 22:15:05 [http-nio-8082-exec-9] INFO  c.w.product.aspect.LoggingAspect - ==> API REQUEST: com.warehouse.product.controller.NotificationController.getNotifications()
2026-05-10 22:15:05 [http-nio-8082-exec-9] INFO  c.w.product.aspect.LoggingAspect - ==> SERVICE METHOD CALLED: com.warehouse.product.service.ProductService.getAllProducts()
2026-05-10 22:15:05 [http-nio-8082-exec-9] INFO  c.w.product.aspect.LoggingAspect - ==> METHOD: getAllProducts() COMPLETED IN: 6 ms
2026-05-10 22:15:07 [http-nio-8082-exec-6] INFO  c.w.product.aspect.LoggingAspect - ==> API REQUEST: com.warehouse.product.controller.NotificationController.getNotifications()
2026-05-10 22:15:07 [http-nio-8082-exec-6] INFO  c.w.product.aspect.LoggingAspect - ==> SERVICE METHOD CALLED: com.warehouse.product.service.ProductService.getAllProducts()
2026-05-10 22:15:07 [http-nio-8082-exec-6] INFO  c.w.product.aspect.LoggingAspect - ==> METHOD: getAllProducts() COMPLETED IN: 12 ms
2026-05-10 22:15:14 [http-nio-8082-exec-10] INFO  c.w.product.aspect.LoggingAspect - ==> API REQUEST: com.warehouse.product.controller.NotificationController.getNotifications()
2026-05-10 22:15:14 [http-nio-8082-exec-10] INFO  c.w.product.aspect.LoggingAspect - ==> SERVICE METHOD CALLED: com.warehouse.product.service.ProductService.getAllProducts()
2026-05-10 22:15:14 [http-nio-8082-exec-10] INFO  c.w.product.aspect.LoggingAspect - ==> METHOD: getAllProducts() COMPLETED IN: 4 ms
2026-05-10 22:15:15 [http-nio-8082-exec-2] INFO  c.w.product.aspect.LoggingAspect - ==> API REQUEST: com.warehouse.product.controller.NotificationController.getNotifications()
2026-05-10 22:15:15 [http-nio-8082-exec-2] INFO  c.w.product.aspect.LoggingAspect - ==> SERVICE METHOD CALLED: com.warehouse.product.service.ProductService.getAllProducts()
2026-05-10 22:15:15 [http-nio-8082-exec-2] INFO  c.w.product.aspect.LoggingAspect - ==> METHOD: getAllProducts() COMPLETED IN: 9 ms
2026-05-10 22:15:29 [http-nio-8082-exec-1] INFO  c.w.product.aspect.LoggingAspect - ==> API REQUEST: com.warehouse.product.controller.NotificationController.getNotifications()
2026-05-10 22:15:29 [http-nio-8082-exec-1] INFO  c.w.product.aspect.LoggingAspect - ==> SERVICE METHOD CALLED: com.warehouse.product.service.ProductService.getAllProducts()
2026-05-10 22:15:29 [http-nio-8082-exec-1] INFO  c.w.product.aspect.LoggingAspect - ==> METHOD: getAllProducts() COMPLETED IN: 9 ms
2026-05-10 22:15:35 [http-nio-8082-exec-3] INFO  c.w.product.aspect.LoggingAspect - ==> API REQUEST: com.warehouse.product.controller.NotificationController.getNotifications()
2026-05-10 22:15:35 [http-nio-8082-exec-3] INFO  c.w.product.aspect.LoggingAspect - ==> SERVICE METHOD CALLED: com.warehouse.product.service.ProductService.getAllProducts()
2026-05-10 22:15:35 [http-nio-8082-exec-3] INFO  c.w.product.aspect.LoggingAspect - ==> METHOD: getAllProducts() COMPLETED IN: 10 ms
2026-05-10 22:15:37 [http-nio-8082-exec-4] INFO  c.w.product.aspect.LoggingAspect - ==> API REQUEST: com.warehouse.product.controller.NotificationController.getNotifications()
2026-05-10 22:15:37 [http-nio-8082-exec-4] INFO  c.w.product.aspect.LoggingAspect - ==> SERVICE METHOD CALLED: com.warehouse.product.service.ProductService.getAllProducts()
2026-05-10 22:15:37 [http-nio-8082-exec-4] INFO  c.w.product.aspect.LoggingAspect - ==> METHOD: getAllProducts() COMPLETED IN: 10 ms
2026-05-10 22:15:44 [http-nio-8082-exec-7] INFO  c.w.product.aspect.LoggingAspect - ==> API REQUEST: com.warehouse.product.controller.NotificationController.getNotifications()
2026-05-10 22:15:44 [http-nio-8082-exec-7] INFO  c.w.product.aspect.LoggingAspect - ==> SERVICE METHOD CALLED: com.warehouse.product.service.ProductService.getAllProducts()
2026-05-10 22:15:44 [http-nio-8082-exec-7] INFO  c.w.product.aspect.LoggingAspect - ==> METHOD: getAllProducts() COMPLETED IN: 9 ms
2026-05-10 22:15:45 [http-nio-8082-exec-5] INFO  c.w.product.aspect.LoggingAspect - ==> API REQUEST: com.warehouse.product.controller.NotificationController.getNotifications()
2026-05-10 22:15:45 [http-nio-8082-exec-5] INFO  c.w.product.aspect.LoggingAspect - ==> SERVICE METHOD CALLED: com.warehouse.product.service.ProductService.getAllProducts()
2026-05-10 22:15:45 [http-nio-8082-exec-5] INFO  c.w.product.aspect.LoggingAspect - ==> METHOD: getAllProducts() COMPLETED IN: 7 ms
2026-05-10 22:15:59 [http-nio-8082-exec-8] INFO  c.w.product.aspect.LoggingAspect - ==> API REQUEST: com.warehouse.product.controller.NotificationController.getNotifications()
2026-05-10 22:15:59 [http-nio-8082-exec-8] INFO  c.w.product.aspect.LoggingAspect - ==> SERVICE METHOD CALLED: com.warehouse.product.service.ProductService.getAllProducts()
2026-05-10 22:15:59 [http-nio-8082-exec-8] INFO  c.w.product.aspect.LoggingAspect - ==> METHOD: getAllProducts() COMPLETED IN: 7 ms
2026-05-10 22:16:05 [http-nio-8082-exec-9] INFO  c.w.product.aspect.LoggingAspect - ==> API REQUEST: com.warehouse.product.controller.NotificationController.getNotifications()
2026-05-10 22:16:05 [http-nio-8082-exec-9] INFO  c.w.product.aspect.LoggingAspect - ==> SERVICE METHOD CALLED: com.warehouse.product.service.ProductService.getAllProducts()
2026-05-10 22:16:05 [http-nio-8082-exec-9] INFO  c.w.product.aspect.LoggingAspect - ==> METHOD: getAllProducts() COMPLETED IN: 5 ms
2026-05-10 22:16:07 [http-nio-8082-exec-6] INFO  c.w.product.aspect.LoggingAspect - ==> API REQUEST: com.warehouse.product.controller.NotificationController.getNotifications()
2026-05-10 22:16:07 [http-nio-8082-exec-6] INFO  c.w.product.aspect.LoggingAspect - ==> SERVICE METHOD CALLED: com.warehouse.product.service.ProductService.getAllProducts()
2026-05-10 22:16:07 [http-nio-8082-exec-6] INFO  c.w.product.aspect.LoggingAspect - ==> METHOD: getAllProducts() COMPLETED IN: 10 ms
2026-05-10 22:16:14 [http-nio-8082-exec-10] INFO  c.w.product.aspect.LoggingAspect - ==> API REQUEST: com.warehouse.product.controller.NotificationController.getNotifications()
2026-05-10 22:16:14 [http-nio-8082-exec-10] INFO  c.w.product.aspect.LoggingAspect - ==> SERVICE METHOD CALLED: com.warehouse.product.service.ProductService.getAllProducts()
2026-05-10 22:16:14 [http-nio-8082-exec-10] INFO  c.w.product.aspect.LoggingAspect - ==> METHOD: getAllProducts() COMPLETED IN: 8 ms
2026-05-10 22:16:15 [http-nio-8082-exec-2] INFO  c.w.product.aspect.LoggingAspect - ==> API REQUEST: com.warehouse.product.controller.NotificationController.getNotifications()
2026-05-10 22:16:15 [http-nio-8082-exec-2] INFO  c.w.product.aspect.LoggingAspect - ==> SERVICE METHOD CALLED: com.warehouse.product.service.ProductService.getAllProducts()
2026-05-10 22:16:15 [http-nio-8082-exec-2] INFO  c.w.product.aspect.LoggingAspect - ==> METHOD: getAllProducts() COMPLETED IN: 6 ms
2026-05-10 22:16:29 [http-nio-8082-exec-1] INFO  c.w.product.aspect.LoggingAspect - ==> API REQUEST: com.warehouse.product.controller.NotificationController.getNotifications()
2026-05-10 22:16:29 [http-nio-8082-exec-1] INFO  c.w.product.aspect.LoggingAspect - ==> SERVICE METHOD CALLED: com.warehouse.product.service.ProductService.getAllProducts()
2026-05-10 22:16:29 [http-nio-8082-exec-1] INFO  c.w.product.aspect.LoggingAspect - ==> METHOD: getAllProducts() COMPLETED IN: 6 ms
2026-05-10 22:16:37 [http-nio-8082-exec-3] INFO  c.w.product.aspect.LoggingAspect - ==> API REQUEST: com.warehouse.product.controller.NotificationController.getNotifications()
2026-05-10 22:16:37 [http-nio-8082-exec-3] INFO  c.w.product.aspect.LoggingAspect - ==> SERVICE METHOD CALLED: com.warehouse.product.service.ProductService.getAllProducts()
2026-05-10 22:16:37 [http-nio-8082-exec-3] INFO  c.w.product.aspect.LoggingAspect - ==> METHOD: getAllProducts() COMPLETED IN: 7 ms
2026-05-10 22:16:45 [http-nio-8082-exec-4] INFO  c.w.product.aspect.LoggingAspect - ==> API REQUEST: com.warehouse.product.controller.NotificationController.getNotifications()
2026-05-10 22:16:45 [http-nio-8082-exec-4] INFO  c.w.product.aspect.LoggingAspect - ==> SERVICE METHOD CALLED: com.warehouse.product.service.ProductService.getAllProducts()
2026-05-10 22:16:45 [http-nio-8082-exec-4] INFO  c.w.product.aspect.LoggingAspect - ==> METHOD: getAllProducts() COMPLETED IN: 10 ms
2026-05-10 22:17:12 [http-nio-8082-exec-7] INFO  c.w.product.aspect.LoggingAspect - ==> API REQUEST: com.warehouse.product.controller.NotificationController.getNotifications()
2026-05-10 22:17:12 [http-nio-8082-exec-7] INFO  c.w.product.aspect.LoggingAspect - ==> SERVICE METHOD CALLED: com.warehouse.product.service.ProductService.getAllProducts()
2026-05-10 22:17:12 [http-nio-8082-exec-7] INFO  c.w.product.aspect.LoggingAspect - ==> METHOD: getAllProducts() COMPLETED IN: 567 ms
2026-05-10 22:17:13 [http-nio-8082-exec-5] INFO  c.w.product.aspect.LoggingAspect - ==> API REQUEST: com.warehouse.product.controller.NotificationController.getNotifications()
2026-05-10 22:17:13 [http-nio-8082-exec-5] INFO  c.w.product.aspect.LoggingAspect - ==> SERVICE METHOD CALLED: com.warehouse.product.service.ProductService.getAllProducts()
2026-05-10 22:17:13 [http-nio-8082-exec-5] INFO  c.w.product.aspect.LoggingAspect - ==> METHOD: getAllProducts() COMPLETED IN: 35 ms
2026-05-10 22:17:13 [http-nio-8082-exec-8] INFO  c.w.product.aspect.LoggingAspect - ==> API REQUEST: com.warehouse.product.controller.NotificationController.getNotifications()
2026-05-10 22:17:13 [http-nio-8082-exec-8] INFO  c.w.product.aspect.LoggingAspect - ==> SERVICE METHOD CALLED: com.warehouse.product.service.ProductService.getAllProducts()
2026-05-10 22:17:13 [http-nio-8082-exec-8] INFO  c.w.product.aspect.LoggingAspect - ==> METHOD: getAllProducts() COMPLETED IN: 25 ms
2026-05-10 22:17:13 [http-nio-8082-exec-9] INFO  c.w.product.aspect.LoggingAspect - ==> API REQUEST: com.warehouse.product.controller.NotificationController.getNotifications()
2026-05-10 22:17:13 [http-nio-8082-exec-9] INFO  c.w.product.aspect.LoggingAspect - ==> SERVICE METHOD CALLED: com.warehouse.product.service.ProductService.getAllProducts()
2026-05-10 22:17:13 [http-nio-8082-exec-9] INFO  c.w.product.aspect.LoggingAspect - ==> METHOD: getAllProducts() COMPLETED IN: 25 ms
2026-05-10 22:17:36 [http-nio-8082-exec-6] INFO  c.w.product.aspect.LoggingAspect - ==> API REQUEST: com.warehouse.product.controller.NotificationController.getNotifications()
2026-05-10 22:17:36 [http-nio-8082-exec-6] INFO  c.w.product.aspect.LoggingAspect - ==> SERVICE METHOD CALLED: com.warehouse.product.service.ProductService.getAllProducts()
2026-05-10 22:17:36 [http-nio-8082-exec-6] INFO  c.w.product.aspect.LoggingAspect - ==> METHOD: getAllProducts() COMPLETED IN: 101 ms
2026-05-10 22:17:36 [http-nio-8082-exec-10] INFO  c.w.product.aspect.LoggingAspect - ==> API REQUEST: com.warehouse.product.controller.NotificationController.getNotifications()
2026-05-10 22:17:36 [http-nio-8082-exec-10] INFO  c.w.product.aspect.LoggingAspect - ==> SERVICE METHOD CALLED: com.warehouse.product.service.ProductService.getAllProducts()
2026-05-10 22:17:36 [http-nio-8082-exec-10] INFO  c.w.product.aspect.LoggingAspect - ==> METHOD: getAllProducts() COMPLETED IN: 15 ms
2026-05-10 22:17:36 [http-nio-8082-exec-2] INFO  c.w.product.aspect.LoggingAspect - ==> API REQUEST: com.warehouse.product.controller.NotificationController.getNotifications()
2026-05-10 22:17:36 [http-nio-8082-exec-2] INFO  c.w.product.aspect.LoggingAspect - ==> SERVICE METHOD CALLED: com.warehouse.product.service.ProductService.getAllProducts()
2026-05-10 22:17:36 [http-nio-8082-exec-2] INFO  c.w.product.aspect.LoggingAspect - ==> METHOD: getAllProducts() COMPLETED IN: 10 ms
2026-05-10 22:17:36 [http-nio-8082-exec-1] INFO  c.w.product.aspect.LoggingAspect - ==> API REQUEST: com.warehouse.product.controller.NotificationController.getNotifications()
2026-05-10 22:17:36 [http-nio-8082-exec-1] INFO  c.w.product.aspect.LoggingAspect - ==> SERVICE METHOD CALLED: com.warehouse.product.service.ProductService.getAllProducts()
2026-05-10 22:17:36 [http-nio-8082-exec-1] INFO  c.w.product.aspect.LoggingAspect - ==> METHOD: getAllProducts() COMPLETED IN: 11 ms
2026-05-10 22:17:37 [http-nio-8082-exec-3] INFO  c.w.product.aspect.LoggingAspect - ==> API REQUEST: com.warehouse.product.controller.NotificationController.getNotifications()
2026-05-10 22:17:37 [http-nio-8082-exec-3] INFO  c.w.product.aspect.LoggingAspect - ==> SERVICE METHOD CALLED: com.warehouse.product.service.ProductService.getAllProducts()
2026-05-10 22:17:37 [http-nio-8082-exec-3] INFO  c.w.product.aspect.LoggingAspect - ==> METHOD: getAllProducts() COMPLETED IN: 8 ms
2026-05-10 22:30:55 [http-nio-8082-exec-4] INFO  c.w.product.aspect.LoggingAspect - ==> API REQUEST: com.warehouse.product.controller.NotificationController.getNotifications()
2026-05-10 22:30:55 [http-nio-8082-exec-2] INFO  c.w.product.aspect.LoggingAspect - ==> API REQUEST: com.warehouse.product.controller.ProductController.getAllProducts()
2026-05-10 22:30:55 [http-nio-8082-exec-2] INFO  c.w.product.aspect.LoggingAspect - ==> SERVICE METHOD CALLED: com.warehouse.product.service.ProductService.getAllProducts()
2026-05-10 22:30:55 [http-nio-8082-exec-4] INFO  c.w.product.aspect.LoggingAspect - ==> SERVICE METHOD CALLED: com.warehouse.product.service.ProductService.getAllProducts()
2026-05-10 22:30:57 [http-nio-8082-exec-2] INFO  c.w.product.aspect.LoggingAspect - ==> METHOD: getAllProducts() COMPLETED IN: 1924 ms
2026-05-10 22:30:57 [http-nio-8082-exec-4] INFO  c.w.product.aspect.LoggingAspect - ==> METHOD: getAllProducts() COMPLETED IN: 1924 ms
2026-05-10 22:31:06 [http-nio-8082-exec-3] INFO  c.w.product.aspect.LoggingAspect - ==> API REQUEST: com.warehouse.product.controller.NotificationController.getNotifications()
2026-05-10 22:31:06 [http-nio-8082-exec-3] INFO  c.w.product.aspect.LoggingAspect - ==> SERVICE METHOD CALLED: com.warehouse.product.service.ProductService.getAllProducts()
2026-05-10 22:31:06 [http-nio-8082-exec-3] INFO  c.w.product.aspect.LoggingAspect - ==> METHOD: getAllProducts() COMPLETED IN: 19 ms
2026-05-10 22:31:08 [http-nio-8082-exec-5] INFO  c.w.product.aspect.LoggingAspect - ==> API REQUEST: com.warehouse.product.controller.ProductController.getAllProducts()
2026-05-10 22:31:08 [http-nio-8082-exec-5] INFO  c.w.product.aspect.LoggingAspect - ==> SERVICE METHOD CALLED: com.warehouse.product.service.ProductService.getAllProducts()
2026-05-10 22:31:08 [http-nio-8082-exec-6] INFO  c.w.product.aspect.LoggingAspect - ==> API REQUEST: com.warehouse.product.controller.NotificationController.getNotifications()
2026-05-10 22:31:08 [http-nio-8082-exec-6] INFO  c.w.product.aspect.LoggingAspect - ==> SERVICE METHOD CALLED: com.warehouse.product.service.ProductService.getAllProducts()
2026-05-10 22:31:08 [http-nio-8082-exec-5] INFO  c.w.product.aspect.LoggingAspect - ==> METHOD: getAllProducts() COMPLETED IN: 18 ms
2026-05-10 22:31:08 [http-nio-8082-exec-6] INFO  c.w.product.aspect.LoggingAspect - ==> METHOD: getAllProducts() COMPLETED IN: 18 ms
2026-05-10 22:31:21 [http-nio-8082-exec-7] INFO  c.w.product.aspect.LoggingAspect - ==> API REQUEST: com.warehouse.product.controller.NotificationController.getNotifications()
2026-05-10 22:31:21 [http-nio-8082-exec-7] INFO  c.w.product.aspect.LoggingAspect - ==> SERVICE METHOD CALLED: com.warehouse.product.service.ProductService.getAllProducts()
2026-05-10 22:31:21 [http-nio-8082-exec-7] INFO  c.w.product.aspect.LoggingAspect - ==> METHOD: getAllProducts() COMPLETED IN: 18 ms
2026-05-10 22:31:36 [http-nio-8082-exec-9] INFO  c.w.product.aspect.LoggingAspect - ==> API REQUEST: com.warehouse.product.controller.NotificationController.getNotifications()
2026-05-10 22:31:36 [http-nio-8082-exec-9] INFO  c.w.product.aspect.LoggingAspect - ==> SERVICE METHOD CALLED: com.warehouse.product.service.ProductService.getAllProducts()
2026-05-10 22:31:36 [http-nio-8082-exec-9] INFO  c.w.product.aspect.LoggingAspect - ==> METHOD: getAllProducts() COMPLETED IN: 11 ms
2026-05-10 22:31:37 [http-nio-8082-exec-8] INFO  c.w.product.aspect.LoggingAspect - ==> API REQUEST: com.warehouse.product.controller.ProductController.updateProduct()
2026-05-10 22:31:37 [http-nio-8082-exec-8] INFO  c.w.product.aspect.LoggingAspect - ==> SERVICE METHOD CALLED: com.warehouse.product.service.ProductService.updateProduct()
2026-05-10 22:31:37 [http-nio-8082-exec-8] INFO  c.w.product.aspect.LoggingAspect - ==> METHOD: updateProduct() COMPLETED IN: 129 ms
2026-05-10 22:31:38 [http-nio-8082-exec-1] INFO  c.w.product.aspect.LoggingAspect - ==> API REQUEST: com.warehouse.product.controller.NotificationController.getNotifications()
2026-05-10 22:31:38 [http-nio-8082-exec-1] INFO  c.w.product.aspect.LoggingAspect - ==> SERVICE METHOD CALLED: com.warehouse.product.service.ProductService.getAllProducts()
2026-05-10 22:31:38 [http-nio-8082-exec-1] INFO  c.w.product.aspect.LoggingAspect - ==> METHOD: getAllProducts() COMPLETED IN: 9 ms
2026-05-10 22:31:44 [http-nio-8082-exec-10] INFO  c.w.product.aspect.LoggingAspect - ==> API REQUEST: com.warehouse.product.controller.NotificationController.getNotifications()
2026-05-10 22:31:44 [http-nio-8082-exec-4] INFO  c.w.product.aspect.LoggingAspect - ==> API REQUEST: com.warehouse.product.controller.ProductController.getAllProducts()
2026-05-10 22:31:44 [http-nio-8082-exec-4] INFO  c.w.product.aspect.LoggingAspect - ==> SERVICE METHOD CALLED: com.warehouse.product.service.ProductService.getAllProducts()
2026-05-10 22:31:44 [http-nio-8082-exec-10] INFO  c.w.product.aspect.LoggingAspect - ==> SERVICE METHOD CALLED: com.warehouse.product.service.ProductService.getAllProducts()
2026-05-10 22:31:44 [http-nio-8082-exec-10] INFO  c.w.product.aspect.LoggingAspect - ==> METHOD: getAllProducts() COMPLETED IN: 16 ms
2026-05-10 22:31:44 [http-nio-8082-exec-4] INFO  c.w.product.aspect.LoggingAspect - ==> METHOD: getAllProducts() COMPLETED IN: 17 ms
2026-05-10 22:31:51 [http-nio-8082-exec-2] INFO  c.w.product.aspect.LoggingAspect - ==> API REQUEST: com.warehouse.product.controller.NotificationController.getNotifications()
2026-05-10 22:31:51 [http-nio-8082-exec-2] INFO  c.w.product.aspect.LoggingAspect - ==> SERVICE METHOD CALLED: com.warehouse.product.service.ProductService.getAllProducts()
2026-05-10 22:31:51 [http-nio-8082-exec-2] INFO  c.w.product.aspect.LoggingAspect - ==> METHOD: getAllProducts() COMPLETED IN: 19 ms
2026-05-10 22:31:52 [http-nio-8082-exec-3] INFO  c.w.product.aspect.LoggingAspect - ==> API REQUEST: com.warehouse.product.controller.NotificationController.getNotifications()
2026-05-10 22:31:52 [http-nio-8082-exec-3] INFO  c.w.product.aspect.LoggingAspect - ==> SERVICE METHOD CALLED: com.warehouse.product.service.ProductService.getAllProducts()
2026-05-10 22:31:53 [http-nio-8082-exec-3] INFO  c.w.product.aspect.LoggingAspect - ==> METHOD: getAllProducts() COMPLETED IN: 39 ms
2026-05-10 22:32:04 [http-nio-8082-exec-5] INFO  c.w.product.aspect.LoggingAspect - ==> API REQUEST: com.warehouse.product.controller.ProductController.getAllProducts()
2026-05-10 22:32:04 [http-nio-8082-exec-5] INFO  c.w.product.aspect.LoggingAspect - ==> SERVICE METHOD CALLED: com.warehouse.product.service.ProductService.getAllProducts()
2026-05-10 22:32:04 [http-nio-8082-exec-6] INFO  c.w.product.aspect.LoggingAspect - ==> API REQUEST: com.warehouse.product.controller.NotificationController.getNotifications()
2026-05-10 22:32:04 [http-nio-8082-exec-6] INFO  c.w.product.aspect.LoggingAspect - ==> SERVICE METHOD CALLED: com.warehouse.product.service.ProductService.getAllProducts()
2026-05-10 22:32:04 [http-nio-8082-exec-5] INFO  c.w.product.aspect.LoggingAspect - ==> METHOD: getAllProducts() COMPLETED IN: 16 ms
2026-05-10 22:32:04 [http-nio-8082-exec-6] INFO  c.w.product.aspect.LoggingAspect - ==> METHOD: getAllProducts() COMPLETED IN: 32 ms
2026-05-10 22:32:23 [http-nio-8082-exec-9] INFO  c.w.product.aspect.LoggingAspect - ==> API REQUEST: com.warehouse.product.controller.NotificationController.getNotifications()
2026-05-10 22:32:23 [http-nio-8082-exec-9] INFO  c.w.product.aspect.LoggingAspect - ==> SERVICE METHOD CALLED: com.warehouse.product.service.ProductService.getAllProducts()
2026-05-10 22:32:23 [http-nio-8082-exec-7] INFO  c.w.product.aspect.LoggingAspect - ==> API REQUEST: com.warehouse.product.controller.ProductController.deleteProduct()
2026-05-10 22:32:23 [http-nio-8082-exec-9] INFO  c.w.product.aspect.LoggingAspect - ==> METHOD: getAllProducts() COMPLETED IN: 32 ms
2026-05-10 22:32:23 [http-nio-8082-exec-7] INFO  c.w.product.aspect.LoggingAspect - ==> SERVICE METHOD CALLED: com.warehouse.product.service.ProductService.deleteProduct()
2026-05-10 22:32:23 [http-nio-8082-exec-7] INFO  c.w.product.aspect.LoggingAspect - ==> METHOD: deleteProduct() COMPLETED IN: 199 ms
2026-05-10 22:32:29 [http-nio-8082-exec-8] INFO  c.w.product.aspect.LoggingAspect - ==> API REQUEST: com.warehouse.product.controller.ProductController.getAllProducts()
2026-05-10 22:32:29 [http-nio-8082-exec-8] INFO  c.w.product.aspect.LoggingAspect - ==> SERVICE METHOD CALLED: com.warehouse.product.service.ProductService.getAllProducts()
2026-05-10 22:32:29 [http-nio-8082-exec-1] INFO  c.w.product.aspect.LoggingAspect - ==> API REQUEST: com.warehouse.product.controller.NotificationController.getNotifications()
2026-05-10 22:32:29 [http-nio-8082-exec-1] INFO  c.w.product.aspect.LoggingAspect - ==> SERVICE METHOD CALLED: com.warehouse.product.service.ProductService.getAllProducts()
2026-05-10 22:32:29 [http-nio-8082-exec-8] INFO  c.w.product.aspect.LoggingAspect - ==> METHOD: getAllProducts() COMPLETED IN: 18 ms
2026-05-10 22:32:29 [http-nio-8082-exec-1] INFO  c.w.product.aspect.LoggingAspect - ==> METHOD: getAllProducts() COMPLETED IN: 20 ms
2026-05-10 22:32:59 [http-nio-8082-exec-4] INFO  c.w.product.aspect.LoggingAspect - ==> API REQUEST: com.warehouse.product.controller.NotificationController.getNotifications()
2026-05-10 22:32:59 [http-nio-8082-exec-4] INFO  c.w.product.aspect.LoggingAspect - ==> SERVICE METHOD CALLED: com.warehouse.product.service.ProductService.getAllProducts()
2026-05-10 22:32:59 [http-nio-8082-exec-4] INFO  c.w.product.aspect.LoggingAspect - ==> METHOD: getAllProducts() COMPLETED IN: 9 ms
2026-05-10 22:33:12 [http-nio-8082-exec-10] INFO  c.w.product.aspect.LoggingAspect - ==> API REQUEST: com.warehouse.product.controller.ProductController.createProduct()
2026-05-10 22:33:12 [http-nio-8082-exec-10] INFO  c.w.product.aspect.LoggingAspect - ==> SERVICE METHOD CALLED: com.warehouse.product.service.ProductService.createProduct()
2026-05-10 22:33:12 [http-nio-8082-exec-10] INFO  c.w.product.aspect.LoggingAspect - ==> METHOD: createProduct() COMPLETED IN: 127 ms
2026-05-10 22:33:29 [http-nio-8082-exec-2] INFO  c.w.product.aspect.LoggingAspect - ==> API REQUEST: com.warehouse.product.controller.NotificationController.getNotifications()
2026-05-10 22:33:29 [http-nio-8082-exec-2] INFO  c.w.product.aspect.LoggingAspect - ==> SERVICE METHOD CALLED: com.warehouse.product.service.ProductService.getAllProducts()
2026-05-10 22:33:29 [http-nio-8082-exec-2] INFO  c.w.product.aspect.LoggingAspect - ==> METHOD: getAllProducts() COMPLETED IN: 13 ms
2026-05-10 22:33:32 [http-nio-8082-exec-3] INFO  c.w.product.aspect.LoggingAspect - ==> API REQUEST: com.warehouse.product.controller.ProductController.getAllProducts()
2026-05-10 22:33:32 [http-nio-8082-exec-3] INFO  c.w.product.aspect.LoggingAspect - ==> SERVICE METHOD CALLED: com.warehouse.product.service.ProductService.getAllProducts()
2026-05-10 22:33:32 [http-nio-8082-exec-5] INFO  c.w.product.aspect.LoggingAspect - ==> API REQUEST: com.warehouse.product.controller.NotificationController.getNotifications()
2026-05-10 22:33:32 [http-nio-8082-exec-5] INFO  c.w.product.aspect.LoggingAspect - ==> SERVICE METHOD CALLED: com.warehouse.product.service.ProductService.getAllProducts()
2026-05-10 22:33:32 [http-nio-8082-exec-3] INFO  c.w.product.aspect.LoggingAspect - ==> METHOD: getAllProducts() COMPLETED IN: 25 ms
2026-05-10 22:33:32 [http-nio-8082-exec-5] INFO  c.w.product.aspect.LoggingAspect - ==> METHOD: getAllProducts() COMPLETED IN: 21 ms
2026-05-10 22:33:37 [http-nio-8082-exec-6] INFO  c.w.product.aspect.LoggingAspect - ==> API REQUEST: com.warehouse.product.controller.NotificationController.getNotifications()
2026-05-10 22:33:38 [http-nio-8082-exec-6] INFO  c.w.product.aspect.LoggingAspect - ==> SERVICE METHOD CALLED: com.warehouse.product.service.ProductService.getAllProducts()
2026-05-10 22:33:38 [http-nio-8082-exec-6] INFO  c.w.product.aspect.LoggingAspect - ==> METHOD: getAllProducts() COMPLETED IN: 94 ms
2026-05-10 22:33:41 [http-nio-8082-exec-9] INFO  c.w.product.aspect.LoggingAspect - ==> API REQUEST: com.warehouse.product.controller.NotificationController.getNotifications()
2026-05-10 22:33:41 [http-nio-8082-exec-9] INFO  c.w.product.aspect.LoggingAspect - ==> SERVICE METHOD CALLED: com.warehouse.product.service.ProductService.getAllProducts()
2026-05-10 22:33:41 [http-nio-8082-exec-9] INFO  c.w.product.aspect.LoggingAspect - ==> METHOD: getAllProducts() COMPLETED IN: 70 ms
2026-05-10 22:33:47 [http-nio-8082-exec-7] INFO  c.w.product.aspect.LoggingAspect - ==> API REQUEST: com.warehouse.product.controller.ProductController.getAllProducts()
2026-05-10 22:33:47 [http-nio-8082-exec-8] INFO  c.w.product.aspect.LoggingAspect - ==> API REQUEST: com.warehouse.product.controller.NotificationController.getNotifications()
2026-05-10 22:33:47 [http-nio-8082-exec-8] INFO  c.w.product.aspect.LoggingAspect - ==> SERVICE METHOD CALLED: com.warehouse.product.service.ProductService.getAllProducts()
2026-05-10 22:33:47 [http-nio-8082-exec-7] INFO  c.w.product.aspect.LoggingAspect - ==> SERVICE METHOD CALLED: com.warehouse.product.service.ProductService.getAllProducts()
2026-05-10 22:33:47 [http-nio-8082-exec-8] INFO  c.w.product.aspect.LoggingAspect - ==> METHOD: getAllProducts() COMPLETED IN: 13 ms
2026-05-10 22:33:47 [http-nio-8082-exec-7] INFO  c.w.product.aspect.LoggingAspect - ==> METHOD: getAllProducts() COMPLETED IN: 15 ms
2026-05-10 22:34:24 [http-nio-8082-exec-1] INFO  c.w.product.aspect.LoggingAspect - ==> API REQUEST: com.warehouse.product.controller.ProductController.getAllProducts()
2026-05-10 22:34:24 [http-nio-8082-exec-4] INFO  c.w.product.aspect.LoggingAspect - ==> API REQUEST: com.warehouse.product.controller.NotificationController.getNotifications()
2026-05-10 22:34:24 [http-nio-8082-exec-4] INFO  c.w.product.aspect.LoggingAspect - ==> SERVICE METHOD CALLED: com.warehouse.product.service.ProductService.getAllProducts()
2026-05-10 22:34:24 [http-nio-8082-exec-1] INFO  c.w.product.aspect.LoggingAspect - ==> SERVICE METHOD CALLED: com.warehouse.product.service.ProductService.getAllProducts()
2026-05-10 22:34:24 [http-nio-8082-exec-4] INFO  c.w.product.aspect.LoggingAspect - ==> METHOD: getAllProducts() COMPLETED IN: 99 ms
2026-05-10 22:34:24 [http-nio-8082-exec-1] INFO  c.w.product.aspect.LoggingAspect - ==> METHOD: getAllProducts() COMPLETED IN: 99 ms
2026-05-10 22:34:29 [http-nio-8082-exec-10] INFO  c.w.product.aspect.LoggingAspect - ==> API REQUEST: com.warehouse.product.controller.NotificationController.getNotifications()
2026-05-10 22:34:29 [http-nio-8082-exec-10] INFO  c.w.product.aspect.LoggingAspect - ==> SERVICE METHOD CALLED: com.warehouse.product.service.ProductService.getAllProducts()
2026-05-10 22:34:29 [http-nio-8082-exec-10] INFO  c.w.product.aspect.LoggingAspect - ==> METHOD: getAllProducts() COMPLETED IN: 17 ms
2026-05-10 22:34:32 [http-nio-8082-exec-3] INFO  c.w.product.aspect.LoggingAspect - ==> API REQUEST: com.warehouse.product.controller.NotificationController.getNotifications()
2026-05-10 22:34:32 [http-nio-8082-exec-2] INFO  c.w.product.aspect.LoggingAspect - ==> API REQUEST: com.warehouse.product.controller.ProductController.getAllProducts()
2026-05-10 22:34:32 [http-nio-8082-exec-3] INFO  c.w.product.aspect.LoggingAspect - ==> SERVICE METHOD CALLED: com.warehouse.product.service.ProductService.getAllProducts()
2026-05-10 22:34:32 [http-nio-8082-exec-2] INFO  c.w.product.aspect.LoggingAspect - ==> SERVICE METHOD CALLED: com.warehouse.product.service.ProductService.getAllProducts()
2026-05-10 22:34:32 [http-nio-8082-exec-3] INFO  c.w.product.aspect.LoggingAspect - ==> METHOD: getAllProducts() COMPLETED IN: 39 ms
2026-05-10 22:34:32 [http-nio-8082-exec-2] INFO  c.w.product.aspect.LoggingAspect - ==> METHOD: getAllProducts() COMPLETED IN: 40 ms
2026-05-10 22:35:05 [http-nio-8082-exec-5] INFO  c.w.product.aspect.LoggingAspect - ==> API REQUEST: com.warehouse.product.controller.NotificationController.getNotifications()
2026-05-10 22:35:05 [http-nio-8082-exec-5] INFO  c.w.product.aspect.LoggingAspect - ==> SERVICE METHOD CALLED: com.warehouse.product.service.ProductService.getAllProducts()
2026-05-10 22:35:06 [http-nio-8082-exec-5] INFO  c.w.product.aspect.LoggingAspect - ==> METHOD: getAllProducts() COMPLETED IN: 224 ms
2026-05-10 22:35:06 [http-nio-8082-exec-6] INFO  c.w.product.aspect.LoggingAspect - ==> API REQUEST: com.warehouse.product.controller.NotificationController.getNotifications()
2026-05-10 22:35:06 [http-nio-8082-exec-6] INFO  c.w.product.aspect.LoggingAspect - ==> SERVICE METHOD CALLED: com.warehouse.product.service.ProductService.getAllProducts()
2026-05-10 22:35:06 [http-nio-8082-exec-6] INFO  c.w.product.aspect.LoggingAspect - ==> METHOD: getAllProducts() COMPLETED IN: 19 ms
2026-05-10 22:35:06 [http-nio-8082-exec-9] INFO  c.w.product.aspect.LoggingAspect - ==> API REQUEST: com.warehouse.product.controller.NotificationController.getNotifications()
2026-05-10 22:35:06 [http-nio-8082-exec-9] INFO  c.w.product.aspect.LoggingAspect - ==> SERVICE METHOD CALLED: com.warehouse.product.service.ProductService.getAllProducts()
2026-05-10 22:35:06 [http-nio-8082-exec-9] INFO  c.w.product.aspect.LoggingAspect - ==> METHOD: getAllProducts() COMPLETED IN: 24 ms
2026-05-10 22:35:08 [http-nio-8082-exec-8] INFO  c.w.product.aspect.LoggingAspect - ==> API REQUEST: com.warehouse.product.controller.ProductController.deleteProduct()
2026-05-10 22:35:08 [http-nio-8082-exec-8] INFO  c.w.product.aspect.LoggingAspect - ==> SERVICE METHOD CALLED: com.warehouse.product.service.ProductService.deleteProduct()
2026-05-10 22:35:08 [http-nio-8082-exec-8] INFO  c.w.product.aspect.LoggingAspect - ==> METHOD: deleteProduct() COMPLETED IN: 211 ms
2026-05-10 22:35:16 [http-nio-8082-exec-7] INFO  c.w.product.aspect.LoggingAspect - ==> API REQUEST: com.warehouse.product.controller.ProductController.deleteProduct()
2026-05-10 22:35:16 [http-nio-8082-exec-7] INFO  c.w.product.aspect.LoggingAspect - ==> SERVICE METHOD CALLED: com.warehouse.product.service.ProductService.deleteProduct()
2026-05-10 22:35:16 [http-nio-8082-exec-7] INFO  c.w.product.aspect.LoggingAspect - ==> METHOD: deleteProduct() COMPLETED IN: 17 ms
2026-05-10 22:35:24 [http-nio-8082-exec-4] INFO  c.w.product.aspect.LoggingAspect - ==> API REQUEST: com.warehouse.product.controller.NotificationController.getNotifications()
2026-05-10 22:35:24 [http-nio-8082-exec-4] INFO  c.w.product.aspect.LoggingAspect - ==> SERVICE METHOD CALLED: com.warehouse.product.service.ProductService.getAllProducts()
2026-05-10 22:35:24 [http-nio-8082-exec-4] INFO  c.w.product.aspect.LoggingAspect - ==> METHOD: getAllProducts() COMPLETED IN: 12 ms
2026-05-10 22:35:26 [http-nio-8082-exec-1] INFO  c.w.product.aspect.LoggingAspect - ==> API REQUEST: com.warehouse.product.controller.ProductController.getAllProducts()
2026-05-10 22:35:26 [http-nio-8082-exec-1] INFO  c.w.product.aspect.LoggingAspect - ==> SERVICE METHOD CALLED: com.warehouse.product.service.ProductService.getAllProducts()
2026-05-10 22:35:26 [http-nio-8082-exec-10] INFO  c.w.product.aspect.LoggingAspect - ==> API REQUEST: com.warehouse.product.controller.NotificationController.getNotifications()
2026-05-10 22:35:26 [http-nio-8082-exec-10] INFO  c.w.product.aspect.LoggingAspect - ==> SERVICE METHOD CALLED: com.warehouse.product.service.ProductService.getAllProducts()
2026-05-10 22:35:26 [http-nio-8082-exec-1] INFO  c.w.product.aspect.LoggingAspect - ==> METHOD: getAllProducts() COMPLETED IN: 23 ms
2026-05-10 22:35:26 [http-nio-8082-exec-10] INFO  c.w.product.aspect.LoggingAspect - ==> METHOD: getAllProducts() COMPLETED IN: 9 ms
2026-05-10 22:35:39 [http-nio-8082-exec-3] INFO  c.w.product.aspect.LoggingAspect - ==> API REQUEST: com.warehouse.product.controller.ProductController.deleteProduct()
2026-05-10 22:35:39 [http-nio-8082-exec-3] INFO  c.w.product.aspect.LoggingAspect - ==> SERVICE METHOD CALLED: com.warehouse.product.service.ProductService.deleteProduct()
2026-05-10 22:35:39 [http-nio-8082-exec-3] INFO  c.w.product.aspect.LoggingAspect - ==> METHOD: deleteProduct() COMPLETED IN: 16 ms
2026-05-10 22:35:56 [http-nio-8082-exec-2] INFO  c.w.product.aspect.LoggingAspect - ==> API REQUEST: com.warehouse.product.controller.NotificationController.getNotifications()
2026-05-10 22:35:56 [http-nio-8082-exec-2] INFO  c.w.product.aspect.LoggingAspect - ==> SERVICE METHOD CALLED: com.warehouse.product.service.ProductService.getAllProducts()
2026-05-10 22:35:56 [http-nio-8082-exec-2] INFO  c.w.product.aspect.LoggingAspect - ==> METHOD: getAllProducts() COMPLETED IN: 27 ms
2026-05-10 22:36:15 [http-nio-8082-exec-6] INFO  c.w.product.aspect.LoggingAspect - ==> API REQUEST: com.warehouse.product.controller.NotificationController.getNotifications()
2026-05-10 22:36:15 [http-nio-8082-exec-6] INFO  c.w.product.aspect.LoggingAspect - ==> SERVICE METHOD CALLED: com.warehouse.product.service.ProductService.getAllProducts()
2026-05-10 22:36:15 [http-nio-8082-exec-5] INFO  c.w.product.aspect.LoggingAspect - ==> API REQUEST: com.warehouse.product.controller.ProductController.getAllProducts()
2026-05-10 22:36:15 [http-nio-8082-exec-5] INFO  c.w.product.aspect.LoggingAspect - ==> SERVICE METHOD CALLED: com.warehouse.product.service.ProductService.getAllProducts()
2026-05-10 22:36:15 [http-nio-8082-exec-5] INFO  c.w.product.aspect.LoggingAspect - ==> METHOD: getAllProducts() COMPLETED IN: 33 ms
2026-05-10 22:36:15 [http-nio-8082-exec-6] INFO  c.w.product.aspect.LoggingAspect - ==> METHOD: getAllProducts() COMPLETED IN: 40 ms
2026-05-10 22:36:45 [http-nio-8082-exec-9] INFO  c.w.product.aspect.LoggingAspect - ==> API REQUEST: com.warehouse.product.controller.NotificationController.getNotifications()
2026-05-10 22:36:45 [http-nio-8082-exec-9] INFO  c.w.product.aspect.LoggingAspect - ==> SERVICE METHOD CALLED: com.warehouse.product.service.ProductService.getAllProducts()
2026-05-10 22:36:45 [http-nio-8082-exec-9] INFO  c.w.product.aspect.LoggingAspect - ==> METHOD: getAllProducts() COMPLETED IN: 11 ms
2026-05-10 22:36:59 [http-nio-8082-exec-8] INFO  c.w.product.aspect.LoggingAspect - ==> API REQUEST: com.warehouse.product.controller.ProductController.createProduct()
2026-05-10 22:36:59 [http-nio-8082-exec-8] INFO  c.w.product.aspect.LoggingAspect - ==> SERVICE METHOD CALLED: com.warehouse.product.service.ProductService.createProduct()
2026-05-10 22:36:59 [http-nio-8082-exec-8] INFO  c.w.product.aspect.LoggingAspect - ==> METHOD: createProduct() COMPLETED IN: 113 ms
2026-05-10 22:37:13 [http-nio-8082-exec-7] INFO  c.w.product.aspect.LoggingAspect - ==> API REQUEST: com.warehouse.product.controller.ProductController.getAllProducts()
2026-05-10 22:37:13 [http-nio-8082-exec-7] INFO  c.w.product.aspect.LoggingAspect - ==> SERVICE METHOD CALLED: com.warehouse.product.service.ProductService.getAllProducts()
2026-05-10 22:37:13 [http-nio-8082-exec-4] INFO  c.w.product.aspect.LoggingAspect - ==> API REQUEST: com.warehouse.product.controller.NotificationController.getNotifications()
2026-05-10 22:37:13 [http-nio-8082-exec-4] INFO  c.w.product.aspect.LoggingAspect - ==> SERVICE METHOD CALLED: com.warehouse.product.service.ProductService.getAllProducts()
2026-05-10 22:37:13 [http-nio-8082-exec-7] INFO  c.w.product.aspect.LoggingAspect - ==> METHOD: getAllProducts() COMPLETED IN: 44 ms
2026-05-10 22:37:13 [http-nio-8082-exec-4] INFO  c.w.product.aspect.LoggingAspect - ==> METHOD: getAllProducts() COMPLETED IN: 36 ms
2026-05-10 22:37:17 [http-nio-8082-exec-1] INFO  c.w.product.aspect.LoggingAspect - ==> API REQUEST: com.warehouse.product.controller.NotificationController.getNotifications()
2026-05-10 22:37:17 [http-nio-8082-exec-1] INFO  c.w.product.aspect.LoggingAspect - ==> SERVICE METHOD CALLED: com.warehouse.product.service.ProductService.getAllProducts()
2026-05-10 22:37:17 [http-nio-8082-exec-1] INFO  c.w.product.aspect.LoggingAspect - ==> METHOD: getAllProducts() COMPLETED IN: 39 ms
2026-05-10 22:37:43 [http-nio-8082-exec-10] INFO  c.w.product.aspect.LoggingAspect - ==> API REQUEST: com.warehouse.product.controller.NotificationController.getNotifications()
2026-05-10 22:37:43 [http-nio-8082-exec-10] INFO  c.w.product.aspect.LoggingAspect - ==> SERVICE METHOD CALLED: com.warehouse.product.service.ProductService.getAllProducts()
2026-05-10 22:37:43 [http-nio-8082-exec-10] INFO  c.w.product.aspect.LoggingAspect - ==> METHOD: getAllProducts() COMPLETED IN: 13 ms
2026-05-10 22:37:47 [http-nio-8082-exec-3] INFO  c.w.product.aspect.LoggingAspect - ==> API REQUEST: com.warehouse.product.controller.NotificationController.getNotifications()
2026-05-10 22:37:47 [http-nio-8082-exec-3] INFO  c.w.product.aspect.LoggingAspect - ==> SERVICE METHOD CALLED: com.warehouse.product.service.ProductService.getAllProducts()
2026-05-10 22:37:47 [http-nio-8082-exec-3] INFO  c.w.product.aspect.LoggingAspect - ==> METHOD: getAllProducts() COMPLETED IN: 19 ms
2026-05-10 22:43:02 [http-nio-8082-exec-5] INFO  c.w.product.aspect.LoggingAspect - ==> API REQUEST: com.warehouse.product.controller.NotificationController.getNotifications()
2026-05-10 22:43:02 [http-nio-8082-exec-5] INFO  c.w.product.aspect.LoggingAspect - ==> SERVICE METHOD CALLED: com.warehouse.product.service.ProductService.getAllProducts()
2026-05-10 22:43:03 [http-nio-8082-exec-5] INFO  c.w.product.aspect.LoggingAspect - ==> METHOD: getAllProducts() COMPLETED IN: 797 ms
2026-05-10 22:43:25 [http-nio-8082-exec-9] INFO  c.w.product.aspect.LoggingAspect - ==> API REQUEST: com.warehouse.product.controller.NotificationController.getNotifications()
2026-05-10 22:43:25 [http-nio-8082-exec-9] INFO  c.w.product.aspect.LoggingAspect - ==> SERVICE METHOD CALLED: com.warehouse.product.service.ProductService.getAllProducts()
2026-05-10 22:43:25 [http-nio-8082-exec-9] INFO  c.w.product.aspect.LoggingAspect - ==> METHOD: getAllProducts() COMPLETED IN: 27 ms
2026-05-10 22:43:28 [http-nio-8082-exec-8] INFO  c.w.product.aspect.LoggingAspect - ==> API REQUEST: com.warehouse.product.controller.NotificationController.getNotifications()
2026-05-10 22:43:28 [http-nio-8082-exec-8] INFO  c.w.product.aspect.LoggingAspect - ==> SERVICE METHOD CALLED: com.warehouse.product.service.ProductService.getAllProducts()
2026-05-10 22:43:28 [http-nio-8082-exec-8] INFO  c.w.product.aspect.LoggingAspect - ==> METHOD: getAllProducts() COMPLETED IN: 6 ms
2026-05-10 22:43:43 [http-nio-8082-exec-7] INFO  c.w.product.aspect.LoggingAspect - ==> API REQUEST: com.warehouse.product.controller.NotificationController.getNotifications()
2026-05-10 22:43:43 [http-nio-8082-exec-7] INFO  c.w.product.aspect.LoggingAspect - ==> SERVICE METHOD CALLED: com.warehouse.product.service.ProductService.getAllProducts()
2026-05-10 22:43:43 [http-nio-8082-exec-7] INFO  c.w.product.aspect.LoggingAspect - ==> METHOD: getAllProducts() COMPLETED IN: 25 ms
2026-05-10 22:43:47 [http-nio-8082-exec-4] INFO  c.w.product.aspect.LoggingAspect - ==> API REQUEST: com.warehouse.product.controller.NotificationController.getNotifications()
2026-05-10 22:43:47 [http-nio-8082-exec-4] INFO  c.w.product.aspect.LoggingAspect - ==> SERVICE METHOD CALLED: com.warehouse.product.service.ProductService.getAllProducts()
2026-05-10 22:43:47 [http-nio-8082-exec-4] INFO  c.w.product.aspect.LoggingAspect - ==> METHOD: getAllProducts() COMPLETED IN: 24 ms
2026-05-10 22:44:13 [http-nio-8082-exec-1] INFO  c.w.product.aspect.LoggingAspect - ==> API REQUEST: com.warehouse.product.controller.NotificationController.getNotifications()
2026-05-10 22:44:13 [http-nio-8082-exec-1] INFO  c.w.product.aspect.LoggingAspect - ==> SERVICE METHOD CALLED: com.warehouse.product.service.ProductService.getAllProducts()
2026-05-10 22:44:13 [http-nio-8082-exec-1] INFO  c.w.product.aspect.LoggingAspect - ==> METHOD: getAllProducts() COMPLETED IN: 14 ms
2026-05-10 22:44:17 [http-nio-8082-exec-10] INFO  c.w.product.aspect.LoggingAspect - ==> API REQUEST: com.warehouse.product.controller.NotificationController.getNotifications()
2026-05-10 22:44:17 [http-nio-8082-exec-10] INFO  c.w.product.aspect.LoggingAspect - ==> SERVICE METHOD CALLED: com.warehouse.product.service.ProductService.getAllProducts()
2026-05-10 22:44:17 [http-nio-8082-exec-10] INFO  c.w.product.aspect.LoggingAspect - ==> METHOD: getAllProducts() COMPLETED IN: 17 ms
2026-05-10 22:44:43 [http-nio-8082-exec-3] INFO  c.w.product.aspect.LoggingAspect - ==> API REQUEST: com.warehouse.product.controller.NotificationController.getNotifications()
2026-05-10 22:44:43 [http-nio-8082-exec-3] INFO  c.w.product.aspect.LoggingAspect - ==> SERVICE METHOD CALLED: com.warehouse.product.service.ProductService.getAllProducts()
2026-05-10 22:44:43 [http-nio-8082-exec-3] INFO  c.w.product.aspect.LoggingAspect - ==> METHOD: getAllProducts() COMPLETED IN: 0 ms
2026-05-10 22:44:47 [http-nio-8082-exec-2] INFO  c.w.product.aspect.LoggingAspect - ==> API REQUEST: com.warehouse.product.controller.NotificationController.getNotifications()
2026-05-10 22:44:47 [http-nio-8082-exec-2] INFO  c.w.product.aspect.LoggingAspect - ==> SERVICE METHOD CALLED: com.warehouse.product.service.ProductService.getAllProducts()
2026-05-10 22:44:47 [http-nio-8082-exec-2] INFO  c.w.product.aspect.LoggingAspect - ==> METHOD: getAllProducts() COMPLETED IN: 10 ms
2026-05-10 22:45:16 [http-nio-8082-exec-5] INFO  c.w.product.aspect.LoggingAspect - ==> API REQUEST: com.warehouse.product.controller.NotificationController.getNotifications()
2026-05-10 22:45:16 [http-nio-8082-exec-5] INFO  c.w.product.aspect.LoggingAspect - ==> SERVICE METHOD CALLED: com.warehouse.product.service.ProductService.getAllProducts()
2026-05-10 22:45:16 [http-nio-8082-exec-5] INFO  c.w.product.aspect.LoggingAspect - ==> METHOD: getAllProducts() COMPLETED IN: 110 ms
2026-05-10 22:45:16 [http-nio-8082-exec-6] INFO  c.w.product.aspect.LoggingAspect - ==> API REQUEST: com.warehouse.product.controller.ProductController.getAllProducts()
2026-05-10 22:45:16 [http-nio-8082-exec-6] INFO  c.w.product.aspect.LoggingAspect - ==> SERVICE METHOD CALLED: com.warehouse.product.service.ProductService.getAllProducts()
2026-05-10 22:45:16 [http-nio-8082-exec-6] INFO  c.w.product.aspect.LoggingAspect - ==> METHOD: getAllProducts() COMPLETED IN: 14 ms
2026-05-10 22:45:31 [http-nio-8082-exec-9] INFO  c.w.product.aspect.LoggingAspect - ==> API REQUEST: com.warehouse.product.controller.NotificationController.getNotifications()
2026-05-10 22:45:31 [http-nio-8082-exec-9] INFO  c.w.product.aspect.LoggingAspect - ==> SERVICE METHOD CALLED: com.warehouse.product.service.ProductService.getAllProducts()
2026-05-10 22:45:31 [http-nio-8082-exec-9] INFO  c.w.product.aspect.LoggingAspect - ==> METHOD: getAllProducts() COMPLETED IN: 19 ms
2026-05-10 22:45:37 [http-nio-8082-exec-8] INFO  c.w.product.aspect.LoggingAspect - ==> API REQUEST: com.warehouse.product.controller.ProductController.getAllProducts()
2026-05-10 22:45:37 [http-nio-8082-exec-8] INFO  c.w.product.aspect.LoggingAspect - ==> SERVICE METHOD CALLED: com.warehouse.product.service.ProductService.getAllProducts()
2026-05-10 22:45:37 [http-nio-8082-exec-7] INFO  c.w.product.aspect.LoggingAspect - ==> API REQUEST: com.warehouse.product.controller.NotificationController.getNotifications()
2026-05-10 22:45:37 [http-nio-8082-exec-8] INFO  c.w.product.aspect.LoggingAspect - ==> METHOD: getAllProducts() COMPLETED IN: 19 ms
2026-05-10 22:45:37 [http-nio-8082-exec-7] INFO  c.w.product.aspect.LoggingAspect - ==> SERVICE METHOD CALLED: com.warehouse.product.service.ProductService.getAllProducts()
2026-05-10 22:45:37 [http-nio-8082-exec-7] INFO  c.w.product.aspect.LoggingAspect - ==> METHOD: getAllProducts() COMPLETED IN: 21 ms
2026-05-10 22:45:41 [http-nio-8082-exec-4] INFO  c.w.product.aspect.LoggingAspect - ==> API REQUEST: com.warehouse.product.controller.ProductController.deleteProduct()
2026-05-10 22:45:41 [http-nio-8082-exec-4] INFO  c.w.product.aspect.LoggingAspect - ==> SERVICE METHOD CALLED: com.warehouse.product.service.ProductService.deleteProduct()
2026-05-10 22:45:41 [http-nio-8082-exec-4] INFO  c.w.product.aspect.LoggingAspect - ==> METHOD: deleteProduct() COMPLETED IN: 96 ms
2026-05-10 22:45:41 [http-nio-8082-exec-1] INFO  c.w.product.aspect.LoggingAspect - ==> API REQUEST: com.warehouse.product.controller.ProductController.getAllProducts()
2026-05-10 22:45:41 [http-nio-8082-exec-1] INFO  c.w.product.aspect.LoggingAspect - ==> SERVICE METHOD CALLED: com.warehouse.product.service.ProductService.getAllProducts()
2026-05-10 22:45:41 [http-nio-8082-exec-1] INFO  c.w.product.aspect.LoggingAspect - ==> METHOD: getAllProducts() COMPLETED IN: 10 ms
2026-05-10 22:45:46 [http-nio-8082-exec-10] INFO  c.w.product.aspect.LoggingAspect - ==> API REQUEST: com.warehouse.product.controller.NotificationController.getNotifications()
2026-05-10 22:45:46 [http-nio-8082-exec-10] INFO  c.w.product.aspect.LoggingAspect - ==> SERVICE METHOD CALLED: com.warehouse.product.service.ProductService.getAllProducts()
2026-05-10 22:45:46 [http-nio-8082-exec-10] INFO  c.w.product.aspect.LoggingAspect - ==> METHOD: getAllProducts() COMPLETED IN: 14 ms
2026-05-10 22:46:01 [http-nio-8082-exec-3] INFO  c.w.product.aspect.LoggingAspect - ==> API REQUEST: com.warehouse.product.controller.NotificationController.getNotifications()
2026-05-10 22:46:01 [http-nio-8082-exec-3] INFO  c.w.product.aspect.LoggingAspect - ==> SERVICE METHOD CALLED: com.warehouse.product.service.ProductService.getAllProducts()
2026-05-10 22:46:01 [http-nio-8082-exec-3] INFO  c.w.product.aspect.LoggingAspect - ==> METHOD: getAllProducts() COMPLETED IN: 13 ms
2026-05-10 22:46:07 [http-nio-8082-exec-2] INFO  c.w.product.aspect.LoggingAspect - ==> API REQUEST: com.warehouse.product.controller.NotificationController.getNotifications()
2026-05-10 22:46:07 [http-nio-8082-exec-2] INFO  c.w.product.aspect.LoggingAspect - ==> SERVICE METHOD CALLED: com.warehouse.product.service.ProductService.getAllProducts()
2026-05-10 22:46:07 [http-nio-8082-exec-2] INFO  c.w.product.aspect.LoggingAspect - ==> METHOD: getAllProducts() COMPLETED IN: 10 ms
2026-05-10 22:46:16 [http-nio-8082-exec-5] INFO  c.w.product.aspect.LoggingAspect - ==> API REQUEST: com.warehouse.product.controller.NotificationController.getNotifications()
2026-05-10 22:46:16 [http-nio-8082-exec-5] INFO  c.w.product.aspect.LoggingAspect - ==> SERVICE METHOD CALLED: com.warehouse.product.service.ProductService.getAllProducts()
2026-05-10 22:46:16 [http-nio-8082-exec-5] INFO  c.w.product.aspect.LoggingAspect - ==> METHOD: getAllProducts() COMPLETED IN: 8 ms
2026-05-10 22:46:22 [http-nio-8082-exec-6] INFO  c.w.product.aspect.LoggingAspect - ==> API REQUEST: com.warehouse.product.controller.ProductController.createProduct()
2026-05-10 22:46:22 [http-nio-8082-exec-6] INFO  c.w.product.aspect.LoggingAspect - ==> SERVICE METHOD CALLED: com.warehouse.product.service.ProductService.createProduct()
2026-05-10 22:46:22 [http-nio-8082-exec-6] INFO  c.w.product.aspect.LoggingAspect - ==> METHOD: createProduct() COMPLETED IN: 52 ms
2026-05-10 22:46:22 [http-nio-8082-exec-9] INFO  c.w.product.aspect.LoggingAspect - ==> API REQUEST: com.warehouse.product.controller.ProductController.getAllProducts()
2026-05-10 22:46:22 [http-nio-8082-exec-9] INFO  c.w.product.aspect.LoggingAspect - ==> SERVICE METHOD CALLED: com.warehouse.product.service.ProductService.getAllProducts()
2026-05-10 22:46:22 [http-nio-8082-exec-9] INFO  c.w.product.aspect.LoggingAspect - ==> METHOD: getAllProducts() COMPLETED IN: 7 ms
2026-05-10 22:46:22 [http-nio-8082-exec-8] INFO  c.w.product.aspect.LoggingAspect - ==> API REQUEST: com.warehouse.product.controller.ProductController.getByWarehouse()
2026-05-10 22:46:22 [http-nio-8082-exec-8] INFO  c.w.product.aspect.LoggingAspect - ==> SERVICE METHOD CALLED: com.warehouse.product.service.ProductService.getProductsByWarehouse()
2026-05-10 22:46:23 [http-nio-8082-exec-8] INFO  c.w.product.aspect.LoggingAspect - ==> METHOD: getProductsByWarehouse() COMPLETED IN: 928 ms
2026-05-10 22:46:30 [http-nio-8082-exec-7] INFO  c.w.product.aspect.LoggingAspect - ==> API REQUEST: com.warehouse.product.controller.NotificationController.getNotifications()
2026-05-10 22:46:30 [http-nio-8082-exec-7] INFO  c.w.product.aspect.LoggingAspect - ==> SERVICE METHOD CALLED: com.warehouse.product.service.ProductService.getAllProducts()
2026-05-10 22:46:30 [http-nio-8082-exec-7] INFO  c.w.product.aspect.LoggingAspect - ==> METHOD: getAllProducts() COMPLETED IN: 9 ms
2026-05-10 22:46:31 [http-nio-8082-exec-4] INFO  c.w.product.aspect.LoggingAspect - ==> API REQUEST: com.warehouse.product.controller.NotificationController.getNotifications()
2026-05-10 22:46:31 [http-nio-8082-exec-4] INFO  c.w.product.aspect.LoggingAspect - ==> SERVICE METHOD CALLED: com.warehouse.product.service.ProductService.getAllProducts()
2026-05-10 22:46:31 [http-nio-8082-exec-4] INFO  c.w.product.aspect.LoggingAspect - ==> METHOD: getAllProducts() COMPLETED IN: 11 ms
2026-05-10 22:46:37 [http-nio-8082-exec-1] INFO  c.w.product.aspect.LoggingAspect - ==> API REQUEST: com.warehouse.product.controller.NotificationController.getNotifications()
2026-05-10 22:46:37 [http-nio-8082-exec-1] INFO  c.w.product.aspect.LoggingAspect - ==> SERVICE METHOD CALLED: com.warehouse.product.service.ProductService.getAllProducts()
2026-05-10 22:46:37 [http-nio-8082-exec-1] INFO  c.w.product.aspect.LoggingAspect - ==> METHOD: getAllProducts() COMPLETED IN: 8 ms
2026-05-10 22:46:46 [http-nio-8082-exec-10] INFO  c.w.product.aspect.LoggingAspect - ==> API REQUEST: com.warehouse.product.controller.NotificationController.getNotifications()
2026-05-10 22:46:46 [http-nio-8082-exec-10] INFO  c.w.product.aspect.LoggingAspect - ==> SERVICE METHOD CALLED: com.warehouse.product.service.ProductService.getAllProducts()
2026-05-10 22:46:46 [http-nio-8082-exec-10] INFO  c.w.product.aspect.LoggingAspect - ==> METHOD: getAllProducts() COMPLETED IN: 7 ms
2026-05-10 22:47:00 [http-nio-8082-exec-3] INFO  c.w.product.aspect.LoggingAspect - ==> API REQUEST: com.warehouse.product.controller.NotificationController.getNotifications()
2026-05-10 22:47:00 [http-nio-8082-exec-3] INFO  c.w.product.aspect.LoggingAspect - ==> SERVICE METHOD CALLED: com.warehouse.product.service.ProductService.getAllProducts()
2026-05-10 22:47:00 [http-nio-8082-exec-3] INFO  c.w.product.aspect.LoggingAspect - ==> METHOD: getAllProducts() COMPLETED IN: 7 ms
2026-05-10 22:47:01 [http-nio-8082-exec-2] INFO  c.w.product.aspect.LoggingAspect - ==> API REQUEST: com.warehouse.product.controller.NotificationController.getNotifications()
2026-05-10 22:47:01 [http-nio-8082-exec-2] INFO  c.w.product.aspect.LoggingAspect - ==> SERVICE METHOD CALLED: com.warehouse.product.service.ProductService.getAllProducts()
2026-05-10 22:47:01 [http-nio-8082-exec-2] INFO  c.w.product.aspect.LoggingAspect - ==> METHOD: getAllProducts() COMPLETED IN: 8 ms
2026-05-10 22:47:02 [http-nio-8082-exec-5] INFO  c.w.product.aspect.LoggingAspect - ==> API REQUEST: com.warehouse.product.controller.NotificationController.getNotifications()
2026-05-10 22:47:02 [http-nio-8082-exec-5] INFO  c.w.product.aspect.LoggingAspect - ==> SERVICE METHOD CALLED: com.warehouse.product.service.ProductService.getAllProducts()
2026-05-10 22:47:02 [http-nio-8082-exec-5] INFO  c.w.product.aspect.LoggingAspect - ==> METHOD: getAllProducts() COMPLETED IN: 8 ms
2026-05-10 22:47:07 [http-nio-8082-exec-6] INFO  c.w.product.aspect.LoggingAspect - ==> API REQUEST: com.warehouse.product.controller.NotificationController.getNotifications()
2026-05-10 22:47:07 [http-nio-8082-exec-6] INFO  c.w.product.aspect.LoggingAspect - ==> SERVICE METHOD CALLED: com.warehouse.product.service.ProductService.getAllProducts()
2026-05-10 22:47:07 [http-nio-8082-exec-6] INFO  c.w.product.aspect.LoggingAspect - ==> METHOD: getAllProducts() COMPLETED IN: 8 ms
2026-05-10 22:47:16 [http-nio-8082-exec-9] INFO  c.w.product.aspect.LoggingAspect - ==> API REQUEST: com.warehouse.product.controller.NotificationController.getNotifications()
2026-05-10 22:47:16 [http-nio-8082-exec-9] INFO  c.w.product.aspect.LoggingAspect - ==> SERVICE METHOD CALLED: com.warehouse.product.service.ProductService.getAllProducts()
2026-05-10 22:47:16 [http-nio-8082-exec-9] INFO  c.w.product.aspect.LoggingAspect - ==> METHOD: getAllProducts() COMPLETED IN: 7 ms
2026-05-10 22:47:30 [http-nio-8082-exec-8] INFO  c.w.product.aspect.LoggingAspect - ==> API REQUEST: com.warehouse.product.controller.NotificationController.getNotifications()
2026-05-10 22:47:30 [http-nio-8082-exec-8] INFO  c.w.product.aspect.LoggingAspect - ==> SERVICE METHOD CALLED: com.warehouse.product.service.ProductService.getAllProducts()
2026-05-10 22:47:30 [http-nio-8082-exec-8] INFO  c.w.product.aspect.LoggingAspect - ==> METHOD: getAllProducts() COMPLETED IN: 9 ms
2026-05-10 22:47:31 [http-nio-8082-exec-7] INFO  c.w.product.aspect.LoggingAspect - ==> API REQUEST: com.warehouse.product.controller.NotificationController.getNotifications()
2026-05-10 22:47:31 [http-nio-8082-exec-7] INFO  c.w.product.aspect.LoggingAspect - ==> SERVICE METHOD CALLED: com.warehouse.product.service.ProductService.getAllProducts()
2026-05-10 22:47:31 [http-nio-8082-exec-7] INFO  c.w.product.aspect.LoggingAspect - ==> METHOD: getAllProducts() COMPLETED IN: 7 ms
2026-05-10 22:47:32 [http-nio-8082-exec-4] INFO  c.w.product.aspect.LoggingAspect - ==> API REQUEST: com.warehouse.product.controller.NotificationController.getNotifications()
2026-05-10 22:47:32 [http-nio-8082-exec-4] INFO  c.w.product.aspect.LoggingAspect - ==> SERVICE METHOD CALLED: com.warehouse.product.service.ProductService.getAllProducts()
2026-05-10 22:47:32 [http-nio-8082-exec-4] INFO  c.w.product.aspect.LoggingAspect - ==> METHOD: getAllProducts() COMPLETED IN: 4 ms
2026-05-10 22:47:37 [http-nio-8082-exec-1] INFO  c.w.product.aspect.LoggingAspect - ==> API REQUEST: com.warehouse.product.controller.NotificationController.getNotifications()
2026-05-10 22:47:37 [http-nio-8082-exec-1] INFO  c.w.product.aspect.LoggingAspect - ==> SERVICE METHOD CALLED: com.warehouse.product.service.ProductService.getAllProducts()
2026-05-10 22:47:37 [http-nio-8082-exec-1] INFO  c.w.product.aspect.LoggingAspect - ==> METHOD: getAllProducts() COMPLETED IN: 10 ms
2026-05-10 22:47:38 [http-nio-8082-exec-10] INFO  c.w.product.aspect.LoggingAspect - ==> API REQUEST: com.warehouse.product.controller.ProductController.getAllProducts()
2026-05-10 22:47:38 [http-nio-8082-exec-10] INFO  c.w.product.aspect.LoggingAspect - ==> SERVICE METHOD CALLED: com.warehouse.product.service.ProductService.getAllProducts()
2026-05-10 22:47:38 [http-nio-8082-exec-3] INFO  c.w.product.aspect.LoggingAspect - ==> API REQUEST: com.warehouse.product.controller.NotificationController.getNotifications()
2026-05-10 22:47:38 [http-nio-8082-exec-3] INFO  c.w.product.aspect.LoggingAspect - ==> SERVICE METHOD CALLED: com.warehouse.product.service.ProductService.getAllProducts()
2026-05-10 22:47:38 [http-nio-8082-exec-10] INFO  c.w.product.aspect.LoggingAspect - ==> METHOD: getAllProducts() COMPLETED IN: 13 ms
2026-05-10 22:47:38 [http-nio-8082-exec-3] INFO  c.w.product.aspect.LoggingAspect - ==> METHOD: getAllProducts() COMPLETED IN: 6 ms
2026-05-10 22:47:42 [http-nio-8082-exec-2] INFO  c.w.product.aspect.LoggingAspect - ==> API REQUEST: com.warehouse.product.controller.ProductController.getAllProducts()
2026-05-10 22:47:42 [http-nio-8082-exec-2] INFO  c.w.product.aspect.LoggingAspect - ==> SERVICE METHOD CALLED: com.warehouse.product.service.ProductService.getAllProducts()
2026-05-10 22:47:42 [http-nio-8082-exec-5] INFO  c.w.product.aspect.LoggingAspect - ==> API REQUEST: com.warehouse.product.controller.NotificationController.getNotifications()
2026-05-10 22:47:42 [http-nio-8082-exec-5] INFO  c.w.product.aspect.LoggingAspect - ==> SERVICE METHOD CALLED: com.warehouse.product.service.ProductService.getAllProducts()
2026-05-10 22:47:42 [http-nio-8082-exec-2] INFO  c.w.product.aspect.LoggingAspect - ==> METHOD: getAllProducts() COMPLETED IN: 10 ms
2026-05-10 22:47:42 [http-nio-8082-exec-5] INFO  c.w.product.aspect.LoggingAspect - ==> METHOD: getAllProducts() COMPLETED IN: 10 ms
2026-05-10 22:47:45 [http-nio-8082-exec-6] INFO  c.w.product.aspect.LoggingAspect - ==> API REQUEST: com.warehouse.product.controller.ProductController.getAllProducts()
2026-05-10 22:47:45 [http-nio-8082-exec-6] INFO  c.w.product.aspect.LoggingAspect - ==> SERVICE METHOD CALLED: com.warehouse.product.service.ProductService.getAllProducts()
2026-05-10 22:47:45 [http-nio-8082-exec-9] INFO  c.w.product.aspect.LoggingAspect - ==> API REQUEST: com.warehouse.product.controller.NotificationController.getNotifications()
2026-05-10 22:47:45 [http-nio-8082-exec-9] INFO  c.w.product.aspect.LoggingAspect - ==> SERVICE METHOD CALLED: com.warehouse.product.service.ProductService.getAllProducts()
2026-05-10 22:47:45 [http-nio-8082-exec-9] INFO  c.w.product.aspect.LoggingAspect - ==> METHOD: getAllProducts() COMPLETED IN: 7 ms
2026-05-10 22:47:45 [http-nio-8082-exec-6] INFO  c.w.product.aspect.LoggingAspect - ==> METHOD: getAllProducts() COMPLETED IN: 9 ms
2026-05-10 22:47:46 [http-nio-8082-exec-8] INFO  c.w.product.aspect.LoggingAspect - ==> API REQUEST: com.warehouse.product.controller.NotificationController.getNotifications()
2026-05-10 22:47:46 [http-nio-8082-exec-8] INFO  c.w.product.aspect.LoggingAspect - ==> SERVICE METHOD CALLED: com.warehouse.product.service.ProductService.getAllProducts()
2026-05-10 22:47:46 [http-nio-8082-exec-8] INFO  c.w.product.aspect.LoggingAspect - ==> METHOD: getAllProducts() COMPLETED IN: 8 ms
2026-05-10 22:47:50 [http-nio-8082-exec-7] INFO  c.w.product.aspect.LoggingAspect - ==> API REQUEST: com.warehouse.product.controller.ProductController.getAllProducts()
2026-05-10 22:47:50 [http-nio-8082-exec-7] INFO  c.w.product.aspect.LoggingAspect - ==> SERVICE METHOD CALLED: com.warehouse.product.service.ProductService.getAllProducts()
2026-05-10 22:47:50 [http-nio-8082-exec-7] INFO  c.w.product.aspect.LoggingAspect - ==> METHOD: getAllProducts() COMPLETED IN: 8 ms
2026-05-10 22:47:50 [http-nio-8082-exec-4] INFO  c.w.product.aspect.LoggingAspect - ==> API REQUEST: com.warehouse.product.controller.NotificationController.getNotifications()
2026-05-10 22:47:50 [http-nio-8082-exec-4] INFO  c.w.product.aspect.LoggingAspect - ==> SERVICE METHOD CALLED: com.warehouse.product.service.ProductService.getAllProducts()
2026-05-10 22:47:50 [http-nio-8082-exec-4] INFO  c.w.product.aspect.LoggingAspect - ==> METHOD: getAllProducts() COMPLETED IN: 12 ms
2026-05-10 22:47:59 [http-nio-8082-exec-1] INFO  c.w.product.aspect.LoggingAspect - ==> API REQUEST: com.warehouse.product.controller.ProductController.getAllProducts()
2026-05-10 22:47:59 [http-nio-8082-exec-1] INFO  c.w.product.aspect.LoggingAspect - ==> SERVICE METHOD CALLED: com.warehouse.product.service.ProductService.getAllProducts()
2026-05-10 22:47:59 [http-nio-8082-exec-1] INFO  c.w.product.aspect.LoggingAspect - ==> METHOD: getAllProducts() COMPLETED IN: 7 ms
2026-05-10 22:48:00 [http-nio-8082-exec-10] INFO  c.w.product.aspect.LoggingAspect - ==> API REQUEST: com.warehouse.product.controller.NotificationController.getNotifications()
2026-05-10 22:48:00 [http-nio-8082-exec-10] INFO  c.w.product.aspect.LoggingAspect - ==> SERVICE METHOD CALLED: com.warehouse.product.service.ProductService.getAllProducts()
2026-05-10 22:48:00 [http-nio-8082-exec-10] INFO  c.w.product.aspect.LoggingAspect - ==> METHOD: getAllProducts() COMPLETED IN: 9 ms
2026-05-10 22:48:01 [http-nio-8082-exec-3] INFO  c.w.product.aspect.LoggingAspect - ==> API REQUEST: com.warehouse.product.controller.NotificationController.getNotifications()
2026-05-10 22:48:01 [http-nio-8082-exec-3] INFO  c.w.product.aspect.LoggingAspect - ==> SERVICE METHOD CALLED: com.warehouse.product.service.ProductService.getAllProducts()
2026-05-10 22:48:01 [http-nio-8082-exec-3] INFO  c.w.product.aspect.LoggingAspect - ==> METHOD: getAllProducts() COMPLETED IN: 6 ms
2026-05-10 22:48:02 [http-nio-8082-exec-2] INFO  c.w.product.aspect.LoggingAspect - ==> API REQUEST: com.warehouse.product.controller.NotificationController.getNotifications()
2026-05-10 22:48:02 [http-nio-8082-exec-2] INFO  c.w.product.aspect.LoggingAspect - ==> SERVICE METHOD CALLED: com.warehouse.product.service.ProductService.getAllProducts()
2026-05-10 22:48:02 [http-nio-8082-exec-2] INFO  c.w.product.aspect.LoggingAspect - ==> METHOD: getAllProducts() COMPLETED IN: 7 ms
2026-05-10 22:48:04 [http-nio-8082-exec-5] INFO  c.w.product.aspect.LoggingAspect - ==> API REQUEST: com.warehouse.product.controller.ProductController.getAllProducts()
2026-05-10 22:48:04 [http-nio-8082-exec-5] INFO  c.w.product.aspect.LoggingAspect - ==> SERVICE METHOD CALLED: com.warehouse.product.service.ProductService.getAllProducts()
2026-05-10 22:48:04 [http-nio-8082-exec-6] INFO  c.w.product.aspect.LoggingAspect - ==> API REQUEST: com.warehouse.product.controller.NotificationController.getNotifications()
2026-05-10 22:48:04 [http-nio-8082-exec-6] INFO  c.w.product.aspect.LoggingAspect - ==> SERVICE METHOD CALLED: com.warehouse.product.service.ProductService.getAllProducts()
2026-05-10 22:48:04 [http-nio-8082-exec-5] INFO  c.w.product.aspect.LoggingAspect - ==> METHOD: getAllProducts() COMPLETED IN: 13 ms
2026-05-10 22:48:04 [http-nio-8082-exec-6] INFO  c.w.product.aspect.LoggingAspect - ==> METHOD: getAllProducts() COMPLETED IN: 24 ms
2026-05-10 22:48:07 [http-nio-8082-exec-9] INFO  c.w.product.aspect.LoggingAspect - ==> API REQUEST: com.warehouse.product.controller.NotificationController.getNotifications()
2026-05-10 22:48:07 [http-nio-8082-exec-9] INFO  c.w.product.aspect.LoggingAspect - ==> SERVICE METHOD CALLED: com.warehouse.product.service.ProductService.getAllProducts()
2026-05-10 22:48:07 [http-nio-8082-exec-9] INFO  c.w.product.aspect.LoggingAspect - ==> METHOD: getAllProducts() COMPLETED IN: 10 ms
2026-05-10 22:48:08 [http-nio-8082-exec-8] INFO  c.w.product.aspect.LoggingAspect - ==> API REQUEST: com.warehouse.product.controller.NotificationController.getNotifications()
2026-05-10 22:48:08 [http-nio-8082-exec-8] INFO  c.w.product.aspect.LoggingAspect - ==> SERVICE METHOD CALLED: com.warehouse.product.service.ProductService.getAllProducts()
2026-05-10 22:48:08 [http-nio-8082-exec-8] INFO  c.w.product.aspect.LoggingAspect - ==> METHOD: getAllProducts() COMPLETED IN: 6 ms
2026-05-10 22:48:09 [http-nio-8082-exec-4] INFO  c.w.product.aspect.LoggingAspect - ==> API REQUEST: com.warehouse.product.controller.NotificationController.getNotifications()
2026-05-10 22:48:09 [http-nio-8082-exec-7] INFO  c.w.product.aspect.LoggingAspect - ==> API REQUEST: com.warehouse.product.controller.ProductController.getAllProducts()
2026-05-10 22:48:09 [http-nio-8082-exec-7] INFO  c.w.product.aspect.LoggingAspect - ==> SERVICE METHOD CALLED: com.warehouse.product.service.ProductService.getAllProducts()
2026-05-10 22:48:09 [http-nio-8082-exec-4] INFO  c.w.product.aspect.LoggingAspect - ==> SERVICE METHOD CALLED: com.warehouse.product.service.ProductService.getAllProducts()
2026-05-10 22:48:09 [http-nio-8082-exec-4] INFO  c.w.product.aspect.LoggingAspect - ==> METHOD: getAllProducts() COMPLETED IN: 9 ms
2026-05-10 22:48:09 [http-nio-8082-exec-7] INFO  c.w.product.aspect.LoggingAspect - ==> METHOD: getAllProducts() COMPLETED IN: 9 ms
2026-05-10 22:48:12 [http-nio-8082-exec-1] INFO  c.w.product.aspect.LoggingAspect - ==> API REQUEST: com.warehouse.product.controller.ProductController.reduceQuantity()
2026-05-10 22:48:12 [http-nio-8082-exec-1] INFO  c.w.product.aspect.LoggingAspect - ==> SERVICE METHOD CALLED: com.warehouse.product.service.ProductService.reduceQuantity()
2026-05-10 22:48:12 [http-nio-8082-exec-10] INFO  c.w.product.aspect.LoggingAspect - ==> API REQUEST: com.warehouse.product.controller.NotificationController.getNotifications()
2026-05-10 22:48:12 [http-nio-8082-exec-10] INFO  c.w.product.aspect.LoggingAspect - ==> SERVICE METHOD CALLED: com.warehouse.product.service.ProductService.getAllProducts()
2026-05-10 22:48:12 [http-nio-8082-exec-10] INFO  c.w.product.aspect.LoggingAspect - ==> METHOD: getAllProducts() COMPLETED IN: 6 ms
2026-05-10 22:48:12 [http-nio-8082-exec-1] INFO  c.w.product.aspect.LoggingAspect - ==> METHOD: reduceQuantity() COMPLETED IN: 54 ms
2026-05-10 22:48:13 [http-nio-8082-exec-3] INFO  c.w.product.aspect.LoggingAspect - ==> API REQUEST: com.warehouse.product.controller.ProductController.getAllProducts()
2026-05-10 22:48:13 [http-nio-8082-exec-3] INFO  c.w.product.aspect.LoggingAspect - ==> SERVICE METHOD CALLED: com.warehouse.product.service.ProductService.getAllProducts()
2026-05-10 22:48:13 [http-nio-8082-exec-3] INFO  c.w.product.aspect.LoggingAspect - ==> METHOD: getAllProducts() COMPLETED IN: 5 ms
2026-05-10 22:48:15 [http-nio-8082-exec-2] INFO  c.w.product.aspect.LoggingAspect - ==> API REQUEST: com.warehouse.product.controller.ProductController.getAllProducts()
2026-05-10 22:48:15 [http-nio-8082-exec-2] INFO  c.w.product.aspect.LoggingAspect - ==> SERVICE METHOD CALLED: com.warehouse.product.service.ProductService.getAllProducts()
2026-05-10 22:48:15 [http-nio-8082-exec-2] INFO  c.w.product.aspect.LoggingAspect - ==> METHOD: getAllProducts() COMPLETED IN: 9 ms
2026-05-10 22:48:15 [http-nio-8082-exec-5] INFO  c.w.product.aspect.LoggingAspect - ==> API REQUEST: com.warehouse.product.controller.NotificationController.getNotifications()
2026-05-10 22:48:15 [http-nio-8082-exec-5] INFO  c.w.product.aspect.LoggingAspect - ==> SERVICE METHOD CALLED: com.warehouse.product.service.ProductService.getAllProducts()
2026-05-10 22:48:15 [http-nio-8082-exec-5] INFO  c.w.product.aspect.LoggingAspect - ==> METHOD: getAllProducts() COMPLETED IN: 12 ms
2026-05-10 22:48:15 [http-nio-8082-exec-6] INFO  c.w.product.aspect.LoggingAspect - ==> API REQUEST: com.warehouse.product.controller.NotificationController.getNotifications()
2026-05-10 22:48:15 [http-nio-8082-exec-6] INFO  c.w.product.aspect.LoggingAspect - ==> SERVICE METHOD CALLED: com.warehouse.product.service.ProductService.getAllProducts()
2026-05-10 22:48:15 [http-nio-8082-exec-6] INFO  c.w.product.aspect.LoggingAspect - ==> METHOD: getAllProducts() COMPLETED IN: 6 ms
2026-05-10 22:48:16 [http-nio-8082-exec-9] INFO  c.w.product.aspect.LoggingAspect - ==> API REQUEST: com.warehouse.product.controller.NotificationController.getNotifications()
2026-05-10 22:48:16 [http-nio-8082-exec-9] INFO  c.w.product.aspect.LoggingAspect - ==> SERVICE METHOD CALLED: com.warehouse.product.service.ProductService.getAllProducts()
2026-05-10 22:48:16 [http-nio-8082-exec-9] INFO  c.w.product.aspect.LoggingAspect - ==> METHOD: getAllProducts() COMPLETED IN: 12 ms
2026-05-10 22:48:20 [http-nio-8082-exec-8] INFO  c.w.product.aspect.LoggingAspect - ==> API REQUEST: com.warehouse.product.controller.NotificationController.getNotifications()
2026-05-10 22:48:20 [http-nio-8082-exec-8] INFO  c.w.product.aspect.LoggingAspect - ==> SERVICE METHOD CALLED: com.warehouse.product.service.ProductService.getAllProducts()
2026-05-10 22:48:20 [http-nio-8082-exec-8] INFO  c.w.product.aspect.LoggingAspect - ==> METHOD: getAllProducts() COMPLETED IN: 6 ms
2026-05-10 22:48:30 [http-nio-8082-exec-4] INFO  c.w.product.aspect.LoggingAspect - ==> API REQUEST: com.warehouse.product.controller.ProductController.getAllProducts()
2026-05-10 22:48:30 [http-nio-8082-exec-4] INFO  c.w.product.aspect.LoggingAspect - ==> SERVICE METHOD CALLED: com.warehouse.product.service.ProductService.getAllProducts()
2026-05-10 22:48:30 [http-nio-8082-exec-7] INFO  c.w.product.aspect.LoggingAspect - ==> API REQUEST: com.warehouse.product.controller.NotificationController.getNotifications()
2026-05-10 22:48:30 [http-nio-8082-exec-7] INFO  c.w.product.aspect.LoggingAspect - ==> SERVICE METHOD CALLED: com.warehouse.product.service.ProductService.getAllProducts()
2026-05-10 22:48:30 [http-nio-8082-exec-4] INFO  c.w.product.aspect.LoggingAspect - ==> METHOD: getAllProducts() COMPLETED IN: 7 ms
2026-05-10 22:48:30 [http-nio-8082-exec-7] INFO  c.w.product.aspect.LoggingAspect - ==> METHOD: getAllProducts() COMPLETED IN: 14 ms
2026-05-10 22:48:30 [http-nio-8082-exec-10] INFO  c.w.product.aspect.LoggingAspect - ==> API REQUEST: com.warehouse.product.controller.NotificationController.getNotifications()
2026-05-10 22:48:30 [http-nio-8082-exec-10] INFO  c.w.product.aspect.LoggingAspect - ==> SERVICE METHOD CALLED: com.warehouse.product.service.ProductService.getAllProducts()
2026-05-10 22:48:30 [http-nio-8082-exec-10] INFO  c.w.product.aspect.LoggingAspect - ==> METHOD: getAllProducts() COMPLETED IN: 12 ms
2026-05-10 22:48:31 [http-nio-8082-exec-1] INFO  c.w.product.aspect.LoggingAspect - ==> API REQUEST: com.warehouse.product.controller.NotificationController.getNotifications()
2026-05-10 22:48:31 [http-nio-8082-exec-1] INFO  c.w.product.aspect.LoggingAspect - ==> SERVICE METHOD CALLED: com.warehouse.product.service.ProductService.getAllProducts()
2026-05-10 22:48:31 [http-nio-8082-exec-1] INFO  c.w.product.aspect.LoggingAspect - ==> METHOD: getAllProducts() COMPLETED IN: 10 ms
2026-05-10 22:48:31 [http-nio-8082-exec-3] INFO  c.w.product.aspect.LoggingAspect - ==> API REQUEST: com.warehouse.product.controller.NotificationController.getNotifications()
2026-05-10 22:48:31 [http-nio-8082-exec-3] INFO  c.w.product.aspect.LoggingAspect - ==> SERVICE METHOD CALLED: com.warehouse.product.service.ProductService.getAllProducts()
2026-05-10 22:48:31 [http-nio-8082-exec-3] INFO  c.w.product.aspect.LoggingAspect - ==> METHOD: getAllProducts() COMPLETED IN: 12 ms
2026-05-10 22:48:32 [http-nio-8082-exec-2] INFO  c.w.product.aspect.LoggingAspect - ==> API REQUEST: com.warehouse.product.controller.NotificationController.getNotifications()
2026-05-10 22:48:32 [http-nio-8082-exec-2] INFO  c.w.product.aspect.LoggingAspect - ==> SERVICE METHOD CALLED: com.warehouse.product.service.ProductService.getAllProducts()
2026-05-10 22:48:32 [http-nio-8082-exec-2] INFO  c.w.product.aspect.LoggingAspect - ==> METHOD: getAllProducts() COMPLETED IN: 9 ms
2026-05-10 22:48:34 [http-nio-8082-exec-5] INFO  c.w.product.aspect.LoggingAspect - ==> API REQUEST: com.warehouse.product.controller.NotificationController.getNotifications()
2026-05-10 22:48:34 [http-nio-8082-exec-5] INFO  c.w.product.aspect.LoggingAspect - ==> SERVICE METHOD CALLED: com.warehouse.product.service.ProductService.getAllProducts()
2026-05-10 22:48:34 [http-nio-8082-exec-5] INFO  c.w.product.aspect.LoggingAspect - ==> METHOD: getAllProducts() COMPLETED IN: 10 ms
2026-05-10 22:48:37 [http-nio-8082-exec-6] INFO  c.w.product.aspect.LoggingAspect - ==> API REQUEST: com.warehouse.product.controller.NotificationController.getNotifications()
2026-05-10 22:48:37 [http-nio-8082-exec-6] INFO  c.w.product.aspect.LoggingAspect - ==> SERVICE METHOD CALLED: com.warehouse.product.service.ProductService.getAllProducts()
2026-05-10 22:48:37 [http-nio-8082-exec-6] INFO  c.w.product.aspect.LoggingAspect - ==> METHOD: getAllProducts() COMPLETED IN: 16 ms
2026-05-10 22:48:38 [http-nio-8082-exec-9] INFO  c.w.product.aspect.LoggingAspect - ==> API REQUEST: com.warehouse.product.controller.NotificationController.getNotifications()
2026-05-10 22:48:38 [http-nio-8082-exec-9] INFO  c.w.product.aspect.LoggingAspect - ==> SERVICE METHOD CALLED: com.warehouse.product.service.ProductService.getAllProducts()
2026-05-10 22:48:38 [http-nio-8082-exec-9] INFO  c.w.product.aspect.LoggingAspect - ==> METHOD: getAllProducts() COMPLETED IN: 17 ms
2026-05-10 22:48:39 [http-nio-8082-exec-8] INFO  c.w.product.aspect.LoggingAspect - ==> API REQUEST: com.warehouse.product.controller.NotificationController.getNotifications()
2026-05-10 22:48:39 [http-nio-8082-exec-8] INFO  c.w.product.aspect.LoggingAspect - ==> SERVICE METHOD CALLED: com.warehouse.product.service.ProductService.getAllProducts()
2026-05-10 22:48:39 [http-nio-8082-exec-8] INFO  c.w.product.aspect.LoggingAspect - ==> METHOD: getAllProducts() COMPLETED IN: 14 ms
2026-05-10 22:48:42 [http-nio-8082-exec-4] INFO  c.w.product.aspect.LoggingAspect - ==> API REQUEST: com.warehouse.product.controller.NotificationController.getNotifications()
2026-05-10 22:48:42 [http-nio-8082-exec-4] INFO  c.w.product.aspect.LoggingAspect - ==> SERVICE METHOD CALLED: com.warehouse.product.service.ProductService.getAllProducts()
2026-05-10 22:48:42 [http-nio-8082-exec-4] INFO  c.w.product.aspect.LoggingAspect - ==> METHOD: getAllProducts() COMPLETED IN: 8 ms
2026-05-10 22:48:45 [http-nio-8082-exec-7] INFO  c.w.product.aspect.LoggingAspect - ==> API REQUEST: com.warehouse.product.controller.NotificationController.getNotifications()
2026-05-10 22:48:45 [http-nio-8082-exec-7] INFO  c.w.product.aspect.LoggingAspect - ==> SERVICE METHOD CALLED: com.warehouse.product.service.ProductService.getAllProducts()
2026-05-10 22:48:45 [http-nio-8082-exec-7] INFO  c.w.product.aspect.LoggingAspect - ==> METHOD: getAllProducts() COMPLETED IN: 14 ms
2026-05-10 22:48:45 [http-nio-8082-exec-10] INFO  c.w.product.aspect.LoggingAspect - ==> API REQUEST: com.warehouse.product.controller.NotificationController.getNotifications()
2026-05-10 22:48:45 [http-nio-8082-exec-10] INFO  c.w.product.aspect.LoggingAspect - ==> SERVICE METHOD CALLED: com.warehouse.product.service.ProductService.getAllProducts()
2026-05-10 22:48:45 [http-nio-8082-exec-10] INFO  c.w.product.aspect.LoggingAspect - ==> METHOD: getAllProducts() COMPLETED IN: 21 ms
2026-05-10 22:48:46 [http-nio-8082-exec-1] INFO  c.w.product.aspect.LoggingAspect - ==> API REQUEST: com.warehouse.product.controller.NotificationController.getNotifications()
2026-05-10 22:48:46 [http-nio-8082-exec-1] INFO  c.w.product.aspect.LoggingAspect - ==> SERVICE METHOD CALLED: com.warehouse.product.service.ProductService.getAllProducts()
2026-05-10 22:48:46 [http-nio-8082-exec-1] INFO  c.w.product.aspect.LoggingAspect - ==> METHOD: getAllProducts() COMPLETED IN: 17 ms
2026-05-10 22:48:50 [http-nio-8082-exec-3] INFO  c.w.product.aspect.LoggingAspect - ==> API REQUEST: com.warehouse.product.controller.NotificationController.getNotifications()
2026-05-10 22:48:50 [http-nio-8082-exec-3] INFO  c.w.product.aspect.LoggingAspect - ==> SERVICE METHOD CALLED: com.warehouse.product.service.ProductService.getAllProducts()
2026-05-10 22:48:50 [http-nio-8082-exec-3] INFO  c.w.product.aspect.LoggingAspect - ==> METHOD: getAllProducts() COMPLETED IN: 13 ms
2026-05-10 22:49:00 [http-nio-8082-exec-2] INFO  c.w.product.aspect.LoggingAspect - ==> API REQUEST: com.warehouse.product.controller.NotificationController.getNotifications()
2026-05-10 22:49:00 [http-nio-8082-exec-2] INFO  c.w.product.aspect.LoggingAspect - ==> SERVICE METHOD CALLED: com.warehouse.product.service.ProductService.getAllProducts()
2026-05-10 22:49:00 [http-nio-8082-exec-2] INFO  c.w.product.aspect.LoggingAspect - ==> METHOD: getAllProducts() COMPLETED IN: 6 ms
2026-05-10 22:49:00 [http-nio-8082-exec-5] INFO  c.w.product.aspect.LoggingAspect - ==> API REQUEST: com.warehouse.product.controller.NotificationController.getNotifications()
2026-05-10 22:49:00 [http-nio-8082-exec-5] INFO  c.w.product.aspect.LoggingAspect - ==> SERVICE METHOD CALLED: com.warehouse.product.service.ProductService.getAllProducts()
2026-05-10 22:49:00 [http-nio-8082-exec-5] INFO  c.w.product.aspect.LoggingAspect - ==> METHOD: getAllProducts() COMPLETED IN: 7 ms
2026-05-10 22:49:01 [http-nio-8082-exec-6] INFO  c.w.product.aspect.LoggingAspect - ==> API REQUEST: com.warehouse.product.controller.NotificationController.getNotifications()
2026-05-10 22:49:01 [http-nio-8082-exec-6] INFO  c.w.product.aspect.LoggingAspect - ==> SERVICE METHOD CALLED: com.warehouse.product.service.ProductService.getAllProducts()
2026-05-10 22:49:01 [http-nio-8082-exec-6] INFO  c.w.product.aspect.LoggingAspect - ==> METHOD: getAllProducts() COMPLETED IN: 10 ms
2026-05-10 22:49:01 [http-nio-8082-exec-9] INFO  c.w.product.aspect.LoggingAspect - ==> API REQUEST: com.warehouse.product.controller.NotificationController.getNotifications()
2026-05-10 22:49:01 [http-nio-8082-exec-9] INFO  c.w.product.aspect.LoggingAspect - ==> SERVICE METHOD CALLED: com.warehouse.product.service.ProductService.getAllProducts()
2026-05-10 22:49:01 [http-nio-8082-exec-9] INFO  c.w.product.aspect.LoggingAspect - ==> METHOD: getAllProducts() COMPLETED IN: 24 ms
2026-05-10 22:49:02 [http-nio-8082-exec-8] INFO  c.w.product.aspect.LoggingAspect - ==> API REQUEST: com.warehouse.product.controller.NotificationController.getNotifications()
2026-05-10 22:49:02 [http-nio-8082-exec-8] INFO  c.w.product.aspect.LoggingAspect - ==> SERVICE METHOD CALLED: com.warehouse.product.service.ProductService.getAllProducts()
2026-05-10 22:49:02 [http-nio-8082-exec-8] INFO  c.w.product.aspect.LoggingAspect - ==> METHOD: getAllProducts() COMPLETED IN: 13 ms
2026-05-10 22:49:04 [http-nio-8082-exec-4] INFO  c.w.product.aspect.LoggingAspect - ==> API REQUEST: com.warehouse.product.controller.NotificationController.getNotifications()
2026-05-10 22:49:04 [http-nio-8082-exec-4] INFO  c.w.product.aspect.LoggingAspect - ==> SERVICE METHOD CALLED: com.warehouse.product.service.ProductService.getAllProducts()
2026-05-10 22:49:04 [http-nio-8082-exec-4] INFO  c.w.product.aspect.LoggingAspect - ==> METHOD: getAllProducts() COMPLETED IN: 9 ms
2026-05-10 22:49:07 [http-nio-8082-exec-7] INFO  c.w.product.aspect.LoggingAspect - ==> API REQUEST: com.warehouse.product.controller.NotificationController.getNotifications()
2026-05-10 22:49:07 [http-nio-8082-exec-7] INFO  c.w.product.aspect.LoggingAspect - ==> SERVICE METHOD CALLED: com.warehouse.product.service.ProductService.getAllProducts()
2026-05-10 22:49:07 [http-nio-8082-exec-7] INFO  c.w.product.aspect.LoggingAspect - ==> METHOD: getAllProducts() COMPLETED IN: 10 ms
2026-05-10 22:49:08 [http-nio-8082-exec-10] INFO  c.w.product.aspect.LoggingAspect - ==> API REQUEST: com.warehouse.product.controller.NotificationController.getNotifications()
2026-05-10 22:49:08 [http-nio-8082-exec-10] INFO  c.w.product.aspect.LoggingAspect - ==> SERVICE METHOD CALLED: com.warehouse.product.service.ProductService.getAllProducts()
2026-05-10 22:49:08 [http-nio-8082-exec-10] INFO  c.w.product.aspect.LoggingAspect - ==> METHOD: getAllProducts() COMPLETED IN: 16 ms
2026-05-10 22:49:09 [http-nio-8082-exec-1] INFO  c.w.product.aspect.LoggingAspect - ==> API REQUEST: com.warehouse.product.controller.NotificationController.getNotifications()
2026-05-10 22:49:09 [http-nio-8082-exec-1] INFO  c.w.product.aspect.LoggingAspect - ==> SERVICE METHOD CALLED: com.warehouse.product.service.ProductService.getAllProducts()
2026-05-10 22:49:09 [http-nio-8082-exec-1] INFO  c.w.product.aspect.LoggingAspect - ==> METHOD: getAllProducts() COMPLETED IN: 18 ms
2026-05-10 22:49:09 [http-nio-8082-exec-3] INFO  c.w.product.aspect.LoggingAspect - ==> API REQUEST: com.warehouse.product.controller.ProductController.getAllProducts()
2026-05-10 22:49:09 [http-nio-8082-exec-3] INFO  c.w.product.aspect.LoggingAspect - ==> SERVICE METHOD CALLED: com.warehouse.product.service.ProductService.getAllProducts()
2026-05-10 22:49:09 [http-nio-8082-exec-2] INFO  c.w.product.aspect.LoggingAspect - ==> API REQUEST: com.warehouse.product.controller.NotificationController.getNotifications()
2026-05-10 22:49:09 [http-nio-8082-exec-2] INFO  c.w.product.aspect.LoggingAspect - ==> SERVICE METHOD CALLED: com.warehouse.product.service.ProductService.getAllProducts()
2026-05-10 22:49:09 [http-nio-8082-exec-2] INFO  c.w.product.aspect.LoggingAspect - ==> METHOD: getAllProducts() COMPLETED IN: 11 ms
2026-05-10 22:49:09 [http-nio-8082-exec-3] INFO  c.w.product.aspect.LoggingAspect - ==> METHOD: getAllProducts() COMPLETED IN: 12 ms
2026-05-10 22:49:12 [http-nio-8082-exec-5] INFO  c.w.product.aspect.LoggingAspect - ==> API REQUEST: com.warehouse.product.controller.NotificationController.getNotifications()
2026-05-10 22:49:12 [http-nio-8082-exec-5] INFO  c.w.product.aspect.LoggingAspect - ==> SERVICE METHOD CALLED: com.warehouse.product.service.ProductService.getAllProducts()
2026-05-10 22:49:12 [http-nio-8082-exec-5] INFO  c.w.product.aspect.LoggingAspect - ==> METHOD: getAllProducts() COMPLETED IN: 9 ms
2026-05-10 22:49:14 [http-nio-8082-exec-9] INFO  c.w.product.aspect.LoggingAspect - ==> API REQUEST: com.warehouse.product.controller.NotificationController.getNotifications()
2026-05-10 22:49:14 [http-nio-8082-exec-9] INFO  c.w.product.aspect.LoggingAspect - ==> SERVICE METHOD CALLED: com.warehouse.product.service.ProductService.getAllProducts()
2026-05-10 22:49:14 [http-nio-8082-exec-9] INFO  c.w.product.aspect.LoggingAspect - ==> METHOD: getAllProducts() COMPLETED IN: 10 ms
2026-05-10 22:49:15 [http-nio-8082-exec-8] INFO  c.w.product.aspect.LoggingAspect - ==> API REQUEST: com.warehouse.product.controller.NotificationController.getNotifications()
2026-05-10 22:49:15 [http-nio-8082-exec-8] INFO  c.w.product.aspect.LoggingAspect - ==> SERVICE METHOD CALLED: com.warehouse.product.service.ProductService.getAllProducts()
2026-05-10 22:49:15 [http-nio-8082-exec-8] INFO  c.w.product.aspect.LoggingAspect - ==> METHOD: getAllProducts() COMPLETED IN: 14 ms
2026-05-10 22:49:15 [http-nio-8082-exec-4] INFO  c.w.product.aspect.LoggingAspect - ==> API REQUEST: com.warehouse.product.controller.NotificationController.getNotifications()
2026-05-10 22:49:15 [http-nio-8082-exec-4] INFO  c.w.product.aspect.LoggingAspect - ==> SERVICE METHOD CALLED: com.warehouse.product.service.ProductService.getAllProducts()
2026-05-10 22:49:15 [http-nio-8082-exec-4] INFO  c.w.product.aspect.LoggingAspect - ==> METHOD: getAllProducts() COMPLETED IN: 8 ms
2026-05-10 22:49:16 [http-nio-8082-exec-7] INFO  c.w.product.aspect.LoggingAspect - ==> API REQUEST: com.warehouse.product.controller.NotificationController.getNotifications()
2026-05-10 22:49:16 [http-nio-8082-exec-7] INFO  c.w.product.aspect.LoggingAspect - ==> SERVICE METHOD CALLED: com.warehouse.product.service.ProductService.getAllProducts()
2026-05-10 22:49:16 [http-nio-8082-exec-7] INFO  c.w.product.aspect.LoggingAspect - ==> METHOD: getAllProducts() COMPLETED IN: 5 ms
2026-05-10 22:49:20 [http-nio-8082-exec-10] INFO  c.w.product.aspect.LoggingAspect - ==> API REQUEST: com.warehouse.product.controller.NotificationController.getNotifications()
2026-05-10 22:49:20 [http-nio-8082-exec-10] INFO  c.w.product.aspect.LoggingAspect - ==> SERVICE METHOD CALLED: com.warehouse.product.service.ProductService.getAllProducts()
2026-05-10 22:49:20 [http-nio-8082-exec-10] INFO  c.w.product.aspect.LoggingAspect - ==> METHOD: getAllProducts() COMPLETED IN: 9 ms
2026-05-10 22:49:22 [http-nio-8082-exec-1] INFO  c.w.product.aspect.LoggingAspect - ==> API REQUEST: com.warehouse.product.controller.ProductController.getAllProducts()
2026-05-10 22:49:22 [http-nio-8082-exec-1] INFO  c.w.product.aspect.LoggingAspect - ==> SERVICE METHOD CALLED: com.warehouse.product.service.ProductService.getAllProducts()
2026-05-10 22:49:22 [http-nio-8082-exec-2] INFO  c.w.product.aspect.LoggingAspect - ==> API REQUEST: com.warehouse.product.controller.NotificationController.getNotifications()
2026-05-10 22:49:22 [http-nio-8082-exec-2] INFO  c.w.product.aspect.LoggingAspect - ==> SERVICE METHOD CALLED: com.warehouse.product.service.ProductService.getAllProducts()
2026-05-10 22:49:22 [http-nio-8082-exec-1] INFO  c.w.product.aspect.LoggingAspect - ==> METHOD: getAllProducts() COMPLETED IN: 8 ms
2026-05-10 22:49:22 [http-nio-8082-exec-2] INFO  c.w.product.aspect.LoggingAspect - ==> METHOD: getAllProducts() COMPLETED IN: 8 ms
2026-05-10 22:49:30 [http-nio-8082-exec-3] INFO  c.w.product.aspect.LoggingAspect - ==> API REQUEST: com.warehouse.product.controller.NotificationController.getNotifications()
2026-05-10 22:49:30 [http-nio-8082-exec-3] INFO  c.w.product.aspect.LoggingAspect - ==> SERVICE METHOD CALLED: com.warehouse.product.service.ProductService.getAllProducts()
2026-05-10 22:49:30 [http-nio-8082-exec-3] INFO  c.w.product.aspect.LoggingAspect - ==> METHOD: getAllProducts() COMPLETED IN: 8 ms
2026-05-10 22:49:30 [http-nio-8082-exec-5] INFO  c.w.product.aspect.LoggingAspect - ==> API REQUEST: com.warehouse.product.controller.NotificationController.getNotifications()
2026-05-10 22:49:30 [http-nio-8082-exec-5] INFO  c.w.product.aspect.LoggingAspect - ==> SERVICE METHOD CALLED: com.warehouse.product.service.ProductService.getAllProducts()
2026-05-10 22:49:30 [http-nio-8082-exec-5] INFO  c.w.product.aspect.LoggingAspect - ==> METHOD: getAllProducts() COMPLETED IN: 5 ms
2026-05-10 22:49:31 [http-nio-8082-exec-6] INFO  c.w.product.aspect.LoggingAspect - ==> API REQUEST: com.warehouse.product.controller.NotificationController.getNotifications()
2026-05-10 22:49:31 [http-nio-8082-exec-6] INFO  c.w.product.aspect.LoggingAspect - ==> SERVICE METHOD CALLED: com.warehouse.product.service.ProductService.getAllProducts()
2026-05-10 22:49:31 [http-nio-8082-exec-6] INFO  c.w.product.aspect.LoggingAspect - ==> METHOD: getAllProducts() COMPLETED IN: 8 ms
2026-05-10 22:49:31 [http-nio-8082-exec-9] INFO  c.w.product.aspect.LoggingAspect - ==> API REQUEST: com.warehouse.product.controller.NotificationController.getNotifications()
2026-05-10 22:49:31 [http-nio-8082-exec-9] INFO  c.w.product.aspect.LoggingAspect - ==> SERVICE METHOD CALLED: com.warehouse.product.service.ProductService.getAllProducts()
2026-05-10 22:49:31 [http-nio-8082-exec-9] INFO  c.w.product.aspect.LoggingAspect - ==> METHOD: getAllProducts() COMPLETED IN: 5 ms
2026-05-10 22:49:32 [http-nio-8082-exec-8] INFO  c.w.product.aspect.LoggingAspect - ==> API REQUEST: com.warehouse.product.controller.NotificationController.getNotifications()
2026-05-10 22:49:32 [http-nio-8082-exec-8] INFO  c.w.product.aspect.LoggingAspect - ==> SERVICE METHOD CALLED: com.warehouse.product.service.ProductService.getAllProducts()
2026-05-10 22:49:32 [http-nio-8082-exec-8] INFO  c.w.product.aspect.LoggingAspect - ==> METHOD: getAllProducts() COMPLETED IN: 7 ms
2026-05-10 22:49:34 [http-nio-8082-exec-4] INFO  c.w.product.aspect.LoggingAspect - ==> API REQUEST: com.warehouse.product.controller.NotificationController.getNotifications()
2026-05-10 22:49:34 [http-nio-8082-exec-4] INFO  c.w.product.aspect.LoggingAspect - ==> SERVICE METHOD CALLED: com.warehouse.product.service.ProductService.getAllProducts()
2026-05-10 22:49:34 [http-nio-8082-exec-4] INFO  c.w.product.aspect.LoggingAspect - ==> METHOD: getAllProducts() COMPLETED IN: 6 ms
2026-05-10 22:49:37 [http-nio-8082-exec-7] INFO  c.w.product.aspect.LoggingAspect - ==> API REQUEST: com.warehouse.product.controller.NotificationController.getNotifications()
2026-05-10 22:49:37 [http-nio-8082-exec-7] INFO  c.w.product.aspect.LoggingAspect - ==> SERVICE METHOD CALLED: com.warehouse.product.service.ProductService.getAllProducts()
2026-05-10 22:49:37 [http-nio-8082-exec-7] INFO  c.w.product.aspect.LoggingAspect - ==> METHOD: getAllProducts() COMPLETED IN: 12 ms
2026-05-10 22:49:38 [http-nio-8082-exec-10] INFO  c.w.product.aspect.LoggingAspect - ==> API REQUEST: com.warehouse.product.controller.NotificationController.getNotifications()
2026-05-10 22:49:38 [http-nio-8082-exec-10] INFO  c.w.product.aspect.LoggingAspect - ==> SERVICE METHOD CALLED: com.warehouse.product.service.ProductService.getAllProducts()
2026-05-10 22:49:38 [http-nio-8082-exec-10] INFO  c.w.product.aspect.LoggingAspect - ==> METHOD: getAllProducts() COMPLETED IN: 6 ms
2026-05-10 22:49:39 [http-nio-8082-exec-1] INFO  c.w.product.aspect.LoggingAspect - ==> API REQUEST: com.warehouse.product.controller.NotificationController.getNotifications()
2026-05-10 22:49:39 [http-nio-8082-exec-1] INFO  c.w.product.aspect.LoggingAspect - ==> SERVICE METHOD CALLED: com.warehouse.product.service.ProductService.getAllProducts()
2026-05-10 22:49:39 [http-nio-8082-exec-1] INFO  c.w.product.aspect.LoggingAspect - ==> METHOD: getAllProducts() COMPLETED IN: 9 ms
2026-05-10 22:49:39 [http-nio-8082-exec-2] INFO  c.w.product.aspect.LoggingAspect - ==> API REQUEST: com.warehouse.product.controller.NotificationController.getNotifications()
2026-05-10 22:49:39 [http-nio-8082-exec-2] INFO  c.w.product.aspect.LoggingAspect - ==> SERVICE METHOD CALLED: com.warehouse.product.service.ProductService.getAllProducts()
2026-05-10 22:49:39 [http-nio-8082-exec-2] INFO  c.w.product.aspect.LoggingAspect - ==> METHOD: getAllProducts() COMPLETED IN: 7 ms
2026-05-10 22:49:42 [http-nio-8082-exec-3] INFO  c.w.product.aspect.LoggingAspect - ==> API REQUEST: com.warehouse.product.controller.NotificationController.getNotifications()
2026-05-10 22:49:42 [http-nio-8082-exec-3] INFO  c.w.product.aspect.LoggingAspect - ==> SERVICE METHOD CALLED: com.warehouse.product.service.ProductService.getAllProducts()
2026-05-10 22:49:42 [http-nio-8082-exec-3] INFO  c.w.product.aspect.LoggingAspect - ==> METHOD: getAllProducts() COMPLETED IN: 6 ms
2026-05-10 22:49:44 [http-nio-8082-exec-5] INFO  c.w.product.aspect.LoggingAspect - ==> API REQUEST: com.warehouse.product.controller.NotificationController.getNotifications()
2026-05-10 22:49:44 [http-nio-8082-exec-5] INFO  c.w.product.aspect.LoggingAspect - ==> SERVICE METHOD CALLED: com.warehouse.product.service.ProductService.getAllProducts()
2026-05-10 22:49:44 [http-nio-8082-exec-5] INFO  c.w.product.aspect.LoggingAspect - ==> METHOD: getAllProducts() COMPLETED IN: 6 ms
2026-05-10 22:49:45 [http-nio-8082-exec-6] INFO  c.w.product.aspect.LoggingAspect - ==> API REQUEST: com.warehouse.product.controller.NotificationController.getNotifications()
2026-05-10 22:49:45 [http-nio-8082-exec-6] INFO  c.w.product.aspect.LoggingAspect - ==> SERVICE METHOD CALLED: com.warehouse.product.service.ProductService.getAllProducts()
2026-05-10 22:49:45 [http-nio-8082-exec-6] INFO  c.w.product.aspect.LoggingAspect - ==> METHOD: getAllProducts() COMPLETED IN: 6 ms
2026-05-10 22:49:45 [http-nio-8082-exec-9] INFO  c.w.product.aspect.LoggingAspect - ==> API REQUEST: com.warehouse.product.controller.NotificationController.getNotifications()
2026-05-10 22:49:45 [http-nio-8082-exec-9] INFO  c.w.product.aspect.LoggingAspect - ==> SERVICE METHOD CALLED: com.warehouse.product.service.ProductService.getAllProducts()
2026-05-10 22:49:45 [http-nio-8082-exec-9] INFO  c.w.product.aspect.LoggingAspect - ==> METHOD: getAllProducts() COMPLETED IN: 5 ms
2026-05-10 22:49:46 [http-nio-8082-exec-8] INFO  c.w.product.aspect.LoggingAspect - ==> API REQUEST: com.warehouse.product.controller.NotificationController.getNotifications()
2026-05-10 22:49:46 [http-nio-8082-exec-8] INFO  c.w.product.aspect.LoggingAspect - ==> SERVICE METHOD CALLED: com.warehouse.product.service.ProductService.getAllProducts()
2026-05-10 22:49:46 [http-nio-8082-exec-8] INFO  c.w.product.aspect.LoggingAspect - ==> METHOD: getAllProducts() COMPLETED IN: 6 ms
2026-05-10 22:49:50 [http-nio-8082-exec-4] INFO  c.w.product.aspect.LoggingAspect - ==> API REQUEST: com.warehouse.product.controller.NotificationController.getNotifications()
2026-05-10 22:49:50 [http-nio-8082-exec-4] INFO  c.w.product.aspect.LoggingAspect - ==> SERVICE METHOD CALLED: com.warehouse.product.service.ProductService.getAllProducts()
2026-05-10 22:49:50 [http-nio-8082-exec-4] INFO  c.w.product.aspect.LoggingAspect - ==> METHOD: getAllProducts() COMPLETED IN: 6 ms
2026-05-10 22:49:52 [http-nio-8082-exec-7] INFO  c.w.product.aspect.LoggingAspect - ==> API REQUEST: com.warehouse.product.controller.NotificationController.getNotifications()
2026-05-10 22:49:52 [http-nio-8082-exec-7] INFO  c.w.product.aspect.LoggingAspect - ==> SERVICE METHOD CALLED: com.warehouse.product.service.ProductService.getAllProducts()
2026-05-10 22:49:52 [http-nio-8082-exec-7] INFO  c.w.product.aspect.LoggingAspect - ==> METHOD: getAllProducts() COMPLETED IN: 6 ms
2026-05-10 22:49:56 [http-nio-8082-exec-10] INFO  c.w.product.aspect.LoggingAspect - ==> API REQUEST: com.warehouse.product.controller.NotificationController.getNotifications()
2026-05-10 22:49:56 [http-nio-8082-exec-10] INFO  c.w.product.aspect.LoggingAspect - ==> SERVICE METHOD CALLED: com.warehouse.product.service.ProductService.getAllProducts()
2026-05-10 22:49:56 [http-nio-8082-exec-10] INFO  c.w.product.aspect.LoggingAspect - ==> METHOD: getAllProducts() COMPLETED IN: 10 ms
2026-05-10 22:50:00 [http-nio-8082-exec-1] INFO  c.w.product.aspect.LoggingAspect - ==> API REQUEST: com.warehouse.product.controller.NotificationController.getNotifications()
2026-05-10 22:50:00 [http-nio-8082-exec-1] INFO  c.w.product.aspect.LoggingAspect - ==> SERVICE METHOD CALLED: com.warehouse.product.service.ProductService.getAllProducts()
2026-05-10 22:50:00 [http-nio-8082-exec-1] INFO  c.w.product.aspect.LoggingAspect - ==> METHOD: getAllProducts() COMPLETED IN: 7 ms
2026-05-10 22:50:00 [http-nio-8082-exec-2] INFO  c.w.product.aspect.LoggingAspect - ==> API REQUEST: com.warehouse.product.controller.NotificationController.getNotifications()
2026-05-10 22:50:00 [http-nio-8082-exec-2] INFO  c.w.product.aspect.LoggingAspect - ==> SERVICE METHOD CALLED: com.warehouse.product.service.ProductService.getAllProducts()
2026-05-10 22:50:00 [http-nio-8082-exec-2] INFO  c.w.product.aspect.LoggingAspect - ==> METHOD: getAllProducts() COMPLETED IN: 7 ms
2026-05-10 22:50:01 [http-nio-8082-exec-3] INFO  c.w.product.aspect.LoggingAspect - ==> API REQUEST: com.warehouse.product.controller.NotificationController.getNotifications()
2026-05-10 22:50:01 [http-nio-8082-exec-3] INFO  c.w.product.aspect.LoggingAspect - ==> SERVICE METHOD CALLED: com.warehouse.product.service.ProductService.getAllProducts()
2026-05-10 22:50:01 [http-nio-8082-exec-3] INFO  c.w.product.aspect.LoggingAspect - ==> METHOD: getAllProducts() COMPLETED IN: 7 ms
2026-05-10 22:50:01 [http-nio-8082-exec-5] INFO  c.w.product.aspect.LoggingAspect - ==> API REQUEST: com.warehouse.product.controller.ProductController.getAllProducts()
2026-05-10 22:50:01 [http-nio-8082-exec-5] INFO  c.w.product.aspect.LoggingAspect - ==> SERVICE METHOD CALLED: com.warehouse.product.service.ProductService.getAllProducts()
2026-05-10 22:50:01 [http-nio-8082-exec-6] INFO  c.w.product.aspect.LoggingAspect - ==> API REQUEST: com.warehouse.product.controller.NotificationController.getNotifications()
2026-05-10 22:50:01 [http-nio-8082-exec-6] INFO  c.w.product.aspect.LoggingAspect - ==> SERVICE METHOD CALLED: com.warehouse.product.service.ProductService.getAllProducts()
2026-05-10 22:50:01 [http-nio-8082-exec-5] INFO  c.w.product.aspect.LoggingAspect - ==> METHOD: getAllProducts() COMPLETED IN: 6 ms
2026-05-10 22:50:01 [http-nio-8082-exec-6] INFO  c.w.product.aspect.LoggingAspect - ==> METHOD: getAllProducts() COMPLETED IN: 7 ms
2026-05-10 22:50:01 [http-nio-8082-exec-9] INFO  c.w.product.aspect.LoggingAspect - ==> API REQUEST: com.warehouse.product.controller.NotificationController.getNotifications()
2026-05-10 22:50:01 [http-nio-8082-exec-9] INFO  c.w.product.aspect.LoggingAspect - ==> SERVICE METHOD CALLED: com.warehouse.product.service.ProductService.getAllProducts()
2026-05-10 22:50:01 [http-nio-8082-exec-9] INFO  c.w.product.aspect.LoggingAspect - ==> METHOD: getAllProducts() COMPLETED IN: 7 ms
2026-05-10 22:50:02 [http-nio-8082-exec-8] INFO  c.w.product.aspect.LoggingAspect - ==> API REQUEST: com.warehouse.product.controller.NotificationController.getNotifications()
2026-05-10 22:50:02 [http-nio-8082-exec-8] INFO  c.w.product.aspect.LoggingAspect - ==> SERVICE METHOD CALLED: com.warehouse.product.service.ProductService.getAllProducts()
2026-05-10 22:50:02 [http-nio-8082-exec-8] INFO  c.w.product.aspect.LoggingAspect - ==> METHOD: getAllProducts() COMPLETED IN: 6 ms
2026-05-10 22:50:04 [http-nio-8082-exec-4] INFO  c.w.product.aspect.LoggingAspect - ==> API REQUEST: com.warehouse.product.controller.NotificationController.getNotifications()
2026-05-10 22:50:04 [http-nio-8082-exec-4] INFO  c.w.product.aspect.LoggingAspect - ==> SERVICE METHOD CALLED: com.warehouse.product.service.ProductService.getAllProducts()
2026-05-10 22:50:04 [http-nio-8082-exec-4] INFO  c.w.product.aspect.LoggingAspect - ==> METHOD: getAllProducts() COMPLETED IN: 6 ms
2026-05-10 22:50:07 [http-nio-8082-exec-7] INFO  c.w.product.aspect.LoggingAspect - ==> API REQUEST: com.warehouse.product.controller.NotificationController.getNotifications()
2026-05-10 22:50:07 [http-nio-8082-exec-7] INFO  c.w.product.aspect.LoggingAspect - ==> SERVICE METHOD CALLED: com.warehouse.product.service.ProductService.getAllProducts()
2026-05-10 22:50:07 [http-nio-8082-exec-7] INFO  c.w.product.aspect.LoggingAspect - ==> METHOD: getAllProducts() COMPLETED IN: 9 ms
2026-05-10 22:50:08 [http-nio-8082-exec-10] INFO  c.w.product.aspect.LoggingAspect - ==> API REQUEST: com.warehouse.product.controller.NotificationController.getNotifications()
2026-05-10 22:50:08 [http-nio-8082-exec-10] INFO  c.w.product.aspect.LoggingAspect - ==> SERVICE METHOD CALLED: com.warehouse.product.service.ProductService.getAllProducts()
2026-05-10 22:50:08 [http-nio-8082-exec-10] INFO  c.w.product.aspect.LoggingAspect - ==> METHOD: getAllProducts() COMPLETED IN: 4 ms
2026-05-10 22:50:09 [http-nio-8082-exec-1] INFO  c.w.product.aspect.LoggingAspect - ==> API REQUEST: com.warehouse.product.controller.NotificationController.getNotifications()
2026-05-10 22:50:09 [http-nio-8082-exec-1] INFO  c.w.product.aspect.LoggingAspect - ==> SERVICE METHOD CALLED: com.warehouse.product.service.ProductService.getAllProducts()
2026-05-10 22:50:09 [http-nio-8082-exec-1] INFO  c.w.product.aspect.LoggingAspect - ==> METHOD: getAllProducts() COMPLETED IN: 10 ms
2026-05-10 22:50:09 [http-nio-8082-exec-2] INFO  c.w.product.aspect.LoggingAspect - ==> API REQUEST: com.warehouse.product.controller.NotificationController.getNotifications()
2026-05-10 22:50:09 [http-nio-8082-exec-2] INFO  c.w.product.aspect.LoggingAspect - ==> SERVICE METHOD CALLED: com.warehouse.product.service.ProductService.getAllProducts()
2026-05-10 22:50:09 [http-nio-8082-exec-2] INFO  c.w.product.aspect.LoggingAspect - ==> METHOD: getAllProducts() COMPLETED IN: 6 ms
2026-05-10 22:50:12 [http-nio-8082-exec-3] INFO  c.w.product.aspect.LoggingAspect - ==> API REQUEST: com.warehouse.product.controller.NotificationController.getNotifications()
2026-05-10 22:50:12 [http-nio-8082-exec-3] INFO  c.w.product.aspect.LoggingAspect - ==> SERVICE METHOD CALLED: com.warehouse.product.service.ProductService.getAllProducts()
2026-05-10 22:50:12 [http-nio-8082-exec-3] INFO  c.w.product.aspect.LoggingAspect - ==> METHOD: getAllProducts() COMPLETED IN: 7 ms
2026-05-10 22:50:14 [http-nio-8082-exec-5] INFO  c.w.product.aspect.LoggingAspect - ==> API REQUEST: com.warehouse.product.controller.NotificationController.getNotifications()
2026-05-10 22:50:14 [http-nio-8082-exec-5] INFO  c.w.product.aspect.LoggingAspect - ==> SERVICE METHOD CALLED: com.warehouse.product.service.ProductService.getAllProducts()
2026-05-10 22:50:14 [http-nio-8082-exec-5] INFO  c.w.product.aspect.LoggingAspect - ==> METHOD: getAllProducts() COMPLETED IN: 5 ms
2026-05-10 22:50:15 [http-nio-8082-exec-6] INFO  c.w.product.aspect.LoggingAspect - ==> API REQUEST: com.warehouse.product.controller.NotificationController.getNotifications()
2026-05-10 22:50:15 [http-nio-8082-exec-6] INFO  c.w.product.aspect.LoggingAspect - ==> SERVICE METHOD CALLED: com.warehouse.product.service.ProductService.getAllProducts()
2026-05-10 22:50:15 [http-nio-8082-exec-6] INFO  c.w.product.aspect.LoggingAspect - ==> METHOD: getAllProducts() COMPLETED IN: 59 ms
2026-05-10 22:50:15 [http-nio-8082-exec-9] INFO  c.w.product.aspect.LoggingAspect - ==> API REQUEST: com.warehouse.product.controller.NotificationController.getNotifications()
2026-05-10 22:50:15 [http-nio-8082-exec-9] INFO  c.w.product.aspect.LoggingAspect - ==> SERVICE METHOD CALLED: com.warehouse.product.service.ProductService.getAllProducts()
2026-05-10 22:50:15 [http-nio-8082-exec-9] INFO  c.w.product.aspect.LoggingAspect - ==> METHOD: getAllProducts() COMPLETED IN: 5 ms
2026-05-10 22:50:16 [http-nio-8082-exec-8] INFO  c.w.product.aspect.LoggingAspect - ==> API REQUEST: com.warehouse.product.controller.NotificationController.getNotifications()
2026-05-10 22:50:16 [http-nio-8082-exec-8] INFO  c.w.product.aspect.LoggingAspect - ==> SERVICE METHOD CALLED: com.warehouse.product.service.ProductService.getAllProducts()
2026-05-10 22:50:16 [http-nio-8082-exec-8] INFO  c.w.product.aspect.LoggingAspect - ==> METHOD: getAllProducts() COMPLETED IN: 9 ms
2026-05-10 22:50:20 [http-nio-8082-exec-4] INFO  c.w.product.aspect.LoggingAspect - ==> API REQUEST: com.warehouse.product.controller.NotificationController.getNotifications()
2026-05-10 22:50:20 [http-nio-8082-exec-4] INFO  c.w.product.aspect.LoggingAspect - ==> SERVICE METHOD CALLED: com.warehouse.product.service.ProductService.getAllProducts()
2026-05-10 22:50:20 [http-nio-8082-exec-4] INFO  c.w.product.aspect.LoggingAspect - ==> METHOD: getAllProducts() COMPLETED IN: 13 ms
2026-05-10 22:50:22 [http-nio-8082-exec-7] INFO  c.w.product.aspect.LoggingAspect - ==> API REQUEST: com.warehouse.product.controller.NotificationController.getNotifications()
2026-05-10 22:50:22 [http-nio-8082-exec-7] INFO  c.w.product.aspect.LoggingAspect - ==> SERVICE METHOD CALLED: com.warehouse.product.service.ProductService.getAllProducts()
2026-05-10 22:50:22 [http-nio-8082-exec-7] INFO  c.w.product.aspect.LoggingAspect - ==> METHOD: getAllProducts() COMPLETED IN: 5 ms
2026-05-10 22:50:26 [http-nio-8082-exec-10] INFO  c.w.product.aspect.LoggingAspect - ==> API REQUEST: com.warehouse.product.controller.NotificationController.getNotifications()
2026-05-10 22:50:26 [http-nio-8082-exec-10] INFO  c.w.product.aspect.LoggingAspect - ==> SERVICE METHOD CALLED: com.warehouse.product.service.ProductService.getAllProducts()
2026-05-10 22:50:26 [http-nio-8082-exec-10] INFO  c.w.product.aspect.LoggingAspect - ==> METHOD: getAllProducts() COMPLETED IN: 7 ms
2026-05-10 22:50:30 [http-nio-8082-exec-1] INFO  c.w.product.aspect.LoggingAspect - ==> API REQUEST: com.warehouse.product.controller.NotificationController.getNotifications()
2026-05-10 22:50:30 [http-nio-8082-exec-1] INFO  c.w.product.aspect.LoggingAspect - ==> SERVICE METHOD CALLED: com.warehouse.product.service.ProductService.getAllProducts()
2026-05-10 22:50:30 [http-nio-8082-exec-1] INFO  c.w.product.aspect.LoggingAspect - ==> METHOD: getAllProducts() COMPLETED IN: 8 ms
2026-05-10 22:50:30 [http-nio-8082-exec-2] INFO  c.w.product.aspect.LoggingAspect - ==> API REQUEST: com.warehouse.product.controller.NotificationController.getNotifications()
2026-05-10 22:50:30 [http-nio-8082-exec-2] INFO  c.w.product.aspect.LoggingAspect - ==> SERVICE METHOD CALLED: com.warehouse.product.service.ProductService.getAllProducts()
2026-05-10 22:50:30 [http-nio-8082-exec-2] INFO  c.w.product.aspect.LoggingAspect - ==> METHOD: getAllProducts() COMPLETED IN: 5 ms
2026-05-10 22:50:31 [http-nio-8082-exec-3] INFO  c.w.product.aspect.LoggingAspect - ==> API REQUEST: com.warehouse.product.controller.NotificationController.getNotifications()
2026-05-10 22:50:31 [http-nio-8082-exec-3] INFO  c.w.product.aspect.LoggingAspect - ==> SERVICE METHOD CALLED: com.warehouse.product.service.ProductService.getAllProducts()
2026-05-10 22:50:31 [http-nio-8082-exec-3] INFO  c.w.product.aspect.LoggingAspect - ==> METHOD: getAllProducts() COMPLETED IN: 5 ms
2026-05-10 22:50:31 [http-nio-8082-exec-5] INFO  c.w.product.aspect.LoggingAspect - ==> API REQUEST: com.warehouse.product.controller.NotificationController.getNotifications()
2026-05-10 22:50:31 [http-nio-8082-exec-5] INFO  c.w.product.aspect.LoggingAspect - ==> SERVICE METHOD CALLED: com.warehouse.product.service.ProductService.getAllProducts()
2026-05-10 22:50:31 [http-nio-8082-exec-5] INFO  c.w.product.aspect.LoggingAspect - ==> METHOD: getAllProducts() COMPLETED IN: 6 ms
2026-05-10 22:50:31 [http-nio-8082-exec-6] INFO  c.w.product.aspect.LoggingAspect - ==> API REQUEST: com.warehouse.product.controller.NotificationController.getNotifications()
2026-05-10 22:50:31 [http-nio-8082-exec-6] INFO  c.w.product.aspect.LoggingAspect - ==> SERVICE METHOD CALLED: com.warehouse.product.service.ProductService.getAllProducts()
2026-05-10 22:50:31 [http-nio-8082-exec-6] INFO  c.w.product.aspect.LoggingAspect - ==> METHOD: getAllProducts() COMPLETED IN: 7 ms
2026-05-10 22:50:32 [http-nio-8082-exec-9] INFO  c.w.product.aspect.LoggingAspect - ==> API REQUEST: com.warehouse.product.controller.NotificationController.getNotifications()
2026-05-10 22:50:32 [http-nio-8082-exec-9] INFO  c.w.product.aspect.LoggingAspect - ==> SERVICE METHOD CALLED: com.warehouse.product.service.ProductService.getAllProducts()
2026-05-10 22:50:32 [http-nio-8082-exec-9] INFO  c.w.product.aspect.LoggingAspect - ==> METHOD: getAllProducts() COMPLETED IN: 6 ms
2026-05-10 22:50:34 [http-nio-8082-exec-8] INFO  c.w.product.aspect.LoggingAspect - ==> API REQUEST: com.warehouse.product.controller.NotificationController.getNotifications()
2026-05-10 22:50:34 [http-nio-8082-exec-8] INFO  c.w.product.aspect.LoggingAspect - ==> SERVICE METHOD CALLED: com.warehouse.product.service.ProductService.getAllProducts()
2026-05-10 22:50:34 [http-nio-8082-exec-8] INFO  c.w.product.aspect.LoggingAspect - ==> METHOD: getAllProducts() COMPLETED IN: 8 ms
2026-05-10 22:50:37 [http-nio-8082-exec-4] INFO  c.w.product.aspect.LoggingAspect - ==> API REQUEST: com.warehouse.product.controller.NotificationController.getNotifications()
2026-05-10 22:50:37 [http-nio-8082-exec-4] INFO  c.w.product.aspect.LoggingAspect - ==> SERVICE METHOD CALLED: com.warehouse.product.service.ProductService.getAllProducts()
2026-05-10 22:50:37 [http-nio-8082-exec-4] INFO  c.w.product.aspect.LoggingAspect - ==> METHOD: getAllProducts() COMPLETED IN: 6 ms
2026-05-10 22:50:38 [http-nio-8082-exec-7] INFO  c.w.product.aspect.LoggingAspect - ==> API REQUEST: com.warehouse.product.controller.NotificationController.getNotifications()
2026-05-10 22:50:38 [http-nio-8082-exec-7] INFO  c.w.product.aspect.LoggingAspect - ==> SERVICE METHOD CALLED: com.warehouse.product.service.ProductService.getAllProducts()
2026-05-10 22:50:38 [http-nio-8082-exec-7] INFO  c.w.product.aspect.LoggingAspect - ==> METHOD: getAllProducts() COMPLETED IN: 9 ms
2026-05-10 22:50:38 [http-nio-8082-exec-10] INFO  c.w.product.aspect.LoggingAspect - ==> API REQUEST: com.warehouse.product.controller.ProductController.createProduct()
2026-05-10 22:50:38 [http-nio-8082-exec-10] INFO  c.w.product.aspect.LoggingAspect - ==> SERVICE METHOD CALLED: com.warehouse.product.service.ProductService.createProduct()
2026-05-10 22:50:38 [http-nio-8082-exec-10] INFO  c.w.product.aspect.LoggingAspect - ==> METHOD: createProduct() COMPLETED IN: 64 ms
2026-05-10 22:50:38 [http-nio-8082-exec-1] INFO  c.w.product.aspect.LoggingAspect - ==> API REQUEST: com.warehouse.product.controller.ProductController.getAllProducts()
2026-05-10 22:50:38 [http-nio-8082-exec-1] INFO  c.w.product.aspect.LoggingAspect - ==> SERVICE METHOD CALLED: com.warehouse.product.service.ProductService.getAllProducts()
2026-05-10 22:50:38 [http-nio-8082-exec-1] INFO  c.w.product.aspect.LoggingAspect - ==> METHOD: getAllProducts() COMPLETED IN: 6 ms
2026-05-10 22:50:38 [http-nio-8082-exec-2] INFO  c.w.product.aspect.LoggingAspect - ==> API REQUEST: com.warehouse.product.controller.ProductController.getByWarehouse()
2026-05-10 22:50:38 [http-nio-8082-exec-2] INFO  c.w.product.aspect.LoggingAspect - ==> SERVICE METHOD CALLED: com.warehouse.product.service.ProductService.getProductsByWarehouse()
2026-05-10 22:50:38 [http-nio-8082-exec-2] INFO  c.w.product.aspect.LoggingAspect - ==> METHOD: getProductsByWarehouse() COMPLETED IN: 29 ms
2026-05-10 22:50:39 [http-nio-8082-exec-3] INFO  c.w.product.aspect.LoggingAspect - ==> API REQUEST: com.warehouse.product.controller.NotificationController.getNotifications()
2026-05-10 22:50:39 [http-nio-8082-exec-3] INFO  c.w.product.aspect.LoggingAspect - ==> SERVICE METHOD CALLED: com.warehouse.product.service.ProductService.getAllProducts()
2026-05-10 22:50:39 [http-nio-8082-exec-3] INFO  c.w.product.aspect.LoggingAspect - ==> METHOD: getAllProducts() COMPLETED IN: 7 ms
2026-05-10 22:50:39 [http-nio-8082-exec-5] INFO  c.w.product.aspect.LoggingAspect - ==> API REQUEST: com.warehouse.product.controller.NotificationController.getNotifications()
2026-05-10 22:50:39 [http-nio-8082-exec-5] INFO  c.w.product.aspect.LoggingAspect - ==> SERVICE METHOD CALLED: com.warehouse.product.service.ProductService.getAllProducts()
2026-05-10 22:50:39 [http-nio-8082-exec-5] INFO  c.w.product.aspect.LoggingAspect - ==> METHOD: getAllProducts() COMPLETED IN: 7 ms
2026-05-10 22:50:42 [http-nio-8082-exec-6] INFO  c.w.product.aspect.LoggingAspect - ==> API REQUEST: com.warehouse.product.controller.NotificationController.getNotifications()
2026-05-10 22:50:42 [http-nio-8082-exec-6] INFO  c.w.product.aspect.LoggingAspect - ==> SERVICE METHOD CALLED: com.warehouse.product.service.ProductService.getAllProducts()
2026-05-10 22:50:42 [http-nio-8082-exec-6] INFO  c.w.product.aspect.LoggingAspect - ==> METHOD: getAllProducts() COMPLETED IN: 10 ms
2026-05-10 22:50:44 [http-nio-8082-exec-9] INFO  c.w.product.aspect.LoggingAspect - ==> API REQUEST: com.warehouse.product.controller.NotificationController.getNotifications()
2026-05-10 22:50:44 [http-nio-8082-exec-9] INFO  c.w.product.aspect.LoggingAspect - ==> SERVICE METHOD CALLED: com.warehouse.product.service.ProductService.getAllProducts()
2026-05-10 22:50:44 [http-nio-8082-exec-9] INFO  c.w.product.aspect.LoggingAspect - ==> METHOD: getAllProducts() COMPLETED IN: 8 ms
2026-05-10 22:50:45 [http-nio-8082-exec-8] INFO  c.w.product.aspect.LoggingAspect - ==> API REQUEST: com.warehouse.product.controller.NotificationController.getNotifications()
2026-05-10 22:50:45 [http-nio-8082-exec-8] INFO  c.w.product.aspect.LoggingAspect - ==> SERVICE METHOD CALLED: com.warehouse.product.service.ProductService.getAllProducts()
2026-05-10 22:50:45 [http-nio-8082-exec-8] INFO  c.w.product.aspect.LoggingAspect - ==> METHOD: getAllProducts() COMPLETED IN: 6 ms
2026-05-10 22:50:45 [http-nio-8082-exec-4] INFO  c.w.product.aspect.LoggingAspect - ==> API REQUEST: com.warehouse.product.controller.NotificationController.getNotifications()
2026-05-10 22:50:45 [http-nio-8082-exec-4] INFO  c.w.product.aspect.LoggingAspect - ==> SERVICE METHOD CALLED: com.warehouse.product.service.ProductService.getAllProducts()
2026-05-10 22:50:45 [http-nio-8082-exec-4] INFO  c.w.product.aspect.LoggingAspect - ==> METHOD: getAllProducts() COMPLETED IN: 7 ms
2026-05-10 22:50:46 [http-nio-8082-exec-7] INFO  c.w.product.aspect.LoggingAspect - ==> API REQUEST: com.warehouse.product.controller.NotificationController.getNotifications()
2026-05-10 22:50:46 [http-nio-8082-exec-7] INFO  c.w.product.aspect.LoggingAspect - ==> SERVICE METHOD CALLED: com.warehouse.product.service.ProductService.getAllProducts()
2026-05-10 22:50:46 [http-nio-8082-exec-7] INFO  c.w.product.aspect.LoggingAspect - ==> METHOD: getAllProducts() COMPLETED IN: 5 ms
2026-05-10 22:50:50 [http-nio-8082-exec-10] INFO  c.w.product.aspect.LoggingAspect - ==> API REQUEST: com.warehouse.product.controller.NotificationController.getNotifications()
2026-05-10 22:50:50 [http-nio-8082-exec-10] INFO  c.w.product.aspect.LoggingAspect - ==> SERVICE METHOD CALLED: com.warehouse.product.service.ProductService.getAllProducts()
2026-05-10 22:50:50 [http-nio-8082-exec-10] INFO  c.w.product.aspect.LoggingAspect - ==> METHOD: getAllProducts() COMPLETED IN: 6 ms
2026-05-10 22:50:52 [http-nio-8082-exec-1] INFO  c.w.product.aspect.LoggingAspect - ==> API REQUEST: com.warehouse.product.controller.NotificationController.getNotifications()
2026-05-10 22:50:52 [http-nio-8082-exec-1] INFO  c.w.product.aspect.LoggingAspect - ==> SERVICE METHOD CALLED: com.warehouse.product.service.ProductService.getAllProducts()
2026-05-10 22:50:52 [http-nio-8082-exec-1] INFO  c.w.product.aspect.LoggingAspect - ==> METHOD: getAllProducts() COMPLETED IN: 6 ms
2026-05-10 22:50:55 [http-nio-8082-exec-2] INFO  c.w.product.aspect.LoggingAspect - ==> API REQUEST: com.warehouse.product.controller.NotificationController.getNotifications()
2026-05-10 22:50:55 [http-nio-8082-exec-2] INFO  c.w.product.aspect.LoggingAspect - ==> SERVICE METHOD CALLED: com.warehouse.product.service.ProductService.getAllProducts()
2026-05-10 22:50:55 [http-nio-8082-exec-2] INFO  c.w.product.aspect.LoggingAspect - ==> METHOD: getAllProducts() COMPLETED IN: 7 ms
2026-05-10 22:50:56 [http-nio-8082-exec-3] INFO  c.w.product.aspect.LoggingAspect - ==> API REQUEST: com.warehouse.product.controller.NotificationController.getNotifications()
2026-05-10 22:50:56 [http-nio-8082-exec-3] INFO  c.w.product.aspect.LoggingAspect - ==> SERVICE METHOD CALLED: com.warehouse.product.service.ProductService.getAllProducts()
2026-05-10 22:50:56 [http-nio-8082-exec-3] INFO  c.w.product.aspect.LoggingAspect - ==> METHOD: getAllProducts() COMPLETED IN: 9 ms
2026-05-10 22:51:00 [http-nio-8082-exec-5] INFO  c.w.product.aspect.LoggingAspect - ==> API REQUEST: com.warehouse.product.controller.NotificationController.getNotifications()
2026-05-10 22:51:00 [http-nio-8082-exec-5] INFO  c.w.product.aspect.LoggingAspect - ==> SERVICE METHOD CALLED: com.warehouse.product.service.ProductService.getAllProducts()
2026-05-10 22:51:00 [http-nio-8082-exec-5] INFO  c.w.product.aspect.LoggingAspect - ==> METHOD: getAllProducts() COMPLETED IN: 6 ms
2026-05-10 22:51:00 [http-nio-8082-exec-6] INFO  c.w.product.aspect.LoggingAspect - ==> API REQUEST: com.warehouse.product.controller.NotificationController.getNotifications()
2026-05-10 22:51:00 [http-nio-8082-exec-6] INFO  c.w.product.aspect.LoggingAspect - ==> SERVICE METHOD CALLED: com.warehouse.product.service.ProductService.getAllProducts()
2026-05-10 22:51:00 [http-nio-8082-exec-6] INFO  c.w.product.aspect.LoggingAspect - ==> METHOD: getAllProducts() COMPLETED IN: 5 ms
2026-05-10 22:51:01 [http-nio-8082-exec-9] INFO  c.w.product.aspect.LoggingAspect - ==> API REQUEST: com.warehouse.product.controller.NotificationController.getNotifications()
2026-05-10 22:51:01 [http-nio-8082-exec-9] INFO  c.w.product.aspect.LoggingAspect - ==> SERVICE METHOD CALLED: com.warehouse.product.service.ProductService.getAllProducts()
2026-05-10 22:51:01 [http-nio-8082-exec-9] INFO  c.w.product.aspect.LoggingAspect - ==> METHOD: getAllProducts() COMPLETED IN: 6 ms
2026-05-10 22:51:01 [http-nio-8082-exec-8] INFO  c.w.product.aspect.LoggingAspect - ==> API REQUEST: com.warehouse.product.controller.NotificationController.getNotifications()
2026-05-10 22:51:01 [http-nio-8082-exec-8] INFO  c.w.product.aspect.LoggingAspect - ==> SERVICE METHOD CALLED: com.warehouse.product.service.ProductService.getAllProducts()
2026-05-10 22:51:01 [http-nio-8082-exec-8] INFO  c.w.product.aspect.LoggingAspect - ==> METHOD: getAllProducts() COMPLETED IN: 3 ms
2026-05-10 22:51:01 [http-nio-8082-exec-4] INFO  c.w.product.aspect.LoggingAspect - ==> API REQUEST: com.warehouse.product.controller.NotificationController.getNotifications()
2026-05-10 22:51:01 [http-nio-8082-exec-4] INFO  c.w.product.aspect.LoggingAspect - ==> SERVICE METHOD CALLED: com.warehouse.product.service.ProductService.getAllProducts()
2026-05-10 22:51:01 [http-nio-8082-exec-4] INFO  c.w.product.aspect.LoggingAspect - ==> METHOD: getAllProducts() COMPLETED IN: 6 ms
2026-05-10 22:51:02 [http-nio-8082-exec-7] INFO  c.w.product.aspect.LoggingAspect - ==> API REQUEST: com.warehouse.product.controller.NotificationController.getNotifications()
2026-05-10 22:51:02 [http-nio-8082-exec-7] INFO  c.w.product.aspect.LoggingAspect - ==> SERVICE METHOD CALLED: com.warehouse.product.service.ProductService.getAllProducts()
2026-05-10 22:51:02 [http-nio-8082-exec-7] INFO  c.w.product.aspect.LoggingAspect - ==> METHOD: getAllProducts() COMPLETED IN: 7 ms
2026-05-10 22:51:04 [http-nio-8082-exec-10] INFO  c.w.product.aspect.LoggingAspect - ==> API REQUEST: com.warehouse.product.controller.ProductController.getAllProducts()
2026-05-10 22:51:04 [http-nio-8082-exec-10] INFO  c.w.product.aspect.LoggingAspect - ==> SERVICE METHOD CALLED: com.warehouse.product.service.ProductService.getAllProducts()
2026-05-10 22:51:04 [http-nio-8082-exec-1] INFO  c.w.product.aspect.LoggingAspect - ==> API REQUEST: com.warehouse.product.controller.NotificationController.getNotifications()
2026-05-10 22:51:04 [http-nio-8082-exec-1] INFO  c.w.product.aspect.LoggingAspect - ==> SERVICE METHOD CALLED: com.warehouse.product.service.ProductService.getAllProducts()
2026-05-10 22:51:04 [http-nio-8082-exec-10] INFO  c.w.product.aspect.LoggingAspect - ==> METHOD: getAllProducts() COMPLETED IN: 6 ms
2026-05-10 22:51:04 [http-nio-8082-exec-1] INFO  c.w.product.aspect.LoggingAspect - ==> METHOD: getAllProducts() COMPLETED IN: 6 ms
2026-05-10 22:51:04 [http-nio-8082-exec-2] INFO  c.w.product.aspect.LoggingAspect - ==> API REQUEST: com.warehouse.product.controller.NotificationController.getNotifications()
2026-05-10 22:51:04 [http-nio-8082-exec-2] INFO  c.w.product.aspect.LoggingAspect - ==> SERVICE METHOD CALLED: com.warehouse.product.service.ProductService.getAllProducts()
2026-05-10 22:51:04 [http-nio-8082-exec-2] INFO  c.w.product.aspect.LoggingAspect - ==> METHOD: getAllProducts() COMPLETED IN: 3 ms
2026-05-10 22:51:07 [http-nio-8082-exec-3] INFO  c.w.product.aspect.LoggingAspect - ==> API REQUEST: com.warehouse.product.controller.NotificationController.getNotifications()
2026-05-10 22:51:07 [http-nio-8082-exec-3] INFO  c.w.product.aspect.LoggingAspect - ==> SERVICE METHOD CALLED: com.warehouse.product.service.ProductService.getAllProducts()
2026-05-10 22:51:07 [http-nio-8082-exec-3] INFO  c.w.product.aspect.LoggingAspect - ==> METHOD: getAllProducts() COMPLETED IN: 5 ms
2026-05-10 22:51:08 [http-nio-8082-exec-5] INFO  c.w.product.aspect.LoggingAspect - ==> API REQUEST: com.warehouse.product.controller.NotificationController.getNotifications()
2026-05-10 22:51:08 [http-nio-8082-exec-5] INFO  c.w.product.aspect.LoggingAspect - ==> SERVICE METHOD CALLED: com.warehouse.product.service.ProductService.getAllProducts()
2026-05-10 22:51:08 [http-nio-8082-exec-5] INFO  c.w.product.aspect.LoggingAspect - ==> METHOD: getAllProducts() COMPLETED IN: 7 ms
2026-05-10 22:51:09 [http-nio-8082-exec-6] INFO  c.w.product.aspect.LoggingAspect - ==> API REQUEST: com.warehouse.product.controller.NotificationController.getNotifications()
2026-05-10 22:51:09 [http-nio-8082-exec-6] INFO  c.w.product.aspect.LoggingAspect - ==> SERVICE METHOD CALLED: com.warehouse.product.service.ProductService.getAllProducts()
2026-05-10 22:51:09 [http-nio-8082-exec-6] INFO  c.w.product.aspect.LoggingAspect - ==> METHOD: getAllProducts() COMPLETED IN: 5 ms
2026-05-10 22:51:09 [http-nio-8082-exec-9] INFO  c.w.product.aspect.LoggingAspect - ==> API REQUEST: com.warehouse.product.controller.NotificationController.getNotifications()
2026-05-10 22:51:09 [http-nio-8082-exec-9] INFO  c.w.product.aspect.LoggingAspect - ==> SERVICE METHOD CALLED: com.warehouse.product.service.ProductService.getAllProducts()
2026-05-10 22:51:09 [http-nio-8082-exec-9] INFO  c.w.product.aspect.LoggingAspect - ==> METHOD: getAllProducts() COMPLETED IN: 5 ms
2026-05-10 22:51:12 [http-nio-8082-exec-8] INFO  c.w.product.aspect.LoggingAspect - ==> API REQUEST: com.warehouse.product.controller.NotificationController.getNotifications()
2026-05-10 22:51:12 [http-nio-8082-exec-8] INFO  c.w.product.aspect.LoggingAspect - ==> SERVICE METHOD CALLED: com.warehouse.product.service.ProductService.getAllProducts()
2026-05-10 22:51:12 [http-nio-8082-exec-8] INFO  c.w.product.aspect.LoggingAspect - ==> METHOD: getAllProducts() COMPLETED IN: 7 ms
2026-05-10 22:51:14 [http-nio-8082-exec-4] INFO  c.w.product.aspect.LoggingAspect - ==> API REQUEST: com.warehouse.product.controller.NotificationController.getNotifications()
2026-05-10 22:51:14 [http-nio-8082-exec-4] INFO  c.w.product.aspect.LoggingAspect - ==> SERVICE METHOD CALLED: com.warehouse.product.service.ProductService.getAllProducts()
2026-05-10 22:51:14 [http-nio-8082-exec-4] INFO  c.w.product.aspect.LoggingAspect - ==> METHOD: getAllProducts() COMPLETED IN: 5 ms
2026-05-10 22:51:15 [http-nio-8082-exec-7] INFO  c.w.product.aspect.LoggingAspect - ==> API REQUEST: com.warehouse.product.controller.NotificationController.getNotifications()
2026-05-10 22:51:15 [http-nio-8082-exec-7] INFO  c.w.product.aspect.LoggingAspect - ==> SERVICE METHOD CALLED: com.warehouse.product.service.ProductService.getAllProducts()
2026-05-10 22:51:15 [http-nio-8082-exec-7] INFO  c.w.product.aspect.LoggingAspect - ==> METHOD: getAllProducts() COMPLETED IN: 5 ms
2026-05-10 22:51:15 [http-nio-8082-exec-10] INFO  c.w.product.aspect.LoggingAspect - ==> API REQUEST: com.warehouse.product.controller.NotificationController.getNotifications()
2026-05-10 22:51:15 [http-nio-8082-exec-10] INFO  c.w.product.aspect.LoggingAspect - ==> SERVICE METHOD CALLED: com.warehouse.product.service.ProductService.getAllProducts()
2026-05-10 22:51:15 [http-nio-8082-exec-10] INFO  c.w.product.aspect.LoggingAspect - ==> METHOD: getAllProducts() COMPLETED IN: 6 ms
2026-05-10 22:51:16 [http-nio-8082-exec-1] INFO  c.w.product.aspect.LoggingAspect - ==> API REQUEST: com.warehouse.product.controller.NotificationController.getNotifications()
2026-05-10 22:51:16 [http-nio-8082-exec-1] INFO  c.w.product.aspect.LoggingAspect - ==> SERVICE METHOD CALLED: com.warehouse.product.service.ProductService.getAllProducts()
2026-05-10 22:51:16 [http-nio-8082-exec-1] INFO  c.w.product.aspect.LoggingAspect - ==> METHOD: getAllProducts() COMPLETED IN: 6 ms
2026-05-10 22:51:20 [http-nio-8082-exec-2] INFO  c.w.product.aspect.LoggingAspect - ==> API REQUEST: com.warehouse.product.controller.NotificationController.getNotifications()
2026-05-10 22:51:20 [http-nio-8082-exec-2] INFO  c.w.product.aspect.LoggingAspect - ==> SERVICE METHOD CALLED: com.warehouse.product.service.ProductService.getAllProducts()
2026-05-10 22:51:20 [http-nio-8082-exec-2] INFO  c.w.product.aspect.LoggingAspect - ==> METHOD: getAllProducts() COMPLETED IN: 5 ms
2026-05-10 22:51:22 [http-nio-8082-exec-3] INFO  c.w.product.aspect.LoggingAspect - ==> API REQUEST: com.warehouse.product.controller.NotificationController.getNotifications()
2026-05-10 22:51:22 [http-nio-8082-exec-3] INFO  c.w.product.aspect.LoggingAspect - ==> SERVICE METHOD CALLED: com.warehouse.product.service.ProductService.getAllProducts()
2026-05-10 22:51:22 [http-nio-8082-exec-3] INFO  c.w.product.aspect.LoggingAspect - ==> METHOD: getAllProducts() COMPLETED IN: 9 ms
2026-05-10 22:51:25 [http-nio-8082-exec-5] INFO  c.w.product.aspect.LoggingAspect - ==> API REQUEST: com.warehouse.product.controller.NotificationController.getNotifications()
2026-05-10 22:51:25 [http-nio-8082-exec-5] INFO  c.w.product.aspect.LoggingAspect - ==> SERVICE METHOD CALLED: com.warehouse.product.service.ProductService.getAllProducts()
2026-05-10 22:51:25 [http-nio-8082-exec-5] INFO  c.w.product.aspect.LoggingAspect - ==> METHOD: getAllProducts() COMPLETED IN: 7 ms
2026-05-10 22:51:26 [http-nio-8082-exec-6] INFO  c.w.product.aspect.LoggingAspect - ==> API REQUEST: com.warehouse.product.controller.NotificationController.getNotifications()
2026-05-10 22:51:26 [http-nio-8082-exec-6] INFO  c.w.product.aspect.LoggingAspect - ==> SERVICE METHOD CALLED: com.warehouse.product.service.ProductService.getAllProducts()
2026-05-10 22:51:26 [http-nio-8082-exec-6] INFO  c.w.product.aspect.LoggingAspect - ==> METHOD: getAllProducts() COMPLETED IN: 6 ms
2026-05-10 22:51:30 [http-nio-8082-exec-9] INFO  c.w.product.aspect.LoggingAspect - ==> API REQUEST: com.warehouse.product.controller.NotificationController.getNotifications()
2026-05-10 22:51:30 [http-nio-8082-exec-9] INFO  c.w.product.aspect.LoggingAspect - ==> SERVICE METHOD CALLED: com.warehouse.product.service.ProductService.getAllProducts()
2026-05-10 22:51:30 [http-nio-8082-exec-9] INFO  c.w.product.aspect.LoggingAspect - ==> METHOD: getAllProducts() COMPLETED IN: 7 ms
2026-05-10 22:51:30 [http-nio-8082-exec-8] INFO  c.w.product.aspect.LoggingAspect - ==> API REQUEST: com.warehouse.product.controller.NotificationController.getNotifications()
2026-05-10 22:51:30 [http-nio-8082-exec-8] INFO  c.w.product.aspect.LoggingAspect - ==> SERVICE METHOD CALLED: com.warehouse.product.service.ProductService.getAllProducts()
2026-05-10 22:51:30 [http-nio-8082-exec-8] INFO  c.w.product.aspect.LoggingAspect - ==> METHOD: getAllProducts() COMPLETED IN: 7 ms
2026-05-10 22:51:31 [http-nio-8082-exec-4] INFO  c.w.product.aspect.LoggingAspect - ==> API REQUEST: com.warehouse.product.controller.NotificationController.getNotifications()
2026-05-10 22:51:31 [http-nio-8082-exec-4] INFO  c.w.product.aspect.LoggingAspect - ==> SERVICE METHOD CALLED: com.warehouse.product.service.ProductService.getAllProducts()
2026-05-10 22:51:31 [http-nio-8082-exec-4] INFO  c.w.product.aspect.LoggingAspect - ==> METHOD: getAllProducts() COMPLETED IN: 4 ms
2026-05-10 22:51:31 [http-nio-8082-exec-7] INFO  c.w.product.aspect.LoggingAspect - ==> API REQUEST: com.warehouse.product.controller.NotificationController.getNotifications()
2026-05-10 22:51:31 [http-nio-8082-exec-7] INFO  c.w.product.aspect.LoggingAspect - ==> SERVICE METHOD CALLED: com.warehouse.product.service.ProductService.getAllProducts()
2026-05-10 22:51:31 [http-nio-8082-exec-7] INFO  c.w.product.aspect.LoggingAspect - ==> METHOD: getAllProducts() COMPLETED IN: 3 ms
2026-05-10 22:51:31 [http-nio-8082-exec-10] INFO  c.w.product.aspect.LoggingAspect - ==> API REQUEST: com.warehouse.product.controller.NotificationController.getNotifications()
2026-05-10 22:51:31 [http-nio-8082-exec-10] INFO  c.w.product.aspect.LoggingAspect - ==> SERVICE METHOD CALLED: com.warehouse.product.service.ProductService.getAllProducts()
2026-05-10 22:51:31 [http-nio-8082-exec-10] INFO  c.w.product.aspect.LoggingAspect - ==> METHOD: getAllProducts() COMPLETED IN: 5 ms
2026-05-10 22:51:32 [http-nio-8082-exec-1] INFO  c.w.product.aspect.LoggingAspect - ==> API REQUEST: com.warehouse.product.controller.NotificationController.getNotifications()
2026-05-10 22:51:32 [http-nio-8082-exec-1] INFO  c.w.product.aspect.LoggingAspect - ==> SERVICE METHOD CALLED: com.warehouse.product.service.ProductService.getAllProducts()
2026-05-10 22:51:32 [http-nio-8082-exec-1] INFO  c.w.product.aspect.LoggingAspect - ==> METHOD: getAllProducts() COMPLETED IN: 8 ms
2026-05-10 22:51:34 [http-nio-8082-exec-2] INFO  c.w.product.aspect.LoggingAspect - ==> API REQUEST: com.warehouse.product.controller.NotificationController.getNotifications()
2026-05-10 22:51:34 [http-nio-8082-exec-2] INFO  c.w.product.aspect.LoggingAspect - ==> SERVICE METHOD CALLED: com.warehouse.product.service.ProductService.getAllProducts()
2026-05-10 22:51:34 [http-nio-8082-exec-2] INFO  c.w.product.aspect.LoggingAspect - ==> METHOD: getAllProducts() COMPLETED IN: 7 ms
2026-05-10 22:51:34 [http-nio-8082-exec-3] INFO  c.w.product.aspect.LoggingAspect - ==> API REQUEST: com.warehouse.product.controller.NotificationController.getNotifications()
2026-05-10 22:51:34 [http-nio-8082-exec-3] INFO  c.w.product.aspect.LoggingAspect - ==> SERVICE METHOD CALLED: com.warehouse.product.service.ProductService.getAllProducts()
2026-05-10 22:51:34 [http-nio-8082-exec-3] INFO  c.w.product.aspect.LoggingAspect - ==> METHOD: getAllProducts() COMPLETED IN: 4 ms
2026-05-10 22:51:37 [http-nio-8082-exec-5] INFO  c.w.product.aspect.LoggingAspect - ==> API REQUEST: com.warehouse.product.controller.NotificationController.getNotifications()
2026-05-10 22:51:37 [http-nio-8082-exec-5] INFO  c.w.product.aspect.LoggingAspect - ==> SERVICE METHOD CALLED: com.warehouse.product.service.ProductService.getAllProducts()
2026-05-10 22:51:37 [http-nio-8082-exec-5] INFO  c.w.product.aspect.LoggingAspect - ==> METHOD: getAllProducts() COMPLETED IN: 5 ms
2026-05-10 22:51:38 [http-nio-8082-exec-6] INFO  c.w.product.aspect.LoggingAspect - ==> API REQUEST: com.warehouse.product.controller.NotificationController.getNotifications()
2026-05-10 22:51:38 [http-nio-8082-exec-6] INFO  c.w.product.aspect.LoggingAspect - ==> SERVICE METHOD CALLED: com.warehouse.product.service.ProductService.getAllProducts()
2026-05-10 22:51:38 [http-nio-8082-exec-6] INFO  c.w.product.aspect.LoggingAspect - ==> METHOD: getAllProducts() COMPLETED IN: 9 ms
2026-05-10 22:51:39 [http-nio-8082-exec-9] INFO  c.w.product.aspect.LoggingAspect - ==> API REQUEST: com.warehouse.product.controller.NotificationController.getNotifications()
2026-05-10 22:51:39 [http-nio-8082-exec-9] INFO  c.w.product.aspect.LoggingAspect - ==> SERVICE METHOD CALLED: com.warehouse.product.service.ProductService.getAllProducts()
2026-05-10 22:51:39 [http-nio-8082-exec-9] INFO  c.w.product.aspect.LoggingAspect - ==> METHOD: getAllProducts() COMPLETED IN: 6 ms
2026-05-10 22:51:39 [http-nio-8082-exec-8] INFO  c.w.product.aspect.LoggingAspect - ==> API REQUEST: com.warehouse.product.controller.NotificationController.getNotifications()
2026-05-10 22:51:39 [http-nio-8082-exec-8] INFO  c.w.product.aspect.LoggingAspect - ==> SERVICE METHOD CALLED: com.warehouse.product.service.ProductService.getAllProducts()
2026-05-10 22:51:39 [http-nio-8082-exec-8] INFO  c.w.product.aspect.LoggingAspect - ==> METHOD: getAllProducts() COMPLETED IN: 6 ms
2026-05-10 22:51:43 [http-nio-8082-exec-4] INFO  c.w.product.aspect.LoggingAspect - ==> API REQUEST: com.warehouse.product.controller.NotificationController.getNotifications()
2026-05-10 22:51:43 [http-nio-8082-exec-4] INFO  c.w.product.aspect.LoggingAspect - ==> SERVICE METHOD CALLED: com.warehouse.product.service.ProductService.getAllProducts()
2026-05-10 22:51:43 [http-nio-8082-exec-4] INFO  c.w.product.aspect.LoggingAspect - ==> METHOD: getAllProducts() COMPLETED IN: 11 ms
2026-05-10 22:51:44 [http-nio-8082-exec-7] INFO  c.w.product.aspect.LoggingAspect - ==> API REQUEST: com.warehouse.product.controller.NotificationController.getNotifications()
2026-05-10 22:51:44 [http-nio-8082-exec-7] INFO  c.w.product.aspect.LoggingAspect - ==> SERVICE METHOD CALLED: com.warehouse.product.service.ProductService.getAllProducts()
2026-05-10 22:51:44 [http-nio-8082-exec-7] INFO  c.w.product.aspect.LoggingAspect - ==> METHOD: getAllProducts() COMPLETED IN: 0 ms
2026-05-10 22:51:45 [http-nio-8082-exec-10] INFO  c.w.product.aspect.LoggingAspect - ==> API REQUEST: com.warehouse.product.controller.NotificationController.getNotifications()
2026-05-10 22:51:45 [http-nio-8082-exec-10] INFO  c.w.product.aspect.LoggingAspect - ==> SERVICE METHOD CALLED: com.warehouse.product.service.ProductService.getAllProducts()
2026-05-10 22:51:45 [http-nio-8082-exec-10] INFO  c.w.product.aspect.LoggingAspect - ==> METHOD: getAllProducts() COMPLETED IN: 16 ms
2026-05-10 22:51:45 [http-nio-8082-exec-1] INFO  c.w.product.aspect.LoggingAspect - ==> API REQUEST: com.warehouse.product.controller.NotificationController.getNotifications()
2026-05-10 22:51:45 [http-nio-8082-exec-1] INFO  c.w.product.aspect.LoggingAspect - ==> SERVICE METHOD CALLED: com.warehouse.product.service.ProductService.getAllProducts()
2026-05-10 22:51:45 [http-nio-8082-exec-1] INFO  c.w.product.aspect.LoggingAspect - ==> METHOD: getAllProducts() COMPLETED IN: 17 ms
2026-05-10 22:51:46 [http-nio-8082-exec-2] INFO  c.w.product.aspect.LoggingAspect - ==> API REQUEST: com.warehouse.product.controller.NotificationController.getNotifications()
2026-05-10 22:51:46 [http-nio-8082-exec-2] INFO  c.w.product.aspect.LoggingAspect - ==> SERVICE METHOD CALLED: com.warehouse.product.service.ProductService.getAllProducts()
2026-05-10 22:51:46 [http-nio-8082-exec-2] INFO  c.w.product.aspect.LoggingAspect - ==> METHOD: getAllProducts() COMPLETED IN: 11 ms
2026-05-10 22:51:50 [http-nio-8082-exec-3] INFO  c.w.product.aspect.LoggingAspect - ==> API REQUEST: com.warehouse.product.controller.NotificationController.getNotifications()
2026-05-10 22:51:50 [http-nio-8082-exec-3] INFO  c.w.product.aspect.LoggingAspect - ==> SERVICE METHOD CALLED: com.warehouse.product.service.ProductService.getAllProducts()
2026-05-10 22:51:50 [http-nio-8082-exec-3] INFO  c.w.product.aspect.LoggingAspect - ==> METHOD: getAllProducts() COMPLETED IN: 8 ms
2026-05-10 22:51:52 [http-nio-8082-exec-5] INFO  c.w.product.aspect.LoggingAspect - ==> API REQUEST: com.warehouse.product.controller.NotificationController.getNotifications()
2026-05-10 22:51:52 [http-nio-8082-exec-5] INFO  c.w.product.aspect.LoggingAspect - ==> SERVICE METHOD CALLED: com.warehouse.product.service.ProductService.getAllProducts()
2026-05-10 22:51:52 [http-nio-8082-exec-5] INFO  c.w.product.aspect.LoggingAspect - ==> METHOD: getAllProducts() COMPLETED IN: 15 ms
2026-05-10 22:51:55 [http-nio-8082-exec-6] INFO  c.w.product.aspect.LoggingAspect - ==> API REQUEST: com.warehouse.product.controller.NotificationController.getNotifications()
2026-05-10 22:51:55 [http-nio-8082-exec-6] INFO  c.w.product.aspect.LoggingAspect - ==> SERVICE METHOD CALLED: com.warehouse.product.service.ProductService.getAllProducts()
2026-05-10 22:51:55 [http-nio-8082-exec-6] INFO  c.w.product.aspect.LoggingAspect - ==> METHOD: getAllProducts() COMPLETED IN: 16 ms
2026-05-10 22:51:56 [http-nio-8082-exec-9] INFO  c.w.product.aspect.LoggingAspect - ==> API REQUEST: com.warehouse.product.controller.NotificationController.getNotifications()
2026-05-10 22:51:56 [http-nio-8082-exec-9] INFO  c.w.product.aspect.LoggingAspect - ==> SERVICE METHOD CALLED: com.warehouse.product.service.ProductService.getAllProducts()
2026-05-10 22:51:56 [http-nio-8082-exec-9] INFO  c.w.product.aspect.LoggingAspect - ==> METHOD: getAllProducts() COMPLETED IN: 16 ms
2026-05-10 22:52:00 [http-nio-8082-exec-8] INFO  c.w.product.aspect.LoggingAspect - ==> API REQUEST: com.warehouse.product.controller.NotificationController.getNotifications()
2026-05-10 22:52:00 [http-nio-8082-exec-8] INFO  c.w.product.aspect.LoggingAspect - ==> SERVICE METHOD CALLED: com.warehouse.product.service.ProductService.getAllProducts()
2026-05-10 22:52:00 [http-nio-8082-exec-8] INFO  c.w.product.aspect.LoggingAspect - ==> METHOD: getAllProducts() COMPLETED IN: 15 ms
2026-05-10 22:52:00 [http-nio-8082-exec-4] INFO  c.w.product.aspect.LoggingAspect - ==> API REQUEST: com.warehouse.product.controller.NotificationController.getNotifications()
2026-05-10 22:52:00 [http-nio-8082-exec-4] INFO  c.w.product.aspect.LoggingAspect - ==> SERVICE METHOD CALLED: com.warehouse.product.service.ProductService.getAllProducts()
2026-05-10 22:52:00 [http-nio-8082-exec-4] INFO  c.w.product.aspect.LoggingAspect - ==> METHOD: getAllProducts() COMPLETED IN: 0 ms
2026-05-10 22:52:01 [http-nio-8082-exec-7] INFO  c.w.product.aspect.LoggingAspect - ==> API REQUEST: com.warehouse.product.controller.NotificationController.getNotifications()
2026-05-10 22:52:01 [http-nio-8082-exec-7] INFO  c.w.product.aspect.LoggingAspect - ==> SERVICE METHOD CALLED: com.warehouse.product.service.ProductService.getAllProducts()
2026-05-10 22:52:01 [http-nio-8082-exec-7] INFO  c.w.product.aspect.LoggingAspect - ==> METHOD: getAllProducts() COMPLETED IN: 15 ms
2026-05-10 22:52:01 [http-nio-8082-exec-10] INFO  c.w.product.aspect.LoggingAspect - ==> API REQUEST: com.warehouse.product.controller.NotificationController.getNotifications()
2026-05-10 22:52:01 [http-nio-8082-exec-10] INFO  c.w.product.aspect.LoggingAspect - ==> SERVICE METHOD CALLED: com.warehouse.product.service.ProductService.getAllProducts()
2026-05-10 22:52:01 [http-nio-8082-exec-10] INFO  c.w.product.aspect.LoggingAspect - ==> METHOD: getAllProducts() COMPLETED IN: 16 ms
2026-05-10 22:52:01 [http-nio-8082-exec-1] INFO  c.w.product.aspect.LoggingAspect - ==> API REQUEST: com.warehouse.product.controller.NotificationController.getNotifications()
2026-05-10 22:52:01 [http-nio-8082-exec-1] INFO  c.w.product.aspect.LoggingAspect - ==> SERVICE METHOD CALLED: com.warehouse.product.service.ProductService.getAllProducts()
2026-05-10 22:52:01 [http-nio-8082-exec-1] INFO  c.w.product.aspect.LoggingAspect - ==> METHOD: getAllProducts() COMPLETED IN: 15 ms
2026-05-10 22:52:02 [http-nio-8082-exec-2] INFO  c.w.product.aspect.LoggingAspect - ==> API REQUEST: com.warehouse.product.controller.NotificationController.getNotifications()
2026-05-10 22:52:02 [http-nio-8082-exec-2] INFO  c.w.product.aspect.LoggingAspect - ==> SERVICE METHOD CALLED: com.warehouse.product.service.ProductService.getAllProducts()
2026-05-10 22:52:02 [http-nio-8082-exec-2] INFO  c.w.product.aspect.LoggingAspect - ==> METHOD: getAllProducts() COMPLETED IN: 19 ms
2026-05-10 22:52:04 [http-nio-8082-exec-3] INFO  c.w.product.aspect.LoggingAspect - ==> API REQUEST: com.warehouse.product.controller.NotificationController.getNotifications()
2026-05-10 22:52:04 [http-nio-8082-exec-3] INFO  c.w.product.aspect.LoggingAspect - ==> SERVICE METHOD CALLED: com.warehouse.product.service.ProductService.getAllProducts()
2026-05-10 22:52:04 [http-nio-8082-exec-3] INFO  c.w.product.aspect.LoggingAspect - ==> METHOD: getAllProducts() COMPLETED IN: 0 ms
2026-05-10 22:52:04 [http-nio-8082-exec-5] INFO  c.w.product.aspect.LoggingAspect - ==> API REQUEST: com.warehouse.product.controller.NotificationController.getNotifications()
2026-05-10 22:52:04 [http-nio-8082-exec-5] INFO  c.w.product.aspect.LoggingAspect - ==> SERVICE METHOD CALLED: com.warehouse.product.service.ProductService.getAllProducts()
2026-05-10 22:52:04 [http-nio-8082-exec-5] INFO  c.w.product.aspect.LoggingAspect - ==> METHOD: getAllProducts() COMPLETED IN: 16 ms
2026-05-10 22:52:07 [http-nio-8082-exec-6] INFO  c.w.product.aspect.LoggingAspect - ==> API REQUEST: com.warehouse.product.controller.NotificationController.getNotifications()
2026-05-10 22:52:07 [http-nio-8082-exec-6] INFO  c.w.product.aspect.LoggingAspect - ==> SERVICE METHOD CALLED: com.warehouse.product.service.ProductService.getAllProducts()
2026-05-10 22:52:07 [http-nio-8082-exec-6] INFO  c.w.product.aspect.LoggingAspect - ==> METHOD: getAllProducts() COMPLETED IN: 16 ms
2026-05-10 22:52:08 [http-nio-8082-exec-9] INFO  c.w.product.aspect.LoggingAspect - ==> API REQUEST: com.warehouse.product.controller.NotificationController.getNotifications()
2026-05-10 22:52:08 [http-nio-8082-exec-9] INFO  c.w.product.aspect.LoggingAspect - ==> SERVICE METHOD CALLED: com.warehouse.product.service.ProductService.getAllProducts()
2026-05-10 22:52:08 [http-nio-8082-exec-9] INFO  c.w.product.aspect.LoggingAspect - ==> METHOD: getAllProducts() COMPLETED IN: 8 ms
2026-05-10 22:52:09 [http-nio-8082-exec-8] INFO  c.w.product.aspect.LoggingAspect - ==> API REQUEST: com.warehouse.product.controller.NotificationController.getNotifications()
2026-05-10 22:52:09 [http-nio-8082-exec-8] INFO  c.w.product.aspect.LoggingAspect - ==> SERVICE METHOD CALLED: com.warehouse.product.service.ProductService.getAllProducts()
2026-05-10 22:52:09 [http-nio-8082-exec-8] INFO  c.w.product.aspect.LoggingAspect - ==> METHOD: getAllProducts() COMPLETED IN: 30 ms
2026-05-10 22:52:09 [http-nio-8082-exec-4] INFO  c.w.product.aspect.LoggingAspect - ==> API REQUEST: com.warehouse.product.controller.NotificationController.getNotifications()
2026-05-10 22:52:09 [http-nio-8082-exec-4] INFO  c.w.product.aspect.LoggingAspect - ==> SERVICE METHOD CALLED: com.warehouse.product.service.ProductService.getAllProducts()
2026-05-10 22:52:09 [http-nio-8082-exec-4] INFO  c.w.product.aspect.LoggingAspect - ==> METHOD: getAllProducts() COMPLETED IN: 17 ms
2026-05-10 22:52:13 [http-nio-8082-exec-7] INFO  c.w.product.aspect.LoggingAspect - ==> API REQUEST: com.warehouse.product.controller.NotificationController.getNotifications()
2026-05-10 22:52:13 [http-nio-8082-exec-7] INFO  c.w.product.aspect.LoggingAspect - ==> SERVICE METHOD CALLED: com.warehouse.product.service.ProductService.getAllProducts()
2026-05-10 22:52:13 [http-nio-8082-exec-7] INFO  c.w.product.aspect.LoggingAspect - ==> METHOD: getAllProducts() COMPLETED IN: 0 ms
2026-05-10 22:52:14 [http-nio-8082-exec-10] INFO  c.w.product.aspect.LoggingAspect - ==> API REQUEST: com.warehouse.product.controller.NotificationController.getNotifications()
2026-05-10 22:52:14 [http-nio-8082-exec-10] INFO  c.w.product.aspect.LoggingAspect - ==> SERVICE METHOD CALLED: com.warehouse.product.service.ProductService.getAllProducts()
2026-05-10 22:52:14 [http-nio-8082-exec-10] INFO  c.w.product.aspect.LoggingAspect - ==> METHOD: getAllProducts() COMPLETED IN: 6 ms
2026-05-10 22:52:15 [http-nio-8082-exec-1] INFO  c.w.product.aspect.LoggingAspect - ==> API REQUEST: com.warehouse.product.controller.NotificationController.getNotifications()
2026-05-10 22:52:15 [http-nio-8082-exec-1] INFO  c.w.product.aspect.LoggingAspect - ==> SERVICE METHOD CALLED: com.warehouse.product.service.ProductService.getAllProducts()
2026-05-10 22:52:15 [http-nio-8082-exec-1] INFO  c.w.product.aspect.LoggingAspect - ==> METHOD: getAllProducts() COMPLETED IN: 5 ms
2026-05-10 22:52:15 [http-nio-8082-exec-2] INFO  c.w.product.aspect.LoggingAspect - ==> API REQUEST: com.warehouse.product.controller.NotificationController.getNotifications()
2026-05-10 22:52:15 [http-nio-8082-exec-2] INFO  c.w.product.aspect.LoggingAspect - ==> SERVICE METHOD CALLED: com.warehouse.product.service.ProductService.getAllProducts()
2026-05-10 22:52:15 [http-nio-8082-exec-2] INFO  c.w.product.aspect.LoggingAspect - ==> METHOD: getAllProducts() COMPLETED IN: 17 ms
2026-05-10 22:52:16 [http-nio-8082-exec-3] INFO  c.w.product.aspect.LoggingAspect - ==> API REQUEST: com.warehouse.product.controller.NotificationController.getNotifications()
2026-05-10 22:52:16 [http-nio-8082-exec-3] INFO  c.w.product.aspect.LoggingAspect - ==> SERVICE METHOD CALLED: com.warehouse.product.service.ProductService.getAllProducts()
2026-05-10 22:52:16 [http-nio-8082-exec-3] INFO  c.w.product.aspect.LoggingAspect - ==> METHOD: getAllProducts() COMPLETED IN: 15 ms
2026-05-10 22:52:20 [http-nio-8082-exec-5] INFO  c.w.product.aspect.LoggingAspect - ==> API REQUEST: com.warehouse.product.controller.NotificationController.getNotifications()
2026-05-10 22:52:20 [http-nio-8082-exec-5] INFO  c.w.product.aspect.LoggingAspect - ==> SERVICE METHOD CALLED: com.warehouse.product.service.ProductService.getAllProducts()
2026-05-10 22:52:20 [http-nio-8082-exec-5] INFO  c.w.product.aspect.LoggingAspect - ==> METHOD: getAllProducts() COMPLETED IN: 17 ms
2026-05-10 22:52:22 [http-nio-8082-exec-6] INFO  c.w.product.aspect.LoggingAspect - ==> API REQUEST: com.warehouse.product.controller.NotificationController.getNotifications()
2026-05-10 22:52:22 [http-nio-8082-exec-6] INFO  c.w.product.aspect.LoggingAspect - ==> SERVICE METHOD CALLED: com.warehouse.product.service.ProductService.getAllProducts()
2026-05-10 22:52:22 [http-nio-8082-exec-6] INFO  c.w.product.aspect.LoggingAspect - ==> METHOD: getAllProducts() COMPLETED IN: 16 ms
2026-05-10 22:52:25 [http-nio-8082-exec-9] INFO  c.w.product.aspect.LoggingAspect - ==> API REQUEST: com.warehouse.product.controller.NotificationController.getNotifications()
2026-05-10 22:52:25 [http-nio-8082-exec-9] INFO  c.w.product.aspect.LoggingAspect - ==> SERVICE METHOD CALLED: com.warehouse.product.service.ProductService.getAllProducts()
2026-05-10 22:52:25 [http-nio-8082-exec-9] INFO  c.w.product.aspect.LoggingAspect - ==> METHOD: getAllProducts() COMPLETED IN: 0 ms
2026-05-10 22:52:26 [http-nio-8082-exec-8] INFO  c.w.product.aspect.LoggingAspect - ==> API REQUEST: com.warehouse.product.controller.NotificationController.getNotifications()
2026-05-10 22:52:26 [http-nio-8082-exec-8] INFO  c.w.product.aspect.LoggingAspect - ==> SERVICE METHOD CALLED: com.warehouse.product.service.ProductService.getAllProducts()
2026-05-10 22:52:26 [http-nio-8082-exec-8] INFO  c.w.product.aspect.LoggingAspect - ==> METHOD: getAllProducts() COMPLETED IN: 11 ms
2026-05-10 22:52:30 [http-nio-8082-exec-4] INFO  c.w.product.aspect.LoggingAspect - ==> API REQUEST: com.warehouse.product.controller.NotificationController.getNotifications()
2026-05-10 22:52:30 [http-nio-8082-exec-4] INFO  c.w.product.aspect.LoggingAspect - ==> SERVICE METHOD CALLED: com.warehouse.product.service.ProductService.getAllProducts()
2026-05-10 22:52:30 [http-nio-8082-exec-4] INFO  c.w.product.aspect.LoggingAspect - ==> METHOD: getAllProducts() COMPLETED IN: 0 ms
2026-05-10 22:52:30 [http-nio-8082-exec-7] INFO  c.w.product.aspect.LoggingAspect - ==> API REQUEST: com.warehouse.product.controller.NotificationController.getNotifications()
2026-05-10 22:52:30 [http-nio-8082-exec-7] INFO  c.w.product.aspect.LoggingAspect - ==> SERVICE METHOD CALLED: com.warehouse.product.service.ProductService.getAllProducts()
2026-05-10 22:52:30 [http-nio-8082-exec-7] INFO  c.w.product.aspect.LoggingAspect - ==> METHOD: getAllProducts() COMPLETED IN: 16 ms
2026-05-10 22:52:31 [http-nio-8082-exec-10] INFO  c.w.product.aspect.LoggingAspect - ==> API REQUEST: com.warehouse.product.controller.NotificationController.getNotifications()
2026-05-10 22:52:31 [http-nio-8082-exec-10] INFO  c.w.product.aspect.LoggingAspect - ==> SERVICE METHOD CALLED: com.warehouse.product.service.ProductService.getAllProducts()
2026-05-10 22:52:31 [http-nio-8082-exec-10] INFO  c.w.product.aspect.LoggingAspect - ==> METHOD: getAllProducts() COMPLETED IN: 14 ms
2026-05-10 22:52:31 [http-nio-8082-exec-1] INFO  c.w.product.aspect.LoggingAspect - ==> API REQUEST: com.warehouse.product.controller.NotificationController.getNotifications()
2026-05-10 22:52:31 [http-nio-8082-exec-1] INFO  c.w.product.aspect.LoggingAspect - ==> SERVICE METHOD CALLED: com.warehouse.product.service.ProductService.getAllProducts()
2026-05-10 22:52:31 [http-nio-8082-exec-1] INFO  c.w.product.aspect.LoggingAspect - ==> METHOD: getAllProducts() COMPLETED IN: 5 ms
2026-05-10 22:52:31 [http-nio-8082-exec-2] INFO  c.w.product.aspect.LoggingAspect - ==> API REQUEST: com.warehouse.product.controller.NotificationController.getNotifications()
2026-05-10 22:52:31 [http-nio-8082-exec-2] INFO  c.w.product.aspect.LoggingAspect - ==> SERVICE METHOD CALLED: com.warehouse.product.service.ProductService.getAllProducts()
2026-05-10 22:52:31 [http-nio-8082-exec-2] INFO  c.w.product.aspect.LoggingAspect - ==> METHOD: getAllProducts() COMPLETED IN: 7 ms
2026-05-10 22:52:32 [http-nio-8082-exec-3] INFO  c.w.product.aspect.LoggingAspect - ==> API REQUEST: com.warehouse.product.controller.NotificationController.getNotifications()
2026-05-10 22:52:32 [http-nio-8082-exec-3] INFO  c.w.product.aspect.LoggingAspect - ==> SERVICE METHOD CALLED: com.warehouse.product.service.ProductService.getAllProducts()
2026-05-10 22:52:32 [http-nio-8082-exec-3] INFO  c.w.product.aspect.LoggingAspect - ==> METHOD: getAllProducts() COMPLETED IN: 1 ms
2026-05-10 22:52:34 [http-nio-8082-exec-5] INFO  c.w.product.aspect.LoggingAspect - ==> API REQUEST: com.warehouse.product.controller.NotificationController.getNotifications()
2026-05-10 22:52:34 [http-nio-8082-exec-5] INFO  c.w.product.aspect.LoggingAspect - ==> SERVICE METHOD CALLED: com.warehouse.product.service.ProductService.getAllProducts()
2026-05-10 22:52:34 [http-nio-8082-exec-5] INFO  c.w.product.aspect.LoggingAspect - ==> METHOD: getAllProducts() COMPLETED IN: 8 ms
2026-05-10 22:52:34 [http-nio-8082-exec-6] INFO  c.w.product.aspect.LoggingAspect - ==> API REQUEST: com.warehouse.product.controller.NotificationController.getNotifications()
2026-05-10 22:52:34 [http-nio-8082-exec-6] INFO  c.w.product.aspect.LoggingAspect - ==> SERVICE METHOD CALLED: com.warehouse.product.service.ProductService.getAllProducts()
2026-05-10 22:52:34 [http-nio-8082-exec-6] INFO  c.w.product.aspect.LoggingAspect - ==> METHOD: getAllProducts() COMPLETED IN: 0 ms
2026-05-10 22:52:37 [http-nio-8082-exec-9] INFO  c.w.product.aspect.LoggingAspect - ==> API REQUEST: com.warehouse.product.controller.NotificationController.getNotifications()
2026-05-10 22:52:37 [http-nio-8082-exec-9] INFO  c.w.product.aspect.LoggingAspect - ==> SERVICE METHOD CALLED: com.warehouse.product.service.ProductService.getAllProducts()
2026-05-10 22:52:37 [http-nio-8082-exec-9] INFO  c.w.product.aspect.LoggingAspect - ==> METHOD: getAllProducts() COMPLETED IN: 16 ms
2026-05-10 22:52:38 [http-nio-8082-exec-8] INFO  c.w.product.aspect.LoggingAspect - ==> API REQUEST: com.warehouse.product.controller.NotificationController.getNotifications()
2026-05-10 22:52:38 [http-nio-8082-exec-8] INFO  c.w.product.aspect.LoggingAspect - ==> SERVICE METHOD CALLED: com.warehouse.product.service.ProductService.getAllProducts()
2026-05-10 22:52:38 [http-nio-8082-exec-8] INFO  c.w.product.aspect.LoggingAspect - ==> METHOD: getAllProducts() COMPLETED IN: 12 ms
2026-05-10 22:52:39 [http-nio-8082-exec-4] INFO  c.w.product.aspect.LoggingAspect - ==> API REQUEST: com.warehouse.product.controller.NotificationController.getNotifications()
2026-05-10 22:52:39 [http-nio-8082-exec-4] INFO  c.w.product.aspect.LoggingAspect - ==> SERVICE METHOD CALLED: com.warehouse.product.service.ProductService.getAllProducts()
2026-05-10 22:52:39 [http-nio-8082-exec-4] INFO  c.w.product.aspect.LoggingAspect - ==> METHOD: getAllProducts() COMPLETED IN: 17 ms
2026-05-10 22:52:39 [http-nio-8082-exec-7] INFO  c.w.product.aspect.LoggingAspect - ==> API REQUEST: com.warehouse.product.controller.NotificationController.getNotifications()
2026-05-10 22:52:39 [http-nio-8082-exec-7] INFO  c.w.product.aspect.LoggingAspect - ==> SERVICE METHOD CALLED: com.warehouse.product.service.ProductService.getAllProducts()
2026-05-10 22:52:39 [http-nio-8082-exec-7] INFO  c.w.product.aspect.LoggingAspect - ==> METHOD: getAllProducts() COMPLETED IN: 6 ms
2026-05-10 22:52:43 [http-nio-8082-exec-10] INFO  c.w.product.aspect.LoggingAspect - ==> API REQUEST: com.warehouse.product.controller.NotificationController.getNotifications()
2026-05-10 22:52:43 [http-nio-8082-exec-10] INFO  c.w.product.aspect.LoggingAspect - ==> SERVICE METHOD CALLED: com.warehouse.product.service.ProductService.getAllProducts()
2026-05-10 22:52:43 [http-nio-8082-exec-10] INFO  c.w.product.aspect.LoggingAspect - ==> METHOD: getAllProducts() COMPLETED IN: 0 ms
2026-05-10 22:52:44 [http-nio-8082-exec-1] INFO  c.w.product.aspect.LoggingAspect - ==> API REQUEST: com.warehouse.product.controller.NotificationController.getNotifications()
2026-05-10 22:52:44 [http-nio-8082-exec-1] INFO  c.w.product.aspect.LoggingAspect - ==> SERVICE METHOD CALLED: com.warehouse.product.service.ProductService.getAllProducts()
2026-05-10 22:52:44 [http-nio-8082-exec-1] INFO  c.w.product.aspect.LoggingAspect - ==> METHOD: getAllProducts() COMPLETED IN: 5 ms
2026-05-10 22:52:45 [http-nio-8082-exec-2] INFO  c.w.product.aspect.LoggingAspect - ==> API REQUEST: com.warehouse.product.controller.NotificationController.getNotifications()
2026-05-10 22:52:45 [http-nio-8082-exec-2] INFO  c.w.product.aspect.LoggingAspect - ==> SERVICE METHOD CALLED: com.warehouse.product.service.ProductService.getAllProducts()
2026-05-10 22:52:45 [http-nio-8082-exec-2] INFO  c.w.product.aspect.LoggingAspect - ==> METHOD: getAllProducts() COMPLETED IN: 16 ms
2026-05-10 22:52:45 [http-nio-8082-exec-3] INFO  c.w.product.aspect.LoggingAspect - ==> API REQUEST: com.warehouse.product.controller.NotificationController.getNotifications()
2026-05-10 22:52:45 [http-nio-8082-exec-3] INFO  c.w.product.aspect.LoggingAspect - ==> SERVICE METHOD CALLED: com.warehouse.product.service.ProductService.getAllProducts()
2026-05-10 22:52:45 [http-nio-8082-exec-3] INFO  c.w.product.aspect.LoggingAspect - ==> METHOD: getAllProducts() COMPLETED IN: 0 ms
2026-05-10 22:52:46 [http-nio-8082-exec-5] INFO  c.w.product.aspect.LoggingAspect - ==> API REQUEST: com.warehouse.product.controller.NotificationController.getNotifications()
2026-05-10 22:52:46 [http-nio-8082-exec-5] INFO  c.w.product.aspect.LoggingAspect - ==> SERVICE METHOD CALLED: com.warehouse.product.service.ProductService.getAllProducts()
2026-05-10 22:52:46 [http-nio-8082-exec-5] INFO  c.w.product.aspect.LoggingAspect - ==> METHOD: getAllProducts() COMPLETED IN: 16 ms
2026-05-10 22:52:50 [http-nio-8082-exec-6] INFO  c.w.product.aspect.LoggingAspect - ==> API REQUEST: com.warehouse.product.controller.NotificationController.getNotifications()
2026-05-10 22:52:50 [http-nio-8082-exec-6] INFO  c.w.product.aspect.LoggingAspect - ==> SERVICE METHOD CALLED: com.warehouse.product.service.ProductService.getAllProducts()
2026-05-10 22:52:50 [http-nio-8082-exec-6] INFO  c.w.product.aspect.LoggingAspect - ==> METHOD: getAllProducts() COMPLETED IN: 15 ms
2026-05-10 22:52:52 [http-nio-8082-exec-9] INFO  c.w.product.aspect.LoggingAspect - ==> API REQUEST: com.warehouse.product.controller.NotificationController.getNotifications()
2026-05-10 22:52:52 [http-nio-8082-exec-9] INFO  c.w.product.aspect.LoggingAspect - ==> SERVICE METHOD CALLED: com.warehouse.product.service.ProductService.getAllProducts()
2026-05-10 22:52:52 [http-nio-8082-exec-9] INFO  c.w.product.aspect.LoggingAspect - ==> METHOD: getAllProducts() COMPLETED IN: 16 ms
2026-05-10 22:52:55 [http-nio-8082-exec-8] INFO  c.w.product.aspect.LoggingAspect - ==> API REQUEST: com.warehouse.product.controller.NotificationController.getNotifications()
2026-05-10 22:52:55 [http-nio-8082-exec-8] INFO  c.w.product.aspect.LoggingAspect - ==> SERVICE METHOD CALLED: com.warehouse.product.service.ProductService.getAllProducts()
2026-05-10 22:52:55 [http-nio-8082-exec-8] INFO  c.w.product.aspect.LoggingAspect - ==> METHOD: getAllProducts() COMPLETED IN: 0 ms
2026-05-10 22:52:55 [http-nio-8082-exec-4] INFO  c.w.product.aspect.LoggingAspect - ==> API REQUEST: com.warehouse.product.controller.NotificationController.getNotifications()
2026-05-10 22:52:55 [http-nio-8082-exec-4] INFO  c.w.product.aspect.LoggingAspect - ==> SERVICE METHOD CALLED: com.warehouse.product.service.ProductService.getAllProducts()
2026-05-10 22:52:55 [http-nio-8082-exec-4] INFO  c.w.product.aspect.LoggingAspect - ==> METHOD: getAllProducts() COMPLETED IN: 16 ms
2026-05-10 22:52:56 [http-nio-8082-exec-7] INFO  c.w.product.aspect.LoggingAspect - ==> API REQUEST: com.warehouse.product.controller.NotificationController.getNotifications()
2026-05-10 22:52:56 [http-nio-8082-exec-7] INFO  c.w.product.aspect.LoggingAspect - ==> SERVICE METHOD CALLED: com.warehouse.product.service.ProductService.getAllProducts()
2026-05-10 22:52:56 [http-nio-8082-exec-7] INFO  c.w.product.aspect.LoggingAspect - ==> METHOD: getAllProducts() COMPLETED IN: 14 ms
2026-05-10 22:53:00 [http-nio-8082-exec-10] INFO  c.w.product.aspect.LoggingAspect - ==> API REQUEST: com.warehouse.product.controller.NotificationController.getNotifications()
2026-05-10 22:53:00 [http-nio-8082-exec-10] INFO  c.w.product.aspect.LoggingAspect - ==> SERVICE METHOD CALLED: com.warehouse.product.service.ProductService.getAllProducts()
2026-05-10 22:53:00 [http-nio-8082-exec-10] INFO  c.w.product.aspect.LoggingAspect - ==> METHOD: getAllProducts() COMPLETED IN: 15 ms
2026-05-10 22:53:00 [http-nio-8082-exec-1] INFO  c.w.product.aspect.LoggingAspect - ==> API REQUEST: com.warehouse.product.controller.NotificationController.getNotifications()
2026-05-10 22:53:00 [http-nio-8082-exec-1] INFO  c.w.product.aspect.LoggingAspect - ==> SERVICE METHOD CALLED: com.warehouse.product.service.ProductService.getAllProducts()
2026-05-10 22:53:00 [http-nio-8082-exec-1] INFO  c.w.product.aspect.LoggingAspect - ==> METHOD: getAllProducts() COMPLETED IN: 0 ms
2026-05-10 22:53:01 [http-nio-8082-exec-2] INFO  c.w.product.aspect.LoggingAspect - ==> API REQUEST: com.warehouse.product.controller.NotificationController.getNotifications()
2026-05-10 22:53:01 [http-nio-8082-exec-2] INFO  c.w.product.aspect.LoggingAspect - ==> SERVICE METHOD CALLED: com.warehouse.product.service.ProductService.getAllProducts()
2026-05-10 22:53:01 [http-nio-8082-exec-2] INFO  c.w.product.aspect.LoggingAspect - ==> METHOD: getAllProducts() COMPLETED IN: 0 ms
2026-05-10 22:53:01 [http-nio-8082-exec-3] INFO  c.w.product.aspect.LoggingAspect - ==> API REQUEST: com.warehouse.product.controller.NotificationController.getNotifications()
2026-05-10 22:53:01 [http-nio-8082-exec-3] INFO  c.w.product.aspect.LoggingAspect - ==> SERVICE METHOD CALLED: com.warehouse.product.service.ProductService.getAllProducts()
2026-05-10 22:53:01 [http-nio-8082-exec-3] INFO  c.w.product.aspect.LoggingAspect - ==> METHOD: getAllProducts() COMPLETED IN: 0 ms
2026-05-10 22:53:01 [http-nio-8082-exec-5] INFO  c.w.product.aspect.LoggingAspect - ==> API REQUEST: com.warehouse.product.controller.NotificationController.getNotifications()
2026-05-10 22:53:01 [http-nio-8082-exec-5] INFO  c.w.product.aspect.LoggingAspect - ==> SERVICE METHOD CALLED: com.warehouse.product.service.ProductService.getAllProducts()
2026-05-10 22:53:01 [http-nio-8082-exec-5] INFO  c.w.product.aspect.LoggingAspect - ==> METHOD: getAllProducts() COMPLETED IN: 16 ms
2026-05-10 22:53:02 [http-nio-8082-exec-6] INFO  c.w.product.aspect.LoggingAspect - ==> API REQUEST: com.warehouse.product.controller.NotificationController.getNotifications()
2026-05-10 22:53:02 [http-nio-8082-exec-6] INFO  c.w.product.aspect.LoggingAspect - ==> SERVICE METHOD CALLED: com.warehouse.product.service.ProductService.getAllProducts()
2026-05-10 22:53:02 [http-nio-8082-exec-6] INFO  c.w.product.aspect.LoggingAspect - ==> METHOD: getAllProducts() COMPLETED IN: 12 ms
2026-05-10 22:53:04 [http-nio-8082-exec-9] INFO  c.w.product.aspect.LoggingAspect - ==> API REQUEST: com.warehouse.product.controller.NotificationController.getNotifications()
2026-05-10 22:53:04 [http-nio-8082-exec-9] INFO  c.w.product.aspect.LoggingAspect - ==> SERVICE METHOD CALLED: com.warehouse.product.service.ProductService.getAllProducts()
2026-05-10 22:53:04 [http-nio-8082-exec-9] INFO  c.w.product.aspect.LoggingAspect - ==> METHOD: getAllProducts() COMPLETED IN: 10 ms
2026-05-10 22:53:04 [http-nio-8082-exec-8] INFO  c.w.product.aspect.LoggingAspect - ==> API REQUEST: com.warehouse.product.controller.NotificationController.getNotifications()
2026-05-10 22:53:04 [http-nio-8082-exec-8] INFO  c.w.product.aspect.LoggingAspect - ==> SERVICE METHOD CALLED: com.warehouse.product.service.ProductService.getAllProducts()
2026-05-10 22:53:04 [http-nio-8082-exec-8] INFO  c.w.product.aspect.LoggingAspect - ==> METHOD: getAllProducts() COMPLETED IN: 0 ms
2026-05-10 22:53:07 [http-nio-8082-exec-4] INFO  c.w.product.aspect.LoggingAspect - ==> API REQUEST: com.warehouse.product.controller.NotificationController.getNotifications()
2026-05-10 22:53:07 [http-nio-8082-exec-4] INFO  c.w.product.aspect.LoggingAspect - ==> SERVICE METHOD CALLED: com.warehouse.product.service.ProductService.getAllProducts()
2026-05-10 22:53:07 [http-nio-8082-exec-4] INFO  c.w.product.aspect.LoggingAspect - ==> METHOD: getAllProducts() COMPLETED IN: 4 ms
2026-05-10 22:53:08 [http-nio-8082-exec-7] INFO  c.w.product.aspect.LoggingAspect - ==> API REQUEST: com.warehouse.product.controller.NotificationController.getNotifications()
2026-05-10 22:53:08 [http-nio-8082-exec-7] INFO  c.w.product.aspect.LoggingAspect - ==> SERVICE METHOD CALLED: com.warehouse.product.service.ProductService.getAllProducts()
2026-05-10 22:53:08 [http-nio-8082-exec-7] INFO  c.w.product.aspect.LoggingAspect - ==> METHOD: getAllProducts() COMPLETED IN: 0 ms
2026-05-10 22:53:09 [http-nio-8082-exec-10] INFO  c.w.product.aspect.LoggingAspect - ==> API REQUEST: com.warehouse.product.controller.NotificationController.getNotifications()
2026-05-10 22:53:09 [http-nio-8082-exec-10] INFO  c.w.product.aspect.LoggingAspect - ==> SERVICE METHOD CALLED: com.warehouse.product.service.ProductService.getAllProducts()
2026-05-10 22:53:09 [http-nio-8082-exec-10] INFO  c.w.product.aspect.LoggingAspect - ==> METHOD: getAllProducts() COMPLETED IN: 6 ms
2026-05-10 22:53:09 [http-nio-8082-exec-1] INFO  c.w.product.aspect.LoggingAspect - ==> API REQUEST: com.warehouse.product.controller.NotificationController.getNotifications()
2026-05-10 22:53:09 [http-nio-8082-exec-1] INFO  c.w.product.aspect.LoggingAspect - ==> SERVICE METHOD CALLED: com.warehouse.product.service.ProductService.getAllProducts()
2026-05-10 22:53:09 [http-nio-8082-exec-1] INFO  c.w.product.aspect.LoggingAspect - ==> METHOD: getAllProducts() COMPLETED IN: 8 ms
2026-05-10 22:53:12 [http-nio-8082-exec-2] INFO  c.w.product.aspect.LoggingAspect - ==> API REQUEST: com.warehouse.product.controller.NotificationController.getNotifications()
2026-05-10 22:53:12 [http-nio-8082-exec-2] INFO  c.w.product.aspect.LoggingAspect - ==> SERVICE METHOD CALLED: com.warehouse.product.service.ProductService.getAllProducts()
2026-05-10 22:53:12 [http-nio-8082-exec-2] INFO  c.w.product.aspect.LoggingAspect - ==> METHOD: getAllProducts() COMPLETED IN: 14 ms
2026-05-10 22:53:12 [http-nio-8082-exec-3] INFO  c.w.product.aspect.LoggingAspect - ==> API REQUEST: com.warehouse.product.controller.NotificationController.getNotifications()
2026-05-10 22:53:12 [http-nio-8082-exec-3] INFO  c.w.product.aspect.LoggingAspect - ==> SERVICE METHOD CALLED: com.warehouse.product.service.ProductService.getAllProducts()
2026-05-10 22:53:12 [http-nio-8082-exec-3] INFO  c.w.product.aspect.LoggingAspect - ==> METHOD: getAllProducts() COMPLETED IN: 15 ms
2026-05-10 22:53:14 [http-nio-8082-exec-5] INFO  c.w.product.aspect.LoggingAspect - ==> API REQUEST: com.warehouse.product.controller.NotificationController.getNotifications()
2026-05-10 22:53:14 [http-nio-8082-exec-5] INFO  c.w.product.aspect.LoggingAspect - ==> SERVICE METHOD CALLED: com.warehouse.product.service.ProductService.getAllProducts()
2026-05-10 22:53:14 [http-nio-8082-exec-5] INFO  c.w.product.aspect.LoggingAspect - ==> METHOD: getAllProducts() COMPLETED IN: 11 ms
2026-05-10 22:53:15 [http-nio-8082-exec-6] INFO  c.w.product.aspect.LoggingAspect - ==> API REQUEST: com.warehouse.product.controller.NotificationController.getNotifications()
2026-05-10 22:53:15 [http-nio-8082-exec-6] INFO  c.w.product.aspect.LoggingAspect - ==> SERVICE METHOD CALLED: com.warehouse.product.service.ProductService.getAllProducts()
2026-05-10 22:53:15 [http-nio-8082-exec-6] INFO  c.w.product.aspect.LoggingAspect - ==> METHOD: getAllProducts() COMPLETED IN: 0 ms
2026-05-10 22:53:15 [http-nio-8082-exec-9] INFO  c.w.product.aspect.LoggingAspect - ==> API REQUEST: com.warehouse.product.controller.NotificationController.getNotifications()
2026-05-10 22:53:15 [http-nio-8082-exec-9] INFO  c.w.product.aspect.LoggingAspect - ==> SERVICE METHOD CALLED: com.warehouse.product.service.ProductService.getAllProducts()
2026-05-10 22:53:15 [http-nio-8082-exec-9] INFO  c.w.product.aspect.LoggingAspect - ==> METHOD: getAllProducts() COMPLETED IN: 0 ms
2026-05-10 22:53:25 [http-nio-8082-exec-8] INFO  c.w.product.aspect.LoggingAspect - ==> API REQUEST: com.warehouse.product.controller.NotificationController.getNotifications()
2026-05-10 22:53:25 [http-nio-8082-exec-8] INFO  c.w.product.aspect.LoggingAspect - ==> SERVICE METHOD CALLED: com.warehouse.product.service.ProductService.getAllProducts()
2026-05-10 22:53:25 [http-nio-8082-exec-8] INFO  c.w.product.aspect.LoggingAspect - ==> METHOD: getAllProducts() COMPLETED IN: 16 ms
2026-05-10 22:53:25 [http-nio-8082-exec-4] INFO  c.w.product.aspect.LoggingAspect - ==> API REQUEST: com.warehouse.product.controller.NotificationController.getNotifications()
2026-05-10 22:53:25 [http-nio-8082-exec-4] INFO  c.w.product.aspect.LoggingAspect - ==> SERVICE METHOD CALLED: com.warehouse.product.service.ProductService.getAllProducts()
2026-05-10 22:53:25 [http-nio-8082-exec-4] INFO  c.w.product.aspect.LoggingAspect - ==> METHOD: getAllProducts() COMPLETED IN: 12 ms
2026-05-10 22:53:34 [http-nio-8082-exec-7] INFO  c.w.product.aspect.LoggingAspect - ==> API REQUEST: com.warehouse.product.controller.NotificationController.getNotifications()
2026-05-10 22:53:34 [http-nio-8082-exec-7] INFO  c.w.product.aspect.LoggingAspect - ==> SERVICE METHOD CALLED: com.warehouse.product.service.ProductService.getAllProducts()
2026-05-10 22:53:34 [http-nio-8082-exec-7] INFO  c.w.product.aspect.LoggingAspect - ==> METHOD: getAllProducts() COMPLETED IN: 16 ms
2026-05-10 22:53:42 [http-nio-8082-exec-10] INFO  c.w.product.aspect.LoggingAspect - ==> API REQUEST: com.warehouse.product.controller.NotificationController.getNotifications()
2026-05-10 22:53:42 [http-nio-8082-exec-10] INFO  c.w.product.aspect.LoggingAspect - ==> SERVICE METHOD CALLED: com.warehouse.product.service.ProductService.getAllProducts()
2026-05-10 22:53:42 [http-nio-8082-exec-10] INFO  c.w.product.aspect.LoggingAspect - ==> METHOD: getAllProducts() COMPLETED IN: 14 ms
2026-05-10 22:53:47 [http-nio-8082-exec-1] INFO  c.w.product.aspect.LoggingAspect - ==> API REQUEST: com.warehouse.product.controller.NotificationController.getNotifications()
2026-05-10 22:53:47 [http-nio-8082-exec-1] INFO  c.w.product.aspect.LoggingAspect - ==> SERVICE METHOD CALLED: com.warehouse.product.service.ProductService.getAllProducts()
2026-05-10 22:53:47 [http-nio-8082-exec-1] INFO  c.w.product.aspect.LoggingAspect - ==> METHOD: getAllProducts() COMPLETED IN: 9 ms
2026-05-10 22:53:47 [http-nio-8082-exec-2] INFO  c.w.product.aspect.LoggingAspect - ==> API REQUEST: com.warehouse.product.controller.NotificationController.getNotifications()
2026-05-10 22:53:47 [http-nio-8082-exec-2] INFO  c.w.product.aspect.LoggingAspect - ==> SERVICE METHOD CALLED: com.warehouse.product.service.ProductService.getAllProducts()
2026-05-10 22:53:47 [http-nio-8082-exec-2] INFO  c.w.product.aspect.LoggingAspect - ==> METHOD: getAllProducts() COMPLETED IN: 7 ms
2026-05-10 22:53:47 [http-nio-8082-exec-3] INFO  c.w.product.aspect.LoggingAspect - ==> API REQUEST: com.warehouse.product.controller.NotificationController.getNotifications()
2026-05-10 22:53:47 [http-nio-8082-exec-3] INFO  c.w.product.aspect.LoggingAspect - ==> SERVICE METHOD CALLED: com.warehouse.product.service.ProductService.getAllProducts()
2026-05-10 22:53:47 [http-nio-8082-exec-3] INFO  c.w.product.aspect.LoggingAspect - ==> METHOD: getAllProducts() COMPLETED IN: 6 ms
2026-05-10 22:53:47 [http-nio-8082-exec-5] INFO  c.w.product.aspect.LoggingAspect - ==> API REQUEST: com.warehouse.product.controller.NotificationController.getNotifications()
2026-05-10 22:53:47 [http-nio-8082-exec-5] INFO  c.w.product.aspect.LoggingAspect - ==> SERVICE METHOD CALLED: com.warehouse.product.service.ProductService.getAllProducts()
2026-05-10 22:53:47 [http-nio-8082-exec-5] INFO  c.w.product.aspect.LoggingAspect - ==> METHOD: getAllProducts() COMPLETED IN: 5 ms
2026-05-10 22:53:47 [http-nio-8082-exec-6] INFO  c.w.product.aspect.LoggingAspect - ==> API REQUEST: com.warehouse.product.controller.NotificationController.getNotifications()
2026-05-10 22:53:47 [http-nio-8082-exec-6] INFO  c.w.product.aspect.LoggingAspect - ==> SERVICE METHOD CALLED: com.warehouse.product.service.ProductService.getAllProducts()
2026-05-10 22:53:47 [http-nio-8082-exec-6] INFO  c.w.product.aspect.LoggingAspect - ==> METHOD: getAllProducts() COMPLETED IN: 6 ms
2026-05-10 22:53:47 [http-nio-8082-exec-9] INFO  c.w.product.aspect.LoggingAspect - ==> API REQUEST: com.warehouse.product.controller.NotificationController.getNotifications()
2026-05-10 22:53:47 [http-nio-8082-exec-9] INFO  c.w.product.aspect.LoggingAspect - ==> SERVICE METHOD CALLED: com.warehouse.product.service.ProductService.getAllProducts()
2026-05-10 22:53:47 [http-nio-8082-exec-9] INFO  c.w.product.aspect.LoggingAspect - ==> METHOD: getAllProducts() COMPLETED IN: 9 ms
2026-05-10 22:53:47 [http-nio-8082-exec-8] INFO  c.w.product.aspect.LoggingAspect - ==> API REQUEST: com.warehouse.product.controller.NotificationController.getNotifications()
2026-05-10 22:53:47 [http-nio-8082-exec-8] INFO  c.w.product.aspect.LoggingAspect - ==> SERVICE METHOD CALLED: com.warehouse.product.service.ProductService.getAllProducts()
2026-05-10 22:53:47 [http-nio-8082-exec-8] INFO  c.w.product.aspect.LoggingAspect - ==> METHOD: getAllProducts() COMPLETED IN: 7 ms
2026-05-10 22:53:47 [http-nio-8082-exec-4] INFO  c.w.product.aspect.LoggingAspect - ==> API REQUEST: com.warehouse.product.controller.NotificationController.getNotifications()
2026-05-10 22:53:47 [http-nio-8082-exec-4] INFO  c.w.product.aspect.LoggingAspect - ==> SERVICE METHOD CALLED: com.warehouse.product.service.ProductService.getAllProducts()
2026-05-10 22:53:47 [http-nio-8082-exec-4] INFO  c.w.product.aspect.LoggingAspect - ==> METHOD: getAllProducts() COMPLETED IN: 7 ms
2026-05-10 22:53:47 [http-nio-8082-exec-7] INFO  c.w.product.aspect.LoggingAspect - ==> API REQUEST: com.warehouse.product.controller.NotificationController.getNotifications()
2026-05-10 22:53:47 [http-nio-8082-exec-7] INFO  c.w.product.aspect.LoggingAspect - ==> SERVICE METHOD CALLED: com.warehouse.product.service.ProductService.getAllProducts()
2026-05-10 22:53:47 [http-nio-8082-exec-7] INFO  c.w.product.aspect.LoggingAspect - ==> METHOD: getAllProducts() COMPLETED IN: 7 ms
2026-05-10 22:53:48 [http-nio-8082-exec-10] INFO  c.w.product.aspect.LoggingAspect - ==> API REQUEST: com.warehouse.product.controller.ProductController.getAllProducts()
2026-05-10 22:53:48 [http-nio-8082-exec-10] INFO  c.w.product.aspect.LoggingAspect - ==> SERVICE METHOD CALLED: com.warehouse.product.service.ProductService.getAllProducts()
2026-05-10 22:53:48 [http-nio-8082-exec-10] INFO  c.w.product.aspect.LoggingAspect - ==> METHOD: getAllProducts() COMPLETED IN: 9 ms
2026-05-10 22:53:48 [http-nio-8082-exec-1] INFO  c.w.product.aspect.LoggingAspect - ==> API REQUEST: com.warehouse.product.controller.NotificationController.getNotifications()
2026-05-10 22:53:48 [http-nio-8082-exec-1] INFO  c.w.product.aspect.LoggingAspect - ==> SERVICE METHOD CALLED: com.warehouse.product.service.ProductService.getAllProducts()
2026-05-10 22:53:48 [http-nio-8082-exec-1] INFO  c.w.product.aspect.LoggingAspect - ==> METHOD: getAllProducts() COMPLETED IN: 8 ms
2026-05-10 22:53:56 [http-nio-8082-exec-2] INFO  c.w.product.aspect.LoggingAspect - ==> API REQUEST: com.warehouse.product.controller.ProductController.getAllProducts()
2026-05-10 22:53:56 [http-nio-8082-exec-2] INFO  c.w.product.aspect.LoggingAspect - ==> SERVICE METHOD CALLED: com.warehouse.product.service.ProductService.getAllProducts()
2026-05-10 22:53:56 [http-nio-8082-exec-3] INFO  c.w.product.aspect.LoggingAspect - ==> API REQUEST: com.warehouse.product.controller.NotificationController.getNotifications()
2026-05-10 22:53:56 [http-nio-8082-exec-3] INFO  c.w.product.aspect.LoggingAspect - ==> SERVICE METHOD CALLED: com.warehouse.product.service.ProductService.getAllProducts()
2026-05-10 22:53:56 [http-nio-8082-exec-2] INFO  c.w.product.aspect.LoggingAspect - ==> METHOD: getAllProducts() COMPLETED IN: 9 ms
2026-05-10 22:53:56 [http-nio-8082-exec-3] INFO  c.w.product.aspect.LoggingAspect - ==> METHOD: getAllProducts() COMPLETED IN: 7 ms
2026-05-10 22:54:26 [http-nio-8082-exec-5] INFO  c.w.product.aspect.LoggingAspect - ==> API REQUEST: com.warehouse.product.controller.NotificationController.getNotifications()
2026-05-10 22:54:26 [http-nio-8082-exec-5] INFO  c.w.product.aspect.LoggingAspect - ==> SERVICE METHOD CALLED: com.warehouse.product.service.ProductService.getAllProducts()
2026-05-10 22:54:26 [http-nio-8082-exec-5] INFO  c.w.product.aspect.LoggingAspect - ==> METHOD: getAllProducts() COMPLETED IN: 4 ms
2026-05-10 22:54:32 [http-nio-8082-exec-6] INFO  c.w.product.aspect.LoggingAspect - ==> API REQUEST: com.warehouse.product.controller.NotificationController.getNotifications()
2026-05-10 22:54:32 [http-nio-8082-exec-6] INFO  c.w.product.aspect.LoggingAspect - ==> SERVICE METHOD CALLED: com.warehouse.product.service.ProductService.getAllProducts()
2026-05-10 22:54:32 [http-nio-8082-exec-6] INFO  c.w.product.aspect.LoggingAspect - ==> METHOD: getAllProducts() COMPLETED IN: 0 ms
2026-05-10 22:54:42 [http-nio-8082-exec-9] INFO  c.w.product.aspect.LoggingAspect - ==> API REQUEST: com.warehouse.product.controller.ProductController.getAllProducts()
2026-05-10 22:54:42 [http-nio-8082-exec-9] INFO  c.w.product.aspect.LoggingAspect - ==> SERVICE METHOD CALLED: com.warehouse.product.service.ProductService.getAllProducts()
2026-05-10 22:54:42 [http-nio-8082-exec-8] INFO  c.w.product.aspect.LoggingAspect - ==> API REQUEST: com.warehouse.product.controller.NotificationController.getNotifications()
2026-05-10 22:54:42 [http-nio-8082-exec-8] INFO  c.w.product.aspect.LoggingAspect - ==> SERVICE METHOD CALLED: com.warehouse.product.service.ProductService.getAllProducts()
2026-05-10 22:54:42 [http-nio-8082-exec-9] INFO  c.w.product.aspect.LoggingAspect - ==> METHOD: getAllProducts() COMPLETED IN: 5 ms
2026-05-10 22:54:42 [http-nio-8082-exec-8] INFO  c.w.product.aspect.LoggingAspect - ==> METHOD: getAllProducts() COMPLETED IN: 28 ms
2026-05-10 22:55:12 [http-nio-8082-exec-4] INFO  c.w.product.aspect.LoggingAspect - ==> API REQUEST: com.warehouse.product.controller.NotificationController.getNotifications()
2026-05-10 22:55:12 [http-nio-8082-exec-4] INFO  c.w.product.aspect.LoggingAspect - ==> SERVICE METHOD CALLED: com.warehouse.product.service.ProductService.getAllProducts()
2026-05-10 22:55:12 [http-nio-8082-exec-4] INFO  c.w.product.aspect.LoggingAspect - ==> METHOD: getAllProducts() COMPLETED IN: 9 ms
2026-05-10 22:55:34 [http-nio-8082-exec-7] INFO  c.w.product.aspect.LoggingAspect - ==> API REQUEST: com.warehouse.product.controller.ProductController.getAllProducts()
2026-05-10 22:55:34 [http-nio-8082-exec-7] INFO  c.w.product.aspect.LoggingAspect - ==> SERVICE METHOD CALLED: com.warehouse.product.service.ProductService.getAllProducts()
2026-05-10 22:55:34 [http-nio-8082-exec-7] INFO  c.w.product.aspect.LoggingAspect - ==> METHOD: getAllProducts() COMPLETED IN: 17 ms
2026-05-10 22:55:34 [http-nio-8082-exec-10] INFO  c.w.product.aspect.LoggingAspect - ==> API REQUEST: com.warehouse.product.controller.NotificationController.getNotifications()
2026-05-10 22:55:34 [http-nio-8082-exec-10] INFO  c.w.product.aspect.LoggingAspect - ==> SERVICE METHOD CALLED: com.warehouse.product.service.ProductService.getAllProducts()
2026-05-10 22:55:34 [http-nio-8082-exec-10] INFO  c.w.product.aspect.LoggingAspect - ==> METHOD: getAllProducts() COMPLETED IN: 0 ms
2026-05-10 22:55:47 [http-nio-8082-exec-1] INFO  c.w.product.aspect.LoggingAspect - ==> API REQUEST: com.warehouse.product.controller.ProductController.getAllProducts()
2026-05-10 22:55:47 [http-nio-8082-exec-1] INFO  c.w.product.aspect.LoggingAspect - ==> SERVICE METHOD CALLED: com.warehouse.product.service.ProductService.getAllProducts()
2026-05-10 22:55:47 [http-nio-8082-exec-1] INFO  c.w.product.aspect.LoggingAspect - ==> METHOD: getAllProducts() COMPLETED IN: 7 ms
2026-05-10 22:55:47 [http-nio-8082-exec-3] INFO  c.w.product.aspect.LoggingAspect - ==> API REQUEST: com.warehouse.product.controller.NotificationController.getNotifications()
2026-05-10 22:55:47 [http-nio-8082-exec-3] INFO  c.w.product.aspect.LoggingAspect - ==> SERVICE METHOD CALLED: com.warehouse.product.service.ProductService.getAllProducts()
2026-05-10 22:55:47 [http-nio-8082-exec-3] INFO  c.w.product.aspect.LoggingAspect - ==> METHOD: getAllProducts() COMPLETED IN: 5 ms
2026-05-10 22:56:07 [http-nio-8082-exec-2] INFO  c.w.product.aspect.LoggingAspect - ==> API REQUEST: com.warehouse.product.controller.ProductController.getAllProducts()
2026-05-10 22:56:07 [http-nio-8082-exec-2] INFO  c.w.product.aspect.LoggingAspect - ==> SERVICE METHOD CALLED: com.warehouse.product.service.ProductService.getAllProducts()
2026-05-10 22:56:07 [http-nio-8082-exec-2] INFO  c.w.product.aspect.LoggingAspect - ==> METHOD: getAllProducts() COMPLETED IN: 15 ms
2026-05-10 22:56:07 [http-nio-8082-exec-5] INFO  c.w.product.aspect.LoggingAspect - ==> API REQUEST: com.warehouse.product.controller.NotificationController.getNotifications()
2026-05-10 22:56:07 [http-nio-8082-exec-5] INFO  c.w.product.aspect.LoggingAspect - ==> SERVICE METHOD CALLED: com.warehouse.product.service.ProductService.getAllProducts()
2026-05-10 22:56:07 [http-nio-8082-exec-5] INFO  c.w.product.aspect.LoggingAspect - ==> METHOD: getAllProducts() COMPLETED IN: 0 ms
2026-05-10 22:56:37 [http-nio-8082-exec-6] INFO  c.w.product.aspect.LoggingAspect - ==> API REQUEST: com.warehouse.product.controller.NotificationController.getNotifications()
2026-05-10 22:56:37 [http-nio-8082-exec-6] INFO  c.w.product.aspect.LoggingAspect - ==> SERVICE METHOD CALLED: com.warehouse.product.service.ProductService.getAllProducts()
2026-05-10 22:56:37 [http-nio-8082-exec-6] INFO  c.w.product.aspect.LoggingAspect - ==> METHOD: getAllProducts() COMPLETED IN: 8 ms
2026-05-10 22:57:43 [http-nio-8082-exec-4] INFO  c.w.product.aspect.LoggingAspect - ==> API REQUEST: com.warehouse.product.controller.ProductController.getAllProducts()
2026-05-10 22:57:43 [http-nio-8082-exec-7] INFO  c.w.product.aspect.LoggingAspect - ==> API REQUEST: com.warehouse.product.controller.NotificationController.getNotifications()
2026-05-10 22:57:43 [http-nio-8082-exec-4] INFO  c.w.product.aspect.LoggingAspect - ==> SERVICE METHOD CALLED: com.warehouse.product.service.ProductService.getAllProducts()
2026-05-10 22:57:43 [http-nio-8082-exec-7] INFO  c.w.product.aspect.LoggingAspect - ==> SERVICE METHOD CALLED: com.warehouse.product.service.ProductService.getAllProducts()
2026-05-10 22:57:43 [http-nio-8082-exec-7] INFO  c.w.product.aspect.LoggingAspect - ==> METHOD: getAllProducts() COMPLETED IN: 10 ms
2026-05-10 22:57:43 [http-nio-8082-exec-4] INFO  c.w.product.aspect.LoggingAspect - ==> METHOD: getAllProducts() COMPLETED IN: 14 ms
2026-05-10 22:57:55 [http-nio-8082-exec-10] INFO  c.w.product.aspect.LoggingAspect - ==> API REQUEST: com.warehouse.product.controller.NotificationController.getNotifications()
2026-05-10 22:57:55 [http-nio-8082-exec-10] INFO  c.w.product.aspect.LoggingAspect - ==> SERVICE METHOD CALLED: com.warehouse.product.service.ProductService.getAllProducts()
2026-05-10 22:57:55 [http-nio-8082-exec-10] INFO  c.w.product.aspect.LoggingAspect - ==> METHOD: getAllProducts() COMPLETED IN: 7 ms
2026-05-10 22:57:58 [http-nio-8082-exec-1] INFO  c.w.product.aspect.LoggingAspect - ==> API REQUEST: com.warehouse.product.controller.ProductController.getAllProducts()
2026-05-10 22:57:58 [http-nio-8082-exec-1] INFO  c.w.product.aspect.LoggingAspect - ==> SERVICE METHOD CALLED: com.warehouse.product.service.ProductService.getAllProducts()
2026-05-10 22:57:58 [http-nio-8082-exec-3] INFO  c.w.product.aspect.LoggingAspect - ==> API REQUEST: com.warehouse.product.controller.NotificationController.getNotifications()
2026-05-10 22:57:58 [http-nio-8082-exec-3] INFO  c.w.product.aspect.LoggingAspect - ==> SERVICE METHOD CALLED: com.warehouse.product.service.ProductService.getAllProducts()
2026-05-10 22:57:58 [http-nio-8082-exec-1] INFO  c.w.product.aspect.LoggingAspect - ==> METHOD: getAllProducts() COMPLETED IN: 6 ms
2026-05-10 22:57:58 [http-nio-8082-exec-3] INFO  c.w.product.aspect.LoggingAspect - ==> METHOD: getAllProducts() COMPLETED IN: 6 ms
2026-05-10 22:58:00 [http-nio-8082-exec-2] INFO  c.w.product.aspect.LoggingAspect - ==> API REQUEST: com.warehouse.product.controller.NotificationController.getNotifications()
2026-05-10 22:58:00 [http-nio-8082-exec-2] INFO  c.w.product.aspect.LoggingAspect - ==> SERVICE METHOD CALLED: com.warehouse.product.service.ProductService.getAllProducts()
2026-05-10 22:58:00 [http-nio-8082-exec-2] INFO  c.w.product.aspect.LoggingAspect - ==> METHOD: getAllProducts() COMPLETED IN: 9 ms
2026-05-10 22:58:01 [http-nio-8082-exec-5] INFO  c.w.product.aspect.LoggingAspect - ==> API REQUEST: com.warehouse.product.controller.ProductController.getAllProducts()
2026-05-10 22:58:01 [http-nio-8082-exec-5] INFO  c.w.product.aspect.LoggingAspect - ==> SERVICE METHOD CALLED: com.warehouse.product.service.ProductService.getAllProducts()
2026-05-10 22:58:01 [http-nio-8082-exec-6] INFO  c.w.product.aspect.LoggingAspect - ==> API REQUEST: com.warehouse.product.controller.NotificationController.getNotifications()
2026-05-10 22:58:01 [http-nio-8082-exec-6] INFO  c.w.product.aspect.LoggingAspect - ==> SERVICE METHOD CALLED: com.warehouse.product.service.ProductService.getAllProducts()
2026-05-10 22:58:01 [http-nio-8082-exec-5] INFO  c.w.product.aspect.LoggingAspect - ==> METHOD: getAllProducts() COMPLETED IN: 13 ms
2026-05-10 22:58:01 [http-nio-8082-exec-6] INFO  c.w.product.aspect.LoggingAspect - ==> METHOD: getAllProducts() COMPLETED IN: 16 ms
2026-05-10 22:58:05 [http-nio-8082-exec-9] INFO  c.w.product.aspect.LoggingAspect - ==> API REQUEST: com.warehouse.product.controller.NotificationController.getNotifications()
2026-05-10 22:58:05 [http-nio-8082-exec-9] INFO  c.w.product.aspect.LoggingAspect - ==> SERVICE METHOD CALLED: com.warehouse.product.service.ProductService.getAllProducts()
2026-05-10 22:58:05 [http-nio-8082-exec-9] INFO  c.w.product.aspect.LoggingAspect - ==> METHOD: getAllProducts() COMPLETED IN: 8 ms
2026-05-10 22:58:09 [http-nio-8082-exec-8] INFO  c.w.product.aspect.LoggingAspect - ==> API REQUEST: com.warehouse.product.controller.ProductController.getAllProducts()
2026-05-10 22:58:09 [http-nio-8082-exec-8] INFO  c.w.product.aspect.LoggingAspect - ==> SERVICE METHOD CALLED: com.warehouse.product.service.ProductService.getAllProducts()
2026-05-10 22:58:09 [http-nio-8082-exec-7] INFO  c.w.product.aspect.LoggingAspect - ==> API REQUEST: com.warehouse.product.controller.NotificationController.getNotifications()
2026-05-10 22:58:09 [http-nio-8082-exec-7] INFO  c.w.product.aspect.LoggingAspect - ==> SERVICE METHOD CALLED: com.warehouse.product.service.ProductService.getAllProducts()
2026-05-10 22:58:09 [http-nio-8082-exec-7] INFO  c.w.product.aspect.LoggingAspect - ==> METHOD: getAllProducts() COMPLETED IN: 6 ms
2026-05-10 22:58:09 [http-nio-8082-exec-8] INFO  c.w.product.aspect.LoggingAspect - ==> METHOD: getAllProducts() COMPLETED IN: 8 ms
2026-05-10 22:58:10 [http-nio-8082-exec-4] INFO  c.w.product.aspect.LoggingAspect - ==> API REQUEST: com.warehouse.product.controller.ProductController.getAllProducts()
2026-05-10 22:58:10 [http-nio-8082-exec-4] INFO  c.w.product.aspect.LoggingAspect - ==> SERVICE METHOD CALLED: com.warehouse.product.service.ProductService.getAllProducts()
2026-05-10 22:58:10 [http-nio-8082-exec-10] INFO  c.w.product.aspect.LoggingAspect - ==> API REQUEST: com.warehouse.product.controller.NotificationController.getNotifications()
2026-05-10 22:58:10 [http-nio-8082-exec-10] INFO  c.w.product.aspect.LoggingAspect - ==> SERVICE METHOD CALLED: com.warehouse.product.service.ProductService.getAllProducts()
2026-05-10 22:58:10 [http-nio-8082-exec-4] INFO  c.w.product.aspect.LoggingAspect - ==> METHOD: getAllProducts() COMPLETED IN: 8 ms
2026-05-10 22:58:10 [http-nio-8082-exec-10] INFO  c.w.product.aspect.LoggingAspect - ==> METHOD: getAllProducts() COMPLETED IN: 10 ms
2026-05-10 22:58:13 [http-nio-8082-exec-1] INFO  c.w.product.aspect.LoggingAspect - ==> API REQUEST: com.warehouse.product.controller.NotificationController.getNotifications()
2026-05-10 22:58:13 [http-nio-8082-exec-1] INFO  c.w.product.aspect.LoggingAspect - ==> SERVICE METHOD CALLED: com.warehouse.product.service.ProductService.getAllProducts()
2026-05-10 22:58:13 [http-nio-8082-exec-1] INFO  c.w.product.aspect.LoggingAspect - ==> METHOD: getAllProducts() COMPLETED IN: 5 ms
2026-05-10 22:58:25 [http-nio-8082-exec-3] INFO  c.w.product.aspect.LoggingAspect - ==> API REQUEST: com.warehouse.product.controller.NotificationController.getNotifications()
2026-05-10 22:58:25 [http-nio-8082-exec-3] INFO  c.w.product.aspect.LoggingAspect - ==> SERVICE METHOD CALLED: com.warehouse.product.service.ProductService.getAllProducts()
2026-05-10 22:58:25 [http-nio-8082-exec-3] INFO  c.w.product.aspect.LoggingAspect - ==> METHOD: getAllProducts() COMPLETED IN: 5 ms
2026-05-10 22:58:28 [http-nio-8082-exec-2] INFO  c.w.product.aspect.LoggingAspect - ==> API REQUEST: com.warehouse.product.controller.NotificationController.getNotifications()
2026-05-10 22:58:28 [http-nio-8082-exec-2] INFO  c.w.product.aspect.LoggingAspect - ==> SERVICE METHOD CALLED: com.warehouse.product.service.ProductService.getAllProducts()
2026-05-10 22:58:28 [http-nio-8082-exec-2] INFO  c.w.product.aspect.LoggingAspect - ==> METHOD: getAllProducts() COMPLETED IN: 7 ms
2026-05-10 22:58:30 [http-nio-8082-exec-5] INFO  c.w.product.aspect.LoggingAspect - ==> API REQUEST: com.warehouse.product.controller.NotificationController.getNotifications()
2026-05-10 22:58:30 [http-nio-8082-exec-5] INFO  c.w.product.aspect.LoggingAspect - ==> SERVICE METHOD CALLED: com.warehouse.product.service.ProductService.getAllProducts()
2026-05-10 22:58:30 [http-nio-8082-exec-5] INFO  c.w.product.aspect.LoggingAspect - ==> METHOD: getAllProducts() COMPLETED IN: 16 ms
2026-05-10 22:58:31 [http-nio-8082-exec-6] INFO  c.w.product.aspect.LoggingAspect - ==> API REQUEST: com.warehouse.product.controller.NotificationController.getNotifications()
2026-05-10 22:58:31 [http-nio-8082-exec-6] INFO  c.w.product.aspect.LoggingAspect - ==> SERVICE METHOD CALLED: com.warehouse.product.service.ProductService.getAllProducts()
2026-05-10 22:58:31 [http-nio-8082-exec-6] INFO  c.w.product.aspect.LoggingAspect - ==> METHOD: getAllProducts() COMPLETED IN: 15 ms
2026-05-10 22:58:35 [http-nio-8082-exec-9] INFO  c.w.product.aspect.LoggingAspect - ==> API REQUEST: com.warehouse.product.controller.NotificationController.getNotifications()
2026-05-10 22:58:35 [http-nio-8082-exec-9] INFO  c.w.product.aspect.LoggingAspect - ==> SERVICE METHOD CALLED: com.warehouse.product.service.ProductService.getAllProducts()
2026-05-10 22:58:35 [http-nio-8082-exec-9] INFO  c.w.product.aspect.LoggingAspect - ==> METHOD: getAllProducts() COMPLETED IN: 15 ms
2026-05-10 22:58:39 [http-nio-8082-exec-7] INFO  c.w.product.aspect.LoggingAspect - ==> API REQUEST: com.warehouse.product.controller.NotificationController.getNotifications()
2026-05-10 22:58:39 [http-nio-8082-exec-7] INFO  c.w.product.aspect.LoggingAspect - ==> SERVICE METHOD CALLED: com.warehouse.product.service.ProductService.getAllProducts()
2026-05-10 22:58:39 [http-nio-8082-exec-7] INFO  c.w.product.aspect.LoggingAspect - ==> METHOD: getAllProducts() COMPLETED IN: 14 ms
2026-05-10 22:58:40 [http-nio-8082-exec-8] INFO  c.w.product.aspect.LoggingAspect - ==> API REQUEST: com.warehouse.product.controller.NotificationController.getNotifications()
2026-05-10 22:58:40 [http-nio-8082-exec-8] INFO  c.w.product.aspect.LoggingAspect - ==> SERVICE METHOD CALLED: com.warehouse.product.service.ProductService.getAllProducts()
2026-05-10 22:58:40 [http-nio-8082-exec-8] INFO  c.w.product.aspect.LoggingAspect - ==> METHOD: getAllProducts() COMPLETED IN: 16 ms
2026-05-10 22:58:44 [http-nio-8082-exec-4] INFO  c.w.product.aspect.LoggingAspect - ==> API REQUEST: com.warehouse.product.controller.NotificationController.getNotifications()
2026-05-10 22:58:44 [http-nio-8082-exec-4] INFO  c.w.product.aspect.LoggingAspect - ==> SERVICE METHOD CALLED: com.warehouse.product.service.ProductService.getAllProducts()
2026-05-10 22:58:44 [http-nio-8082-exec-4] INFO  c.w.product.aspect.LoggingAspect - ==> METHOD: getAllProducts() COMPLETED IN: 10 ms
2026-05-10 22:58:56 [http-nio-8082-exec-10] INFO  c.w.product.aspect.LoggingAspect - ==> API REQUEST: com.warehouse.product.controller.NotificationController.getNotifications()
2026-05-10 22:58:56 [http-nio-8082-exec-10] INFO  c.w.product.aspect.LoggingAspect - ==> SERVICE METHOD CALLED: com.warehouse.product.service.ProductService.getAllProducts()
2026-05-10 22:58:56 [http-nio-8082-exec-10] INFO  c.w.product.aspect.LoggingAspect - ==> METHOD: getAllProducts() COMPLETED IN: 16 ms
2026-05-10 22:58:58 [http-nio-8082-exec-1] INFO  c.w.product.aspect.LoggingAspect - ==> API REQUEST: com.warehouse.product.controller.NotificationController.getNotifications()
2026-05-10 22:58:58 [http-nio-8082-exec-1] INFO  c.w.product.aspect.LoggingAspect - ==> SERVICE METHOD CALLED: com.warehouse.product.service.ProductService.getAllProducts()
2026-05-10 22:58:58 [http-nio-8082-exec-1] INFO  c.w.product.aspect.LoggingAspect - ==> METHOD: getAllProducts() COMPLETED IN: 15 ms
2026-05-10 22:59:00 [http-nio-8082-exec-3] INFO  c.w.product.aspect.LoggingAspect - ==> API REQUEST: com.warehouse.product.controller.NotificationController.getNotifications()
2026-05-10 22:59:00 [http-nio-8082-exec-3] INFO  c.w.product.aspect.LoggingAspect - ==> SERVICE METHOD CALLED: com.warehouse.product.service.ProductService.getAllProducts()
2026-05-10 22:59:00 [http-nio-8082-exec-3] INFO  c.w.product.aspect.LoggingAspect - ==> METHOD: getAllProducts() COMPLETED IN: 16 ms
2026-05-10 22:59:01 [http-nio-8082-exec-2] INFO  c.w.product.aspect.LoggingAspect - ==> API REQUEST: com.warehouse.product.controller.NotificationController.getNotifications()
2026-05-10 22:59:01 [http-nio-8082-exec-2] INFO  c.w.product.aspect.LoggingAspect - ==> SERVICE METHOD CALLED: com.warehouse.product.service.ProductService.getAllProducts()
2026-05-10 22:59:01 [http-nio-8082-exec-2] INFO  c.w.product.aspect.LoggingAspect - ==> METHOD: getAllProducts() COMPLETED IN: 16 ms
2026-05-10 22:59:05 [http-nio-8082-exec-5] INFO  c.w.product.aspect.LoggingAspect - ==> API REQUEST: com.warehouse.product.controller.NotificationController.getNotifications()
2026-05-10 22:59:05 [http-nio-8082-exec-5] INFO  c.w.product.aspect.LoggingAspect - ==> SERVICE METHOD CALLED: com.warehouse.product.service.ProductService.getAllProducts()
2026-05-10 22:59:05 [http-nio-8082-exec-5] INFO  c.w.product.aspect.LoggingAspect - ==> METHOD: getAllProducts() COMPLETED IN: 0 ms
2026-05-10 22:59:09 [http-nio-8082-exec-6] INFO  c.w.product.aspect.LoggingAspect - ==> API REQUEST: com.warehouse.product.controller.NotificationController.getNotifications()
2026-05-10 22:59:09 [http-nio-8082-exec-6] INFO  c.w.product.aspect.LoggingAspect - ==> SERVICE METHOD CALLED: com.warehouse.product.service.ProductService.getAllProducts()
2026-05-10 22:59:09 [http-nio-8082-exec-6] INFO  c.w.product.aspect.LoggingAspect - ==> METHOD: getAllProducts() COMPLETED IN: 11 ms
2026-05-10 22:59:10 [http-nio-8082-exec-9] INFO  c.w.product.aspect.LoggingAspect - ==> API REQUEST: com.warehouse.product.controller.NotificationController.getNotifications()
2026-05-10 22:59:10 [http-nio-8082-exec-9] INFO  c.w.product.aspect.LoggingAspect - ==> SERVICE METHOD CALLED: com.warehouse.product.service.ProductService.getAllProducts()
2026-05-10 22:59:10 [http-nio-8082-exec-9] INFO  c.w.product.aspect.LoggingAspect - ==> METHOD: getAllProducts() COMPLETED IN: 11 ms
2026-05-10 22:59:14 [http-nio-8082-exec-7] INFO  c.w.product.aspect.LoggingAspect - ==> API REQUEST: com.warehouse.product.controller.NotificationController.getNotifications()
2026-05-10 22:59:14 [http-nio-8082-exec-7] INFO  c.w.product.aspect.LoggingAspect - ==> SERVICE METHOD CALLED: com.warehouse.product.service.ProductService.getAllProducts()
2026-05-10 22:59:14 [http-nio-8082-exec-7] INFO  c.w.product.aspect.LoggingAspect - ==> METHOD: getAllProducts() COMPLETED IN: 3 ms
2026-05-10 22:59:26 [http-nio-8082-exec-8] INFO  c.w.product.aspect.LoggingAspect - ==> API REQUEST: com.warehouse.product.controller.NotificationController.getNotifications()
2026-05-10 22:59:26 [http-nio-8082-exec-8] INFO  c.w.product.aspect.LoggingAspect - ==> SERVICE METHOD CALLED: com.warehouse.product.service.ProductService.getAllProducts()
2026-05-10 22:59:26 [http-nio-8082-exec-8] INFO  c.w.product.aspect.LoggingAspect - ==> METHOD: getAllProducts() COMPLETED IN: 12 ms
2026-05-10 22:59:28 [http-nio-8082-exec-4] INFO  c.w.product.aspect.LoggingAspect - ==> API REQUEST: com.warehouse.product.controller.NotificationController.getNotifications()
2026-05-10 22:59:28 [http-nio-8082-exec-4] INFO  c.w.product.aspect.LoggingAspect - ==> SERVICE METHOD CALLED: com.warehouse.product.service.ProductService.getAllProducts()
2026-05-10 22:59:28 [http-nio-8082-exec-4] INFO  c.w.product.aspect.LoggingAspect - ==> METHOD: getAllProducts() COMPLETED IN: 17 ms
2026-05-10 22:59:30 [http-nio-8082-exec-10] INFO  c.w.product.aspect.LoggingAspect - ==> API REQUEST: com.warehouse.product.controller.NotificationController.getNotifications()
2026-05-10 22:59:30 [http-nio-8082-exec-10] INFO  c.w.product.aspect.LoggingAspect - ==> SERVICE METHOD CALLED: com.warehouse.product.service.ProductService.getAllProducts()
2026-05-10 22:59:30 [http-nio-8082-exec-10] INFO  c.w.product.aspect.LoggingAspect - ==> METHOD: getAllProducts() COMPLETED IN: 16 ms
2026-05-10 22:59:31 [http-nio-8082-exec-1] INFO  c.w.product.aspect.LoggingAspect - ==> API REQUEST: com.warehouse.product.controller.NotificationController.getNotifications()
2026-05-10 22:59:31 [http-nio-8082-exec-1] INFO  c.w.product.aspect.LoggingAspect - ==> SERVICE METHOD CALLED: com.warehouse.product.service.ProductService.getAllProducts()
2026-05-10 22:59:31 [http-nio-8082-exec-1] INFO  c.w.product.aspect.LoggingAspect - ==> METHOD: getAllProducts() COMPLETED IN: 18 ms
2026-05-10 22:59:35 [http-nio-8082-exec-3] INFO  c.w.product.aspect.LoggingAspect - ==> API REQUEST: com.warehouse.product.controller.NotificationController.getNotifications()
2026-05-10 22:59:35 [http-nio-8082-exec-3] INFO  c.w.product.aspect.LoggingAspect - ==> SERVICE METHOD CALLED: com.warehouse.product.service.ProductService.getAllProducts()
2026-05-10 22:59:35 [http-nio-8082-exec-3] INFO  c.w.product.aspect.LoggingAspect - ==> METHOD: getAllProducts() COMPLETED IN: 3 ms
2026-05-10 22:59:39 [http-nio-8082-exec-2] INFO  c.w.product.aspect.LoggingAspect - ==> API REQUEST: com.warehouse.product.controller.NotificationController.getNotifications()
2026-05-10 22:59:39 [http-nio-8082-exec-2] INFO  c.w.product.aspect.LoggingAspect - ==> SERVICE METHOD CALLED: com.warehouse.product.service.ProductService.getAllProducts()
2026-05-10 22:59:39 [http-nio-8082-exec-2] INFO  c.w.product.aspect.LoggingAspect - ==> METHOD: getAllProducts() COMPLETED IN: 16 ms
2026-05-10 22:59:40 [http-nio-8082-exec-5] INFO  c.w.product.aspect.LoggingAspect - ==> API REQUEST: com.warehouse.product.controller.NotificationController.getNotifications()
2026-05-10 22:59:40 [http-nio-8082-exec-5] INFO  c.w.product.aspect.LoggingAspect - ==> SERVICE METHOD CALLED: com.warehouse.product.service.ProductService.getAllProducts()
2026-05-10 22:59:40 [http-nio-8082-exec-5] INFO  c.w.product.aspect.LoggingAspect - ==> METHOD: getAllProducts() COMPLETED IN: 16 ms
2026-05-10 22:59:44 [http-nio-8082-exec-6] INFO  c.w.product.aspect.LoggingAspect - ==> API REQUEST: com.warehouse.product.controller.NotificationController.getNotifications()
2026-05-10 22:59:44 [http-nio-8082-exec-6] INFO  c.w.product.aspect.LoggingAspect - ==> SERVICE METHOD CALLED: com.warehouse.product.service.ProductService.getAllProducts()
2026-05-10 22:59:44 [http-nio-8082-exec-6] INFO  c.w.product.aspect.LoggingAspect - ==> METHOD: getAllProducts() COMPLETED IN: 16 ms
2026-05-10 22:59:56 [http-nio-8082-exec-9] INFO  c.w.product.aspect.LoggingAspect - ==> API REQUEST: com.warehouse.product.controller.NotificationController.getNotifications()
2026-05-10 22:59:56 [http-nio-8082-exec-9] INFO  c.w.product.aspect.LoggingAspect - ==> SERVICE METHOD CALLED: com.warehouse.product.service.ProductService.getAllProducts()
2026-05-10 22:59:56 [http-nio-8082-exec-9] INFO  c.w.product.aspect.LoggingAspect - ==> METHOD: getAllProducts() COMPLETED IN: 9 ms
2026-05-10 22:59:58 [http-nio-8082-exec-7] INFO  c.w.product.aspect.LoggingAspect - ==> API REQUEST: com.warehouse.product.controller.NotificationController.getNotifications()
2026-05-10 22:59:58 [http-nio-8082-exec-7] INFO  c.w.product.aspect.LoggingAspect - ==> SERVICE METHOD CALLED: com.warehouse.product.service.ProductService.getAllProducts()
2026-05-10 22:59:58 [http-nio-8082-exec-7] INFO  c.w.product.aspect.LoggingAspect - ==> METHOD: getAllProducts() COMPLETED IN: 16 ms
2026-05-10 23:00:00 [http-nio-8082-exec-8] INFO  c.w.product.aspect.LoggingAspect - ==> API REQUEST: com.warehouse.product.controller.NotificationController.getNotifications()
2026-05-10 23:00:00 [http-nio-8082-exec-8] INFO  c.w.product.aspect.LoggingAspect - ==> SERVICE METHOD CALLED: com.warehouse.product.service.ProductService.getAllProducts()
2026-05-10 23:00:00 [http-nio-8082-exec-8] INFO  c.w.product.aspect.LoggingAspect - ==> METHOD: getAllProducts() COMPLETED IN: 6 ms
2026-05-10 23:00:01 [http-nio-8082-exec-4] INFO  c.w.product.aspect.LoggingAspect - ==> API REQUEST: com.warehouse.product.controller.NotificationController.getNotifications()
2026-05-10 23:00:01 [http-nio-8082-exec-4] INFO  c.w.product.aspect.LoggingAspect - ==> SERVICE METHOD CALLED: com.warehouse.product.service.ProductService.getAllProducts()
2026-05-10 23:00:01 [http-nio-8082-exec-4] INFO  c.w.product.aspect.LoggingAspect - ==> METHOD: getAllProducts() COMPLETED IN: 11 ms
2026-05-10 23:00:01 [http-nio-8082-exec-10] INFO  c.w.product.aspect.LoggingAspect - ==> API REQUEST: com.warehouse.product.controller.ProductController.getAllProducts()
2026-05-10 23:00:01 [http-nio-8082-exec-1] INFO  c.w.product.aspect.LoggingAspect - ==> API REQUEST: com.warehouse.product.controller.NotificationController.getNotifications()
2026-05-10 23:00:01 [http-nio-8082-exec-10] INFO  c.w.product.aspect.LoggingAspect - ==> SERVICE METHOD CALLED: com.warehouse.product.service.ProductService.getAllProducts()
2026-05-10 23:00:01 [http-nio-8082-exec-1] INFO  c.w.product.aspect.LoggingAspect - ==> SERVICE METHOD CALLED: com.warehouse.product.service.ProductService.getAllProducts()
2026-05-10 23:00:02 [http-nio-8082-exec-1] INFO  c.w.product.aspect.LoggingAspect - ==> METHOD: getAllProducts() COMPLETED IN: 46 ms
2026-05-10 23:00:02 [http-nio-8082-exec-10] INFO  c.w.product.aspect.LoggingAspect - ==> METHOD: getAllProducts() COMPLETED IN: 62 ms
2026-05-10 23:00:31 [http-nio-8082-exec-3] INFO  c.w.product.aspect.LoggingAspect - ==> API REQUEST: com.warehouse.product.controller.NotificationController.getNotifications()
2026-05-10 23:00:31 [http-nio-8082-exec-3] INFO  c.w.product.aspect.LoggingAspect - ==> SERVICE METHOD CALLED: com.warehouse.product.service.ProductService.getAllProducts()
2026-05-10 23:00:31 [http-nio-8082-exec-3] INFO  c.w.product.aspect.LoggingAspect - ==> METHOD: getAllProducts() COMPLETED IN: 6 ms
2026-05-10 23:00:33 [http-nio-8082-exec-2] INFO  c.w.product.aspect.LoggingAspect - ==> API REQUEST: com.warehouse.product.controller.ProductController.getAllProducts()
2026-05-10 23:00:33 [http-nio-8082-exec-5] INFO  c.w.product.aspect.LoggingAspect - ==> API REQUEST: com.warehouse.product.controller.NotificationController.getNotifications()
2026-05-10 23:00:33 [http-nio-8082-exec-2] INFO  c.w.product.aspect.LoggingAspect - ==> SERVICE METHOD CALLED: com.warehouse.product.service.ProductService.getAllProducts()
2026-05-10 23:00:33 [http-nio-8082-exec-5] INFO  c.w.product.aspect.LoggingAspect - ==> SERVICE METHOD CALLED: com.warehouse.product.service.ProductService.getAllProducts()
2026-05-10 23:00:33 [http-nio-8082-exec-5] INFO  c.w.product.aspect.LoggingAspect - ==> METHOD: getAllProducts() COMPLETED IN: 8 ms
2026-05-10 23:00:33 [http-nio-8082-exec-2] INFO  c.w.product.aspect.LoggingAspect - ==> METHOD: getAllProducts() COMPLETED IN: 8 ms
2026-05-10 23:00:34 [http-nio-8082-exec-6] INFO  c.w.product.aspect.LoggingAspect - ==> API REQUEST: com.warehouse.product.controller.NotificationController.getNotifications()
2026-05-10 23:00:34 [http-nio-8082-exec-6] INFO  c.w.product.aspect.LoggingAspect - ==> SERVICE METHOD CALLED: com.warehouse.product.service.ProductService.getAllProducts()
2026-05-10 23:00:34 [http-nio-8082-exec-6] INFO  c.w.product.aspect.LoggingAspect - ==> METHOD: getAllProducts() COMPLETED IN: 9 ms
2026-05-10 23:00:39 [http-nio-8082-exec-9] INFO  c.w.product.aspect.LoggingAspect - ==> API REQUEST: com.warehouse.product.controller.NotificationController.getNotifications()
2026-05-10 23:00:39 [http-nio-8082-exec-9] INFO  c.w.product.aspect.LoggingAspect - ==> SERVICE METHOD CALLED: com.warehouse.product.service.ProductService.getAllProducts()
2026-05-10 23:00:39 [http-nio-8082-exec-9] INFO  c.w.product.aspect.LoggingAspect - ==> METHOD: getAllProducts() COMPLETED IN: 8 ms
2026-05-10 23:00:41 [http-nio-8082-exec-7] INFO  c.w.product.aspect.LoggingAspect - ==> API REQUEST: com.warehouse.product.controller.NotificationController.getNotifications()
2026-05-10 23:00:41 [http-nio-8082-exec-7] INFO  c.w.product.aspect.LoggingAspect - ==> SERVICE METHOD CALLED: com.warehouse.product.service.ProductService.getAllProducts()
2026-05-10 23:00:41 [http-nio-8082-exec-8] INFO  c.w.product.aspect.LoggingAspect - ==> API REQUEST: com.warehouse.product.controller.ProductController.getAllProducts()
2026-05-10 23:00:41 [http-nio-8082-exec-8] INFO  c.w.product.aspect.LoggingAspect - ==> SERVICE METHOD CALLED: com.warehouse.product.service.ProductService.getAllProducts()
2026-05-10 23:00:41 [http-nio-8082-exec-7] INFO  c.w.product.aspect.LoggingAspect - ==> METHOD: getAllProducts() COMPLETED IN: 9 ms
2026-05-10 23:00:41 [http-nio-8082-exec-8] INFO  c.w.product.aspect.LoggingAspect - ==> METHOD: getAllProducts() COMPLETED IN: 8 ms
2026-05-10 23:00:46 [http-nio-8082-exec-4] INFO  c.w.product.aspect.LoggingAspect - ==> API REQUEST: com.warehouse.product.controller.ProductController.getAllProducts()
2026-05-10 23:00:46 [http-nio-8082-exec-4] INFO  c.w.product.aspect.LoggingAspect - ==> SERVICE METHOD CALLED: com.warehouse.product.service.ProductService.getAllProducts()
2026-05-10 23:00:46 [http-nio-8082-exec-1] INFO  c.w.product.aspect.LoggingAspect - ==> API REQUEST: com.warehouse.product.controller.NotificationController.getNotifications()
2026-05-10 23:00:46 [http-nio-8082-exec-1] INFO  c.w.product.aspect.LoggingAspect - ==> SERVICE METHOD CALLED: com.warehouse.product.service.ProductService.getAllProducts()
2026-05-10 23:00:46 [http-nio-8082-exec-4] INFO  c.w.product.aspect.LoggingAspect - ==> METHOD: getAllProducts() COMPLETED IN: 22 ms
2026-05-10 23:00:46 [http-nio-8082-exec-1] INFO  c.w.product.aspect.LoggingAspect - ==> METHOD: getAllProducts() COMPLETED IN: 21 ms
2026-05-10 23:01:01 [http-nio-8082-exec-10] INFO  c.w.product.aspect.LoggingAspect - ==> API REQUEST: com.warehouse.product.controller.NotificationController.getNotifications()
2026-05-10 23:01:01 [http-nio-8082-exec-10] INFO  c.w.product.aspect.LoggingAspect - ==> SERVICE METHOD CALLED: com.warehouse.product.service.ProductService.getAllProducts()
2026-05-10 23:01:01 [http-nio-8082-exec-10] INFO  c.w.product.aspect.LoggingAspect - ==> METHOD: getAllProducts() COMPLETED IN: 27 ms
2026-05-10 23:01:03 [http-nio-8082-exec-3] INFO  c.w.product.aspect.LoggingAspect - ==> API REQUEST: com.warehouse.product.controller.NotificationController.getNotifications()
2026-05-10 23:01:03 [http-nio-8082-exec-3] INFO  c.w.product.aspect.LoggingAspect - ==> SERVICE METHOD CALLED: com.warehouse.product.service.ProductService.getAllProducts()
2026-05-10 23:01:03 [http-nio-8082-exec-3] INFO  c.w.product.aspect.LoggingAspect - ==> METHOD: getAllProducts() COMPLETED IN: 6 ms
2026-05-10 23:01:04 [http-nio-8082-exec-5] INFO  c.w.product.aspect.LoggingAspect - ==> API REQUEST: com.warehouse.product.controller.NotificationController.getNotifications()
2026-05-10 23:01:04 [http-nio-8082-exec-5] INFO  c.w.product.aspect.LoggingAspect - ==> SERVICE METHOD CALLED: com.warehouse.product.service.ProductService.getAllProducts()
2026-05-10 23:01:04 [http-nio-8082-exec-5] INFO  c.w.product.aspect.LoggingAspect - ==> METHOD: getAllProducts() COMPLETED IN: 0 ms
2026-05-10 23:01:09 [http-nio-8082-exec-2] INFO  c.w.product.aspect.LoggingAspect - ==> API REQUEST: com.warehouse.product.controller.NotificationController.getNotifications()
2026-05-10 23:01:09 [http-nio-8082-exec-2] INFO  c.w.product.aspect.LoggingAspect - ==> SERVICE METHOD CALLED: com.warehouse.product.service.ProductService.getAllProducts()
2026-05-10 23:01:09 [http-nio-8082-exec-2] INFO  c.w.product.aspect.LoggingAspect - ==> METHOD: getAllProducts() COMPLETED IN: 6 ms
2026-05-10 23:01:11 [http-nio-8082-exec-6] INFO  c.w.product.aspect.LoggingAspect - ==> API REQUEST: com.warehouse.product.controller.NotificationController.getNotifications()
2026-05-10 23:01:11 [http-nio-8082-exec-6] INFO  c.w.product.aspect.LoggingAspect - ==> SERVICE METHOD CALLED: com.warehouse.product.service.ProductService.getAllProducts()
2026-05-10 23:01:11 [http-nio-8082-exec-6] INFO  c.w.product.aspect.LoggingAspect - ==> METHOD: getAllProducts() COMPLETED IN: 6 ms
2026-05-10 23:01:16 [http-nio-8082-exec-9] INFO  c.w.product.aspect.LoggingAspect - ==> API REQUEST: com.warehouse.product.controller.NotificationController.getNotifications()
2026-05-10 23:01:16 [http-nio-8082-exec-9] INFO  c.w.product.aspect.LoggingAspect - ==> SERVICE METHOD CALLED: com.warehouse.product.service.ProductService.getAllProducts()
2026-05-10 23:01:16 [http-nio-8082-exec-9] INFO  c.w.product.aspect.LoggingAspect - ==> METHOD: getAllProducts() COMPLETED IN: 6 ms
2026-05-10 23:01:32 [http-nio-8082-exec-7] INFO  c.w.product.aspect.LoggingAspect - ==> API REQUEST: com.warehouse.product.controller.NotificationController.getNotifications()
2026-05-10 23:01:32 [http-nio-8082-exec-7] INFO  c.w.product.aspect.LoggingAspect - ==> SERVICE METHOD CALLED: com.warehouse.product.service.ProductService.getAllProducts()
2026-05-10 23:01:32 [http-nio-8082-exec-7] INFO  c.w.product.aspect.LoggingAspect - ==> METHOD: getAllProducts() COMPLETED IN: 30 ms
2026-05-10 23:01:42 [http-nio-8082-exec-8] INFO  c.w.product.aspect.LoggingAspect - ==> API REQUEST: com.warehouse.product.controller.NotificationController.getNotifications()
2026-05-10 23:01:42 [http-nio-8082-exec-8] INFO  c.w.product.aspect.LoggingAspect - ==> SERVICE METHOD CALLED: com.warehouse.product.service.ProductService.getAllProducts()
2026-05-10 23:01:42 [http-nio-8082-exec-8] INFO  c.w.product.aspect.LoggingAspect - ==> METHOD: getAllProducts() COMPLETED IN: 29 ms
2026-05-10 23:01:42 [http-nio-8082-exec-4] INFO  c.w.product.aspect.LoggingAspect - ==> API REQUEST: com.warehouse.product.controller.NotificationController.getNotifications()
2026-05-10 23:01:42 [http-nio-8082-exec-4] INFO  c.w.product.aspect.LoggingAspect - ==> SERVICE METHOD CALLED: com.warehouse.product.service.ProductService.getAllProducts()
2026-05-10 23:01:42 [http-nio-8082-exec-4] INFO  c.w.product.aspect.LoggingAspect - ==> METHOD: getAllProducts() COMPLETED IN: 13 ms
2026-05-10 23:01:42 [http-nio-8082-exec-1] INFO  c.w.product.aspect.LoggingAspect - ==> API REQUEST: com.warehouse.product.controller.NotificationController.getNotifications()
2026-05-10 23:01:42 [http-nio-8082-exec-1] INFO  c.w.product.aspect.LoggingAspect - ==> SERVICE METHOD CALLED: com.warehouse.product.service.ProductService.getAllProducts()
2026-05-10 23:01:42 [http-nio-8082-exec-1] INFO  c.w.product.aspect.LoggingAspect - ==> METHOD: getAllProducts() COMPLETED IN: 19 ms
2026-05-10 23:01:42 [http-nio-8082-exec-10] INFO  c.w.product.aspect.LoggingAspect - ==> API REQUEST: com.warehouse.product.controller.NotificationController.getNotifications()
2026-05-10 23:01:42 [http-nio-8082-exec-10] INFO  c.w.product.aspect.LoggingAspect - ==> SERVICE METHOD CALLED: com.warehouse.product.service.ProductService.getAllProducts()
2026-05-10 23:01:42 [http-nio-8082-exec-10] INFO  c.w.product.aspect.LoggingAspect - ==> METHOD: getAllProducts() COMPLETED IN: 5 ms
2026-05-10 23:01:46 [http-nio-8082-exec-3] INFO  c.w.product.aspect.LoggingAspect - ==> API REQUEST: com.warehouse.product.controller.NotificationController.getNotifications()
2026-05-10 23:01:46 [http-nio-8082-exec-3] INFO  c.w.product.aspect.LoggingAspect - ==> SERVICE METHOD CALLED: com.warehouse.product.service.ProductService.getAllProducts()
2026-05-10 23:01:46 [http-nio-8082-exec-3] INFO  c.w.product.aspect.LoggingAspect - ==> METHOD: getAllProducts() COMPLETED IN: 9 ms
2026-05-10 23:02:02 [http-nio-8082-exec-5] INFO  c.w.product.aspect.LoggingAspect - ==> API REQUEST: com.warehouse.product.controller.NotificationController.getNotifications()
2026-05-10 23:02:02 [http-nio-8082-exec-5] INFO  c.w.product.aspect.LoggingAspect - ==> SERVICE METHOD CALLED: com.warehouse.product.service.ProductService.getAllProducts()
2026-05-10 23:02:02 [http-nio-8082-exec-5] INFO  c.w.product.aspect.LoggingAspect - ==> METHOD: getAllProducts() COMPLETED IN: 19 ms
2026-05-10 23:02:03 [http-nio-8082-exec-2] INFO  c.w.product.aspect.LoggingAspect - ==> API REQUEST: com.warehouse.product.controller.NotificationController.getNotifications()
2026-05-10 23:02:03 [http-nio-8082-exec-2] INFO  c.w.product.aspect.LoggingAspect - ==> SERVICE METHOD CALLED: com.warehouse.product.service.ProductService.getAllProducts()
2026-05-10 23:02:03 [http-nio-8082-exec-2] INFO  c.w.product.aspect.LoggingAspect - ==> METHOD: getAllProducts() COMPLETED IN: 28 ms
2026-05-10 23:02:04 [http-nio-8082-exec-6] INFO  c.w.product.aspect.LoggingAspect - ==> API REQUEST: com.warehouse.product.controller.NotificationController.getNotifications()
2026-05-10 23:02:04 [http-nio-8082-exec-6] INFO  c.w.product.aspect.LoggingAspect - ==> SERVICE METHOD CALLED: com.warehouse.product.service.ProductService.getAllProducts()
2026-05-10 23:02:04 [http-nio-8082-exec-6] INFO  c.w.product.aspect.LoggingAspect - ==> METHOD: getAllProducts() COMPLETED IN: 50 ms
2026-05-10 23:02:09 [http-nio-8082-exec-9] INFO  c.w.product.aspect.LoggingAspect - ==> API REQUEST: com.warehouse.product.controller.NotificationController.getNotifications()
2026-05-10 23:02:09 [http-nio-8082-exec-9] INFO  c.w.product.aspect.LoggingAspect - ==> SERVICE METHOD CALLED: com.warehouse.product.service.ProductService.getAllProducts()
2026-05-10 23:02:09 [http-nio-8082-exec-9] INFO  c.w.product.aspect.LoggingAspect - ==> METHOD: getAllProducts() COMPLETED IN: 8 ms
2026-05-10 23:02:11 [http-nio-8082-exec-7] INFO  c.w.product.aspect.LoggingAspect - ==> API REQUEST: com.warehouse.product.controller.NotificationController.getNotifications()
2026-05-10 23:02:11 [http-nio-8082-exec-7] INFO  c.w.product.aspect.LoggingAspect - ==> SERVICE METHOD CALLED: com.warehouse.product.service.ProductService.getAllProducts()
2026-05-10 23:02:11 [http-nio-8082-exec-7] INFO  c.w.product.aspect.LoggingAspect - ==> METHOD: getAllProducts() COMPLETED IN: 12 ms
2026-05-10 23:02:16 [http-nio-8082-exec-8] INFO  c.w.product.aspect.LoggingAspect - ==> API REQUEST: com.warehouse.product.controller.NotificationController.getNotifications()
2026-05-10 23:02:16 [http-nio-8082-exec-8] INFO  c.w.product.aspect.LoggingAspect - ==> SERVICE METHOD CALLED: com.warehouse.product.service.ProductService.getAllProducts()
2026-05-10 23:02:16 [http-nio-8082-exec-8] INFO  c.w.product.aspect.LoggingAspect - ==> METHOD: getAllProducts() COMPLETED IN: 14 ms
2026-05-10 23:02:33 [http-nio-8082-exec-4] INFO  c.w.product.aspect.LoggingAspect - ==> API REQUEST: com.warehouse.product.controller.NotificationController.getNotifications()
2026-05-10 23:02:33 [http-nio-8082-exec-4] INFO  c.w.product.aspect.LoggingAspect - ==> SERVICE METHOD CALLED: com.warehouse.product.service.ProductService.getAllProducts()
2026-05-10 23:02:33 [http-nio-8082-exec-4] INFO  c.w.product.aspect.LoggingAspect - ==> METHOD: getAllProducts() COMPLETED IN: 276 ms
2026-05-10 23:02:33 [http-nio-8082-exec-1] INFO  c.w.product.aspect.LoggingAspect - ==> API REQUEST: com.warehouse.product.controller.NotificationController.getNotifications()
2026-05-10 23:02:33 [http-nio-8082-exec-1] INFO  c.w.product.aspect.LoggingAspect - ==> SERVICE METHOD CALLED: com.warehouse.product.service.ProductService.getAllProducts()
2026-05-10 23:02:33 [http-nio-8082-exec-1] INFO  c.w.product.aspect.LoggingAspect - ==> METHOD: getAllProducts() COMPLETED IN: 32 ms
2026-05-10 23:02:34 [http-nio-8082-exec-10] INFO  c.w.product.aspect.LoggingAspect - ==> API REQUEST: com.warehouse.product.controller.NotificationController.getNotifications()
2026-05-10 23:02:34 [http-nio-8082-exec-10] INFO  c.w.product.aspect.LoggingAspect - ==> SERVICE METHOD CALLED: com.warehouse.product.service.ProductService.getAllProducts()
2026-05-10 23:02:34 [http-nio-8082-exec-10] INFO  c.w.product.aspect.LoggingAspect - ==> METHOD: getAllProducts() COMPLETED IN: 9 ms
2026-05-10 23:02:39 [http-nio-8082-exec-3] INFO  c.w.product.aspect.LoggingAspect - ==> API REQUEST: com.warehouse.product.controller.NotificationController.getNotifications()
2026-05-10 23:02:39 [http-nio-8082-exec-3] INFO  c.w.product.aspect.LoggingAspect - ==> SERVICE METHOD CALLED: com.warehouse.product.service.ProductService.getAllProducts()
2026-05-10 23:02:39 [http-nio-8082-exec-3] INFO  c.w.product.aspect.LoggingAspect - ==> METHOD: getAllProducts() COMPLETED IN: 8 ms
