2026-05-09 00:00:00 [http-nio-8082-exec-10] INFO  c.w.product.aspect.LoggingAspect - ==> API REQUEST: com.warehouse.product.controller.ProductController.getAllProducts()
2026-05-09 00:00:00 [http-nio-8082-exec-6] INFO  c.w.product.aspect.LoggingAspect - ==> API REQUEST: com.warehouse.product.controller.NotificationController.getNotifications()
2026-05-09 00:00:00 [http-nio-8082-exec-6] INFO  c.w.product.aspect.LoggingAspect - ==> SERVICE METHOD CALLED: com.warehouse.product.service.ProductService.getAllProducts()
2026-05-09 00:00:00 [http-nio-8082-exec-10] INFO  c.w.product.aspect.LoggingAspect - ==> SERVICE METHOD CALLED: com.warehouse.product.service.ProductService.getAllProducts()
2026-05-09 00:00:00 [http-nio-8082-exec-10] INFO  c.w.product.aspect.LoggingAspect - ==> METHOD: getAllProducts() COMPLETED IN: 36 ms
2026-05-09 00:00:00 [http-nio-8082-exec-6] INFO  c.w.product.aspect.LoggingAspect - ==> METHOD: getAllProducts() COMPLETED IN: 40 ms
2026-05-09 00:00:20 [http-nio-8082-exec-7] INFO  c.w.product.aspect.LoggingAspect - ==> API REQUEST: com.warehouse.product.controller.NotificationController.getNotifications()
2026-05-09 00:00:20 [http-nio-8082-exec-7] INFO  c.w.product.aspect.LoggingAspect - ==> SERVICE METHOD CALLED: com.warehouse.product.service.ProductService.getAllProducts()
2026-05-09 00:00:20 [http-nio-8082-exec-7] INFO  c.w.product.aspect.LoggingAspect - ==> METHOD: getAllProducts() COMPLETED IN: 157 ms
2026-05-09 00:00:26 [http-nio-8082-exec-1] INFO  c.w.product.aspect.LoggingAspect - ==> API REQUEST: com.warehouse.product.controller.NotificationController.getNotifications()
2026-05-09 00:00:26 [http-nio-8082-exec-1] INFO  c.w.product.aspect.LoggingAspect - ==> SERVICE METHOD CALLED: com.warehouse.product.service.ProductService.getAllProducts()
2026-05-09 00:00:26 [http-nio-8082-exec-1] INFO  c.w.product.aspect.LoggingAspect - ==> METHOD: getAllProducts() COMPLETED IN: 54 ms
2026-05-09 00:00:27 [http-nio-8082-exec-2] INFO  c.w.product.aspect.LoggingAspect - ==> API REQUEST: com.warehouse.product.controller.NotificationController.getNotifications()
2026-05-09 00:00:27 [http-nio-8082-exec-2] INFO  c.w.product.aspect.LoggingAspect - ==> SERVICE METHOD CALLED: com.warehouse.product.service.ProductService.getAllProducts()
2026-05-09 00:00:27 [http-nio-8082-exec-2] INFO  c.w.product.aspect.LoggingAspect - ==> METHOD: getAllProducts() COMPLETED IN: 43 ms
2026-05-09 00:00:29 [http-nio-8082-exec-3] INFO  c.w.product.aspect.LoggingAspect - ==> API REQUEST: com.warehouse.product.controller.NotificationController.getNotifications()
2026-05-09 00:00:29 [http-nio-8082-exec-3] INFO  c.w.product.aspect.LoggingAspect - ==> SERVICE METHOD CALLED: com.warehouse.product.service.ProductService.getAllProducts()
2026-05-09 00:00:29 [http-nio-8082-exec-3] INFO  c.w.product.aspect.LoggingAspect - ==> METHOD: getAllProducts() COMPLETED IN: 147 ms
2026-05-09 00:00:50 [http-nio-8082-exec-4] INFO  c.w.product.aspect.LoggingAspect - ==> API REQUEST: com.warehouse.product.controller.NotificationController.getNotifications()
2026-05-09 00:00:50 [http-nio-8082-exec-4] INFO  c.w.product.aspect.LoggingAspect - ==> SERVICE METHOD CALLED: com.warehouse.product.service.ProductService.getAllProducts()
2026-05-09 00:00:50 [http-nio-8082-exec-4] INFO  c.w.product.aspect.LoggingAspect - ==> METHOD: getAllProducts() COMPLETED IN: 12 ms
2026-05-09 00:00:56 [http-nio-8082-exec-5] INFO  c.w.product.aspect.LoggingAspect - ==> API REQUEST: com.warehouse.product.controller.NotificationController.getNotifications()
2026-05-09 00:00:56 [http-nio-8082-exec-5] INFO  c.w.product.aspect.LoggingAspect - ==> SERVICE METHOD CALLED: com.warehouse.product.service.ProductService.getAllProducts()
2026-05-09 00:00:57 [http-nio-8082-exec-5] INFO  c.w.product.aspect.LoggingAspect - ==> METHOD: getAllProducts() COMPLETED IN: 111 ms
2026-05-09 00:00:57 [http-nio-8082-exec-8] INFO  c.w.product.aspect.LoggingAspect - ==> API REQUEST: com.warehouse.product.controller.NotificationController.getNotifications()
2026-05-09 00:00:57 [http-nio-8082-exec-8] INFO  c.w.product.aspect.LoggingAspect - ==> SERVICE METHOD CALLED: com.warehouse.product.service.ProductService.getAllProducts()
2026-05-09 00:00:57 [http-nio-8082-exec-8] INFO  c.w.product.aspect.LoggingAspect - ==> METHOD: getAllProducts() COMPLETED IN: 13 ms
2026-05-09 00:00:59 [http-nio-8082-exec-9] INFO  c.w.product.aspect.LoggingAspect - ==> API REQUEST: com.warehouse.product.controller.NotificationController.getNotifications()
2026-05-09 00:00:59 [http-nio-8082-exec-9] INFO  c.w.product.aspect.LoggingAspect - ==> SERVICE METHOD CALLED: com.warehouse.product.service.ProductService.getAllProducts()
2026-05-09 00:00:59 [http-nio-8082-exec-9] INFO  c.w.product.aspect.LoggingAspect - ==> METHOD: getAllProducts() COMPLETED IN: 11 ms
2026-05-09 00:01:20 [http-nio-8082-exec-6] INFO  c.w.product.aspect.LoggingAspect - ==> API REQUEST: com.warehouse.product.controller.NotificationController.getNotifications()
2026-05-09 00:01:20 [http-nio-8082-exec-6] INFO  c.w.product.aspect.LoggingAspect - ==> SERVICE METHOD CALLED: com.warehouse.product.service.ProductService.getAllProducts()
2026-05-09 00:01:20 [http-nio-8082-exec-6] INFO  c.w.product.aspect.LoggingAspect - ==> METHOD: getAllProducts() COMPLETED IN: 296 ms
2026-05-09 00:01:26 [http-nio-8082-exec-10] INFO  c.w.product.aspect.LoggingAspect - ==> API REQUEST: com.warehouse.product.controller.NotificationController.getNotifications()
2026-05-09 00:01:26 [http-nio-8082-exec-10] INFO  c.w.product.aspect.LoggingAspect - ==> SERVICE METHOD CALLED: com.warehouse.product.service.ProductService.getAllProducts()
2026-05-09 00:01:26 [http-nio-8082-exec-10] INFO  c.w.product.aspect.LoggingAspect - ==> METHOD: getAllProducts() COMPLETED IN: 46 ms
2026-05-09 00:01:27 [http-nio-8082-exec-7] INFO  c.w.product.aspect.LoggingAspect - ==> API REQUEST: com.warehouse.product.controller.NotificationController.getNotifications()
2026-05-09 00:01:27 [http-nio-8082-exec-7] INFO  c.w.product.aspect.LoggingAspect - ==> SERVICE METHOD CALLED: com.warehouse.product.service.ProductService.getAllProducts()
2026-05-09 00:01:27 [http-nio-8082-exec-7] INFO  c.w.product.aspect.LoggingAspect - ==> METHOD: getAllProducts() COMPLETED IN: 16 ms
2026-05-09 00:01:29 [http-nio-8082-exec-1] INFO  c.w.product.aspect.LoggingAspect - ==> API REQUEST: com.warehouse.product.controller.NotificationController.getNotifications()
2026-05-09 00:01:29 [http-nio-8082-exec-1] INFO  c.w.product.aspect.LoggingAspect - ==> SERVICE METHOD CALLED: com.warehouse.product.service.ProductService.getAllProducts()
2026-05-09 00:01:29 [http-nio-8082-exec-1] INFO  c.w.product.aspect.LoggingAspect - ==> METHOD: getAllProducts() COMPLETED IN: 125 ms
2026-05-09 00:03:53 [http-nio-8082-exec-4] INFO  c.w.product.aspect.LoggingAspect - ==> API REQUEST: com.warehouse.product.controller.NotificationController.getNotifications()
2026-05-09 00:03:53 [http-nio-8082-exec-4] INFO  c.w.product.aspect.LoggingAspect - ==> SERVICE METHOD CALLED: com.warehouse.product.service.ProductService.getAllProducts()
2026-05-09 00:03:54 [http-nio-8082-exec-4] INFO  c.w.product.aspect.LoggingAspect - ==> METHOD: getAllProducts() COMPLETED IN: 704 ms
2026-05-09 00:04:22 [http-nio-8082-exec-5] INFO  c.w.product.aspect.LoggingAspect - ==> API REQUEST: com.warehouse.product.controller.NotificationController.getNotifications()
2026-05-09 00:04:22 [http-nio-8082-exec-5] INFO  c.w.product.aspect.LoggingAspect - ==> SERVICE METHOD CALLED: com.warehouse.product.service.ProductService.getAllProducts()
2026-05-09 00:04:22 [http-nio-8082-exec-5] INFO  c.w.product.aspect.LoggingAspect - ==> METHOD: getAllProducts() COMPLETED IN: 8 ms
2026-05-09 00:04:44 [http-nio-8082-exec-8] INFO  c.w.product.aspect.LoggingAspect - ==> API REQUEST: com.warehouse.product.controller.NotificationController.getNotifications()
2026-05-09 00:04:44 [http-nio-8082-exec-8] INFO  c.w.product.aspect.LoggingAspect - ==> SERVICE METHOD CALLED: com.warehouse.product.service.ProductService.getAllProducts()
2026-05-09 00:04:44 [http-nio-8082-exec-8] INFO  c.w.product.aspect.LoggingAspect - ==> METHOD: getAllProducts() COMPLETED IN: 63 ms
2026-05-09 00:05:14 [http-nio-8082-exec-9] INFO  c.w.product.aspect.LoggingAspect - ==> API REQUEST: com.warehouse.product.controller.NotificationController.getNotifications()
2026-05-09 00:05:14 [http-nio-8082-exec-9] INFO  c.w.product.aspect.LoggingAspect - ==> SERVICE METHOD CALLED: com.warehouse.product.service.ProductService.getAllProducts()
2026-05-09 00:05:14 [http-nio-8082-exec-9] INFO  c.w.product.aspect.LoggingAspect - ==> METHOD: getAllProducts() COMPLETED IN: 21 ms
2026-05-09 00:05:44 [http-nio-8082-exec-6] INFO  c.w.product.aspect.LoggingAspect - ==> API REQUEST: com.warehouse.product.controller.NotificationController.getNotifications()
2026-05-09 00:05:44 [http-nio-8082-exec-6] INFO  c.w.product.aspect.LoggingAspect - ==> SERVICE METHOD CALLED: com.warehouse.product.service.ProductService.getAllProducts()
2026-05-09 00:05:44 [http-nio-8082-exec-6] INFO  c.w.product.aspect.LoggingAspect - ==> METHOD: getAllProducts() COMPLETED IN: 12 ms
2026-05-09 00:06:15 [http-nio-8082-exec-10] INFO  c.w.product.aspect.LoggingAspect - ==> API REQUEST: com.warehouse.product.controller.NotificationController.getNotifications()
2026-05-09 00:06:15 [http-nio-8082-exec-10] INFO  c.w.product.aspect.LoggingAspect - ==> SERVICE METHOD CALLED: com.warehouse.product.service.ProductService.getAllProducts()
2026-05-09 00:06:15 [http-nio-8082-exec-10] INFO  c.w.product.aspect.LoggingAspect - ==> METHOD: getAllProducts() COMPLETED IN: 13 ms
2026-05-09 00:06:45 [http-nio-8082-exec-7] INFO  c.w.product.aspect.LoggingAspect - ==> API REQUEST: com.warehouse.product.controller.NotificationController.getNotifications()
2026-05-09 00:06:45 [http-nio-8082-exec-7] INFO  c.w.product.aspect.LoggingAspect - ==> SERVICE METHOD CALLED: com.warehouse.product.service.ProductService.getAllProducts()
2026-05-09 00:06:45 [http-nio-8082-exec-7] INFO  c.w.product.aspect.LoggingAspect - ==> METHOD: getAllProducts() COMPLETED IN: 11 ms
2026-05-09 00:07:15 [http-nio-8082-exec-1] INFO  c.w.product.aspect.LoggingAspect - ==> API REQUEST: com.warehouse.product.controller.NotificationController.getNotifications()
2026-05-09 00:07:15 [http-nio-8082-exec-1] INFO  c.w.product.aspect.LoggingAspect - ==> SERVICE METHOD CALLED: com.warehouse.product.service.ProductService.getAllProducts()
2026-05-09 00:07:15 [http-nio-8082-exec-1] INFO  c.w.product.aspect.LoggingAspect - ==> METHOD: getAllProducts() COMPLETED IN: 12 ms
2026-05-09 00:07:25 [http-nio-8082-exec-2] INFO  c.w.product.aspect.LoggingAspect - ==> API REQUEST: com.warehouse.product.controller.NotificationController.getNotifications()
2026-05-09 00:07:25 [http-nio-8082-exec-2] INFO  c.w.product.aspect.LoggingAspect - ==> SERVICE METHOD CALLED: com.warehouse.product.service.ProductService.getAllProducts()
2026-05-09 00:07:25 [http-nio-8082-exec-2] INFO  c.w.product.aspect.LoggingAspect - ==> METHOD: getAllProducts() COMPLETED IN: 16 ms
2026-05-09 00:07:56 [http-nio-8082-exec-3] INFO  c.w.product.aspect.LoggingAspect - ==> API REQUEST: com.warehouse.product.controller.NotificationController.getNotifications()
2026-05-09 00:07:56 [http-nio-8082-exec-3] INFO  c.w.product.aspect.LoggingAspect - ==> SERVICE METHOD CALLED: com.warehouse.product.service.ProductService.getAllProducts()
2026-05-09 00:07:56 [http-nio-8082-exec-3] INFO  c.w.product.aspect.LoggingAspect - ==> METHOD: getAllProducts() COMPLETED IN: 26 ms
2026-05-09 00:08:25 [http-nio-8082-exec-4] INFO  c.w.product.aspect.LoggingAspect - ==> API REQUEST: com.warehouse.product.controller.NotificationController.getNotifications()
2026-05-09 00:08:25 [http-nio-8082-exec-4] INFO  c.w.product.aspect.LoggingAspect - ==> SERVICE METHOD CALLED: com.warehouse.product.service.ProductService.getAllProducts()
2026-05-09 00:08:25 [http-nio-8082-exec-4] INFO  c.w.product.aspect.LoggingAspect - ==> METHOD: getAllProducts() COMPLETED IN: 29 ms
2026-05-09 00:08:56 [http-nio-8082-exec-5] INFO  c.w.product.aspect.LoggingAspect - ==> API REQUEST: com.warehouse.product.controller.NotificationController.getNotifications()
2026-05-09 00:08:56 [http-nio-8082-exec-5] INFO  c.w.product.aspect.LoggingAspect - ==> SERVICE METHOD CALLED: com.warehouse.product.service.ProductService.getAllProducts()
2026-05-09 00:08:56 [http-nio-8082-exec-5] INFO  c.w.product.aspect.LoggingAspect - ==> METHOD: getAllProducts() COMPLETED IN: 15 ms
2026-05-09 00:09:25 [http-nio-8082-exec-8] INFO  c.w.product.aspect.LoggingAspect - ==> API REQUEST: com.warehouse.product.controller.NotificationController.getNotifications()
2026-05-09 00:09:25 [http-nio-8082-exec-8] INFO  c.w.product.aspect.LoggingAspect - ==> SERVICE METHOD CALLED: com.warehouse.product.service.ProductService.getAllProducts()
2026-05-09 00:09:25 [http-nio-8082-exec-8] INFO  c.w.product.aspect.LoggingAspect - ==> METHOD: getAllProducts() COMPLETED IN: 14 ms
2026-05-09 00:09:26 [http-nio-8082-exec-9] INFO  c.w.product.aspect.LoggingAspect - ==> API REQUEST: com.warehouse.product.controller.NotificationController.getNotifications()
2026-05-09 00:09:26 [http-nio-8082-exec-9] INFO  c.w.product.aspect.LoggingAspect - ==> SERVICE METHOD CALLED: com.warehouse.product.service.ProductService.getAllProducts()
2026-05-09 00:09:26 [http-nio-8082-exec-6] INFO  c.w.product.aspect.LoggingAspect - ==> API REQUEST: com.warehouse.product.controller.ProductController.getAllProducts()
2026-05-09 00:09:26 [http-nio-8082-exec-6] INFO  c.w.product.aspect.LoggingAspect - ==> SERVICE METHOD CALLED: com.warehouse.product.service.ProductService.getAllProducts()
2026-05-09 00:09:26 [http-nio-8082-exec-9] INFO  c.w.product.aspect.LoggingAspect - ==> METHOD: getAllProducts() COMPLETED IN: 87 ms
2026-05-09 00:09:26 [http-nio-8082-exec-6] INFO  c.w.product.aspect.LoggingAspect - ==> METHOD: getAllProducts() COMPLETED IN: 119 ms
2026-05-09 00:09:33 [http-nio-8082-exec-10] INFO  c.w.product.aspect.LoggingAspect - ==> API REQUEST: com.warehouse.product.controller.NotificationController.getNotifications()
2026-05-09 00:09:33 [http-nio-8082-exec-10] INFO  c.w.product.aspect.LoggingAspect - ==> SERVICE METHOD CALLED: com.warehouse.product.service.ProductService.getAllProducts()
2026-05-09 00:09:33 [http-nio-8082-exec-10] INFO  c.w.product.aspect.LoggingAspect - ==> METHOD: getAllProducts() COMPLETED IN: 100 ms
2026-05-09 00:09:37 [http-nio-8082-exec-7] INFO  c.w.product.aspect.LoggingAspect - ==> API REQUEST: com.warehouse.product.controller.NotificationController.getNotifications()
2026-05-09 00:09:37 [http-nio-8082-exec-7] INFO  c.w.product.aspect.LoggingAspect - ==> SERVICE METHOD CALLED: com.warehouse.product.service.ProductService.getAllProducts()
2026-05-09 00:09:37 [http-nio-8082-exec-7] INFO  c.w.product.aspect.LoggingAspect - ==> METHOD: getAllProducts() COMPLETED IN: 24 ms
2026-05-09 00:09:39 [http-nio-8082-exec-1] INFO  c.w.product.aspect.LoggingAspect - ==> API REQUEST: com.warehouse.product.controller.ProductController.getAllProducts()
2026-05-09 00:09:39 [http-nio-8082-exec-1] INFO  c.w.product.aspect.LoggingAspect - ==> SERVICE METHOD CALLED: com.warehouse.product.service.ProductService.getAllProducts()
2026-05-09 00:09:39 [http-nio-8082-exec-2] INFO  c.w.product.aspect.LoggingAspect - ==> API REQUEST: com.warehouse.product.controller.NotificationController.getNotifications()
2026-05-09 00:09:39 [http-nio-8082-exec-2] INFO  c.w.product.aspect.LoggingAspect - ==> SERVICE METHOD CALLED: com.warehouse.product.service.ProductService.getAllProducts()
2026-05-09 00:09:39 [http-nio-8082-exec-1] INFO  c.w.product.aspect.LoggingAspect - ==> METHOD: getAllProducts() COMPLETED IN: 31 ms
2026-05-09 00:09:39 [http-nio-8082-exec-2] INFO  c.w.product.aspect.LoggingAspect - ==> METHOD: getAllProducts() COMPLETED IN: 6 ms
2026-05-09 00:09:56 [http-nio-8082-exec-3] INFO  c.w.product.aspect.LoggingAspect - ==> API REQUEST: com.warehouse.product.controller.NotificationController.getNotifications()
2026-05-09 00:09:56 [http-nio-8082-exec-3] INFO  c.w.product.aspect.LoggingAspect - ==> SERVICE METHOD CALLED: com.warehouse.product.service.ProductService.getAllProducts()
2026-05-09 00:09:56 [http-nio-8082-exec-3] INFO  c.w.product.aspect.LoggingAspect - ==> METHOD: getAllProducts() COMPLETED IN: 12 ms
2026-05-09 00:09:57 [http-nio-8082-exec-4] INFO  c.w.product.aspect.LoggingAspect - ==> API REQUEST: com.warehouse.product.controller.NotificationController.getNotifications()
2026-05-09 00:09:57 [http-nio-8082-exec-4] INFO  c.w.product.aspect.LoggingAspect - ==> SERVICE METHOD CALLED: com.warehouse.product.service.ProductService.getAllProducts()
2026-05-09 00:09:57 [http-nio-8082-exec-4] INFO  c.w.product.aspect.LoggingAspect - ==> METHOD: getAllProducts() COMPLETED IN: 16 ms
2026-05-09 00:10:04 [http-nio-8082-exec-5] INFO  c.w.product.aspect.LoggingAspect - ==> API REQUEST: com.warehouse.product.controller.NotificationController.getNotifications()
2026-05-09 00:10:04 [http-nio-8082-exec-5] INFO  c.w.product.aspect.LoggingAspect - ==> SERVICE METHOD CALLED: com.warehouse.product.service.ProductService.getAllProducts()
2026-05-09 00:10:04 [http-nio-8082-exec-5] INFO  c.w.product.aspect.LoggingAspect - ==> METHOD: getAllProducts() COMPLETED IN: 187 ms
2026-05-09 00:10:08 [http-nio-8082-exec-8] INFO  c.w.product.aspect.LoggingAspect - ==> API REQUEST: com.warehouse.product.controller.NotificationController.getNotifications()
2026-05-09 00:10:08 [http-nio-8082-exec-8] INFO  c.w.product.aspect.LoggingAspect - ==> SERVICE METHOD CALLED: com.warehouse.product.service.ProductService.getAllProducts()
2026-05-09 00:10:08 [http-nio-8082-exec-8] INFO  c.w.product.aspect.LoggingAspect - ==> METHOD: getAllProducts() COMPLETED IN: 11 ms
2026-05-09 00:10:10 [http-nio-8082-exec-9] INFO  c.w.product.aspect.LoggingAspect - ==> API REQUEST: com.warehouse.product.controller.NotificationController.getNotifications()
2026-05-09 00:10:10 [http-nio-8082-exec-9] INFO  c.w.product.aspect.LoggingAspect - ==> SERVICE METHOD CALLED: com.warehouse.product.service.ProductService.getAllProducts()
2026-05-09 00:10:10 [http-nio-8082-exec-9] INFO  c.w.product.aspect.LoggingAspect - ==> METHOD: getAllProducts() COMPLETED IN: 70 ms
2026-05-09 00:10:26 [http-nio-8082-exec-6] INFO  c.w.product.aspect.LoggingAspect - ==> API REQUEST: com.warehouse.product.controller.NotificationController.getNotifications()
2026-05-09 00:10:26 [http-nio-8082-exec-6] INFO  c.w.product.aspect.LoggingAspect - ==> SERVICE METHOD CALLED: com.warehouse.product.service.ProductService.getAllProducts()
2026-05-09 00:10:26 [http-nio-8082-exec-6] INFO  c.w.product.aspect.LoggingAspect - ==> METHOD: getAllProducts() COMPLETED IN: 21 ms
2026-05-09 00:10:27 [http-nio-8082-exec-10] INFO  c.w.product.aspect.LoggingAspect - ==> API REQUEST: com.warehouse.product.controller.NotificationController.getNotifications()
2026-05-09 00:10:27 [http-nio-8082-exec-10] INFO  c.w.product.aspect.LoggingAspect - ==> SERVICE METHOD CALLED: com.warehouse.product.service.ProductService.getAllProducts()
2026-05-09 00:10:27 [http-nio-8082-exec-10] INFO  c.w.product.aspect.LoggingAspect - ==> METHOD: getAllProducts() COMPLETED IN: 9 ms
2026-05-09 00:10:34 [http-nio-8082-exec-7] INFO  c.w.product.aspect.LoggingAspect - ==> API REQUEST: com.warehouse.product.controller.NotificationController.getNotifications()
2026-05-09 00:10:34 [http-nio-8082-exec-7] INFO  c.w.product.aspect.LoggingAspect - ==> SERVICE METHOD CALLED: com.warehouse.product.service.ProductService.getAllProducts()
2026-05-09 00:10:34 [http-nio-8082-exec-7] INFO  c.w.product.aspect.LoggingAspect - ==> METHOD: getAllProducts() COMPLETED IN: 23 ms
2026-05-09 00:10:38 [http-nio-8082-exec-2] INFO  c.w.product.aspect.LoggingAspect - ==> API REQUEST: com.warehouse.product.controller.NotificationController.getNotifications()
2026-05-09 00:10:38 [http-nio-8082-exec-2] INFO  c.w.product.aspect.LoggingAspect - ==> SERVICE METHOD CALLED: com.warehouse.product.service.ProductService.getAllProducts()
2026-05-09 00:10:38 [http-nio-8082-exec-2] INFO  c.w.product.aspect.LoggingAspect - ==> METHOD: getAllProducts() COMPLETED IN: 8 ms
2026-05-09 00:10:40 [http-nio-8082-exec-1] INFO  c.w.product.aspect.LoggingAspect - ==> API REQUEST: com.warehouse.product.controller.NotificationController.getNotifications()
2026-05-09 00:10:40 [http-nio-8082-exec-1] INFO  c.w.product.aspect.LoggingAspect - ==> SERVICE METHOD CALLED: com.warehouse.product.service.ProductService.getAllProducts()
2026-05-09 00:10:40 [http-nio-8082-exec-1] INFO  c.w.product.aspect.LoggingAspect - ==> METHOD: getAllProducts() COMPLETED IN: 10 ms
2026-05-09 00:10:57 [http-nio-8082-exec-3] INFO  c.w.product.aspect.LoggingAspect - ==> API REQUEST: com.warehouse.product.controller.NotificationController.getNotifications()
2026-05-09 00:10:57 [http-nio-8082-exec-3] INFO  c.w.product.aspect.LoggingAspect - ==> SERVICE METHOD CALLED: com.warehouse.product.service.ProductService.getAllProducts()
2026-05-09 00:10:57 [http-nio-8082-exec-3] INFO  c.w.product.aspect.LoggingAspect - ==> METHOD: getAllProducts() COMPLETED IN: 20 ms
2026-05-09 00:11:04 [http-nio-8082-exec-4] INFO  c.w.product.aspect.LoggingAspect - ==> API REQUEST: com.warehouse.product.controller.NotificationController.getNotifications()
2026-05-09 00:11:04 [http-nio-8082-exec-4] INFO  c.w.product.aspect.LoggingAspect - ==> SERVICE METHOD CALLED: com.warehouse.product.service.ProductService.getAllProducts()
2026-05-09 00:11:04 [http-nio-8082-exec-4] INFO  c.w.product.aspect.LoggingAspect - ==> METHOD: getAllProducts() COMPLETED IN: 15 ms
2026-05-09 00:11:08 [http-nio-8082-exec-5] INFO  c.w.product.aspect.LoggingAspect - ==> API REQUEST: com.warehouse.product.controller.NotificationController.getNotifications()
2026-05-09 00:11:08 [http-nio-8082-exec-5] INFO  c.w.product.aspect.LoggingAspect - ==> SERVICE METHOD CALLED: com.warehouse.product.service.ProductService.getAllProducts()
2026-05-09 00:11:08 [http-nio-8082-exec-5] INFO  c.w.product.aspect.LoggingAspect - ==> METHOD: getAllProducts() COMPLETED IN: 10 ms
2026-05-09 00:11:10 [http-nio-8082-exec-8] INFO  c.w.product.aspect.LoggingAspect - ==> API REQUEST: com.warehouse.product.controller.NotificationController.getNotifications()
2026-05-09 00:11:10 [http-nio-8082-exec-8] INFO  c.w.product.aspect.LoggingAspect - ==> SERVICE METHOD CALLED: com.warehouse.product.service.ProductService.getAllProducts()
2026-05-09 00:11:10 [http-nio-8082-exec-8] INFO  c.w.product.aspect.LoggingAspect - ==> METHOD: getAllProducts() COMPLETED IN: 13 ms
2026-05-09 00:11:27 [http-nio-8082-exec-9] INFO  c.w.product.aspect.LoggingAspect - ==> API REQUEST: com.warehouse.product.controller.NotificationController.getNotifications()
2026-05-09 00:11:27 [http-nio-8082-exec-9] INFO  c.w.product.aspect.LoggingAspect - ==> SERVICE METHOD CALLED: com.warehouse.product.service.ProductService.getAllProducts()
2026-05-09 00:11:27 [http-nio-8082-exec-9] INFO  c.w.product.aspect.LoggingAspect - ==> METHOD: getAllProducts() COMPLETED IN: 6 ms
2026-05-09 00:11:34 [http-nio-8082-exec-6] INFO  c.w.product.aspect.LoggingAspect - ==> API REQUEST: com.warehouse.product.controller.NotificationController.getNotifications()
2026-05-09 00:11:34 [http-nio-8082-exec-6] INFO  c.w.product.aspect.LoggingAspect - ==> SERVICE METHOD CALLED: com.warehouse.product.service.ProductService.getAllProducts()
2026-05-09 00:11:34 [http-nio-8082-exec-6] INFO  c.w.product.aspect.LoggingAspect - ==> METHOD: getAllProducts() COMPLETED IN: 16 ms
2026-05-09 00:11:38 [http-nio-8082-exec-10] INFO  c.w.product.aspect.LoggingAspect - ==> API REQUEST: com.warehouse.product.controller.NotificationController.getNotifications()
2026-05-09 00:11:38 [http-nio-8082-exec-10] INFO  c.w.product.aspect.LoggingAspect - ==> SERVICE METHOD CALLED: com.warehouse.product.service.ProductService.getAllProducts()
2026-05-09 00:11:38 [http-nio-8082-exec-10] INFO  c.w.product.aspect.LoggingAspect - ==> METHOD: getAllProducts() COMPLETED IN: 7 ms
2026-05-09 00:11:40 [http-nio-8082-exec-7] INFO  c.w.product.aspect.LoggingAspect - ==> API REQUEST: com.warehouse.product.controller.NotificationController.getNotifications()
2026-05-09 00:11:40 [http-nio-8082-exec-7] INFO  c.w.product.aspect.LoggingAspect - ==> SERVICE METHOD CALLED: com.warehouse.product.service.ProductService.getAllProducts()
2026-05-09 00:11:40 [http-nio-8082-exec-7] INFO  c.w.product.aspect.LoggingAspect - ==> METHOD: getAllProducts() COMPLETED IN: 8 ms
2026-05-09 00:11:54 [http-nio-8082-exec-2] INFO  c.w.product.aspect.LoggingAspect - ==> API REQUEST: com.warehouse.product.controller.NotificationController.getNotifications()
2026-05-09 00:11:54 [http-nio-8082-exec-2] INFO  c.w.product.aspect.LoggingAspect - ==> SERVICE METHOD CALLED: com.warehouse.product.service.ProductService.getAllProducts()
2026-05-09 00:11:54 [http-nio-8082-exec-2] INFO  c.w.product.aspect.LoggingAspect - ==> METHOD: getAllProducts() COMPLETED IN: 11 ms
2026-05-09 00:11:57 [http-nio-8082-exec-1] INFO  c.w.product.aspect.LoggingAspect - ==> API REQUEST: com.warehouse.product.controller.NotificationController.getNotifications()
2026-05-09 00:11:57 [http-nio-8082-exec-1] INFO  c.w.product.aspect.LoggingAspect - ==> SERVICE METHOD CALLED: com.warehouse.product.service.ProductService.getAllProducts()
2026-05-09 00:11:57 [http-nio-8082-exec-1] INFO  c.w.product.aspect.LoggingAspect - ==> METHOD: getAllProducts() COMPLETED IN: 9 ms
2026-05-09 00:12:04 [http-nio-8082-exec-3] INFO  c.w.product.aspect.LoggingAspect - ==> API REQUEST: com.warehouse.product.controller.NotificationController.getNotifications()
2026-05-09 00:12:04 [http-nio-8082-exec-3] INFO  c.w.product.aspect.LoggingAspect - ==> SERVICE METHOD CALLED: com.warehouse.product.service.ProductService.getAllProducts()
2026-05-09 00:12:04 [http-nio-8082-exec-3] INFO  c.w.product.aspect.LoggingAspect - ==> METHOD: getAllProducts() COMPLETED IN: 7 ms
2026-05-09 00:12:08 [http-nio-8082-exec-4] INFO  c.w.product.aspect.LoggingAspect - ==> API REQUEST: com.warehouse.product.controller.NotificationController.getNotifications()
2026-05-09 00:12:08 [http-nio-8082-exec-4] INFO  c.w.product.aspect.LoggingAspect - ==> SERVICE METHOD CALLED: com.warehouse.product.service.ProductService.getAllProducts()
2026-05-09 00:12:08 [http-nio-8082-exec-4] INFO  c.w.product.aspect.LoggingAspect - ==> METHOD: getAllProducts() COMPLETED IN: 22 ms
2026-05-09 00:12:10 [http-nio-8082-exec-5] INFO  c.w.product.aspect.LoggingAspect - ==> API REQUEST: com.warehouse.product.controller.NotificationController.getNotifications()
2026-05-09 00:12:10 [http-nio-8082-exec-5] INFO  c.w.product.aspect.LoggingAspect - ==> SERVICE METHOD CALLED: com.warehouse.product.service.ProductService.getAllProducts()
2026-05-09 00:12:10 [http-nio-8082-exec-5] INFO  c.w.product.aspect.LoggingAspect - ==> METHOD: getAllProducts() COMPLETED IN: 18 ms
2026-05-09 00:12:10 [http-nio-8082-exec-8] INFO  c.w.product.aspect.LoggingAspect - ==> API REQUEST: com.warehouse.product.controller.NotificationController.getNotifications()
2026-05-09 00:12:10 [http-nio-8082-exec-8] INFO  c.w.product.aspect.LoggingAspect - ==> SERVICE METHOD CALLED: com.warehouse.product.service.ProductService.getAllProducts()
2026-05-09 00:12:10 [http-nio-8082-exec-8] INFO  c.w.product.aspect.LoggingAspect - ==> METHOD: getAllProducts() COMPLETED IN: 44 ms
2026-05-09 00:12:26 [http-nio-8082-exec-9] INFO  c.w.product.aspect.LoggingAspect - ==> API REQUEST: com.warehouse.product.controller.NotificationController.getNotifications()
2026-05-09 00:12:26 [http-nio-8082-exec-9] INFO  c.w.product.aspect.LoggingAspect - ==> SERVICE METHOD CALLED: com.warehouse.product.service.ProductService.getAllProducts()
2026-05-09 00:12:26 [http-nio-8082-exec-9] INFO  c.w.product.aspect.LoggingAspect - ==> METHOD: getAllProducts() COMPLETED IN: 9 ms
2026-05-09 00:12:27 [http-nio-8082-exec-6] INFO  c.w.product.aspect.LoggingAspect - ==> API REQUEST: com.warehouse.product.controller.NotificationController.getNotifications()
2026-05-09 00:12:27 [http-nio-8082-exec-6] INFO  c.w.product.aspect.LoggingAspect - ==> SERVICE METHOD CALLED: com.warehouse.product.service.ProductService.getAllProducts()
2026-05-09 00:12:27 [http-nio-8082-exec-6] INFO  c.w.product.aspect.LoggingAspect - ==> METHOD: getAllProducts() COMPLETED IN: 536 ms
2026-05-09 00:12:34 [http-nio-8082-exec-10] INFO  c.w.product.aspect.LoggingAspect - ==> API REQUEST: com.warehouse.product.controller.NotificationController.getNotifications()
2026-05-09 00:12:34 [http-nio-8082-exec-10] INFO  c.w.product.aspect.LoggingAspect - ==> SERVICE METHOD CALLED: com.warehouse.product.service.ProductService.getAllProducts()
2026-05-09 00:12:34 [http-nio-8082-exec-10] INFO  c.w.product.aspect.LoggingAspect - ==> METHOD: getAllProducts() COMPLETED IN: 8 ms
2026-05-09 00:12:38 [http-nio-8082-exec-7] INFO  c.w.product.aspect.LoggingAspect - ==> API REQUEST: com.warehouse.product.controller.NotificationController.getNotifications()
2026-05-09 00:12:38 [http-nio-8082-exec-7] INFO  c.w.product.aspect.LoggingAspect - ==> SERVICE METHOD CALLED: com.warehouse.product.service.ProductService.getAllProducts()
2026-05-09 00:12:38 [http-nio-8082-exec-7] INFO  c.w.product.aspect.LoggingAspect - ==> METHOD: getAllProducts() COMPLETED IN: 9 ms
2026-05-09 00:12:40 [http-nio-8082-exec-2] INFO  c.w.product.aspect.LoggingAspect - ==> API REQUEST: com.warehouse.product.controller.NotificationController.getNotifications()
2026-05-09 00:12:40 [http-nio-8082-exec-2] INFO  c.w.product.aspect.LoggingAspect - ==> SERVICE METHOD CALLED: com.warehouse.product.service.ProductService.getAllProducts()
2026-05-09 00:12:40 [http-nio-8082-exec-2] INFO  c.w.product.aspect.LoggingAspect - ==> METHOD: getAllProducts() COMPLETED IN: 8 ms
2026-05-09 00:12:56 [http-nio-8082-exec-1] INFO  c.w.product.aspect.LoggingAspect - ==> API REQUEST: com.warehouse.product.controller.NotificationController.getNotifications()
2026-05-09 00:12:56 [http-nio-8082-exec-1] INFO  c.w.product.aspect.LoggingAspect - ==> SERVICE METHOD CALLED: com.warehouse.product.service.ProductService.getAllProducts()
2026-05-09 00:12:56 [http-nio-8082-exec-1] INFO  c.w.product.aspect.LoggingAspect - ==> METHOD: getAllProducts() COMPLETED IN: 7 ms
2026-05-09 00:12:57 [http-nio-8082-exec-3] INFO  c.w.product.aspect.LoggingAspect - ==> API REQUEST: com.warehouse.product.controller.NotificationController.getNotifications()
2026-05-09 00:12:57 [http-nio-8082-exec-3] INFO  c.w.product.aspect.LoggingAspect - ==> SERVICE METHOD CALLED: com.warehouse.product.service.ProductService.getAllProducts()
2026-05-09 00:12:57 [http-nio-8082-exec-3] INFO  c.w.product.aspect.LoggingAspect - ==> METHOD: getAllProducts() COMPLETED IN: 7 ms
2026-05-09 00:13:04 [http-nio-8082-exec-4] INFO  c.w.product.aspect.LoggingAspect - ==> API REQUEST: com.warehouse.product.controller.NotificationController.getNotifications()
2026-05-09 00:13:04 [http-nio-8082-exec-4] INFO  c.w.product.aspect.LoggingAspect - ==> SERVICE METHOD CALLED: com.warehouse.product.service.ProductService.getAllProducts()
2026-05-09 00:13:04 [http-nio-8082-exec-4] INFO  c.w.product.aspect.LoggingAspect - ==> METHOD: getAllProducts() COMPLETED IN: 9 ms
2026-05-09 00:13:08 [http-nio-8082-exec-5] INFO  c.w.product.aspect.LoggingAspect - ==> API REQUEST: com.warehouse.product.controller.NotificationController.getNotifications()
2026-05-09 00:13:08 [http-nio-8082-exec-5] INFO  c.w.product.aspect.LoggingAspect - ==> SERVICE METHOD CALLED: com.warehouse.product.service.ProductService.getAllProducts()
2026-05-09 00:13:08 [http-nio-8082-exec-5] INFO  c.w.product.aspect.LoggingAspect - ==> METHOD: getAllProducts() COMPLETED IN: 7 ms
2026-05-09 00:13:10 [http-nio-8082-exec-8] INFO  c.w.product.aspect.LoggingAspect - ==> API REQUEST: com.warehouse.product.controller.NotificationController.getNotifications()
2026-05-09 00:13:10 [http-nio-8082-exec-8] INFO  c.w.product.aspect.LoggingAspect - ==> SERVICE METHOD CALLED: com.warehouse.product.service.ProductService.getAllProducts()
2026-05-09 00:13:10 [http-nio-8082-exec-8] INFO  c.w.product.aspect.LoggingAspect - ==> METHOD: getAllProducts() COMPLETED IN: 268 ms
2026-05-09 00:13:20 [http-nio-8082-exec-9] INFO  c.w.product.aspect.LoggingAspect - ==> API REQUEST: com.warehouse.product.controller.NotificationController.getNotifications()
2026-05-09 00:13:20 [http-nio-8082-exec-6] INFO  c.w.product.aspect.LoggingAspect - ==> API REQUEST: com.warehouse.product.controller.ProductController.getAllProducts()
2026-05-09 00:13:20 [http-nio-8082-exec-9] INFO  c.w.product.aspect.LoggingAspect - ==> SERVICE METHOD CALLED: com.warehouse.product.service.ProductService.getAllProducts()
2026-05-09 00:13:20 [http-nio-8082-exec-6] INFO  c.w.product.aspect.LoggingAspect - ==> SERVICE METHOD CALLED: com.warehouse.product.service.ProductService.getAllProducts()
2026-05-09 00:13:20 [http-nio-8082-exec-9] INFO  c.w.product.aspect.LoggingAspect - ==> METHOD: getAllProducts() COMPLETED IN: 13 ms
2026-05-09 00:13:20 [http-nio-8082-exec-6] INFO  c.w.product.aspect.LoggingAspect - ==> METHOD: getAllProducts() COMPLETED IN: 10 ms
2026-05-09 00:13:25 [http-nio-8082-exec-10] INFO  c.w.product.aspect.LoggingAspect - ==> API REQUEST: com.warehouse.product.controller.NotificationController.getNotifications()
2026-05-09 00:13:25 [http-nio-8082-exec-10] INFO  c.w.product.aspect.LoggingAspect - ==> SERVICE METHOD CALLED: com.warehouse.product.service.ProductService.getAllProducts()
2026-05-09 00:13:25 [http-nio-8082-exec-10] INFO  c.w.product.aspect.LoggingAspect - ==> METHOD: getAllProducts() COMPLETED IN: 13 ms
2026-05-09 00:13:26 [http-nio-8082-exec-7] INFO  c.w.product.aspect.LoggingAspect - ==> API REQUEST: com.warehouse.product.controller.NotificationController.getNotifications()
2026-05-09 00:13:26 [http-nio-8082-exec-7] INFO  c.w.product.aspect.LoggingAspect - ==> SERVICE METHOD CALLED: com.warehouse.product.service.ProductService.getAllProducts()
2026-05-09 00:13:26 [http-nio-8082-exec-7] INFO  c.w.product.aspect.LoggingAspect - ==> METHOD: getAllProducts() COMPLETED IN: 10 ms
2026-05-09 00:13:27 [http-nio-8082-exec-2] INFO  c.w.product.aspect.LoggingAspect - ==> API REQUEST: com.warehouse.product.controller.ProductController.getAllProducts()
2026-05-09 00:13:27 [http-nio-8082-exec-2] INFO  c.w.product.aspect.LoggingAspect - ==> SERVICE METHOD CALLED: com.warehouse.product.service.ProductService.getAllProducts()
2026-05-09 00:13:27 [http-nio-8082-exec-1] INFO  c.w.product.aspect.LoggingAspect - ==> API REQUEST: com.warehouse.product.controller.NotificationController.getNotifications()
2026-05-09 00:13:27 [http-nio-8082-exec-1] INFO  c.w.product.aspect.LoggingAspect - ==> SERVICE METHOD CALLED: com.warehouse.product.service.ProductService.getAllProducts()
2026-05-09 00:13:27 [http-nio-8082-exec-2] INFO  c.w.product.aspect.LoggingAspect - ==> METHOD: getAllProducts() COMPLETED IN: 6 ms
2026-05-09 00:13:27 [http-nio-8082-exec-1] INFO  c.w.product.aspect.LoggingAspect - ==> METHOD: getAllProducts() COMPLETED IN: 21 ms
2026-05-09 00:13:33 [http-nio-8082-exec-3] INFO  c.w.product.aspect.LoggingAspect - ==> API REQUEST: com.warehouse.product.controller.NotificationController.getNotifications()
2026-05-09 00:13:33 [http-nio-8082-exec-3] INFO  c.w.product.aspect.LoggingAspect - ==> SERVICE METHOD CALLED: com.warehouse.product.service.ProductService.getAllProducts()
2026-05-09 00:13:33 [http-nio-8082-exec-3] INFO  c.w.product.aspect.LoggingAspect - ==> METHOD: getAllProducts() COMPLETED IN: 6 ms
2026-05-09 00:13:37 [http-nio-8082-exec-4] INFO  c.w.product.aspect.LoggingAspect - ==> API REQUEST: com.warehouse.product.controller.NotificationController.getNotifications()
2026-05-09 00:13:37 [http-nio-8082-exec-4] INFO  c.w.product.aspect.LoggingAspect - ==> SERVICE METHOD CALLED: com.warehouse.product.service.ProductService.getAllProducts()
2026-05-09 00:13:37 [http-nio-8082-exec-4] INFO  c.w.product.aspect.LoggingAspect - ==> METHOD: getAllProducts() COMPLETED IN: 15 ms
2026-05-09 00:13:39 [http-nio-8082-exec-5] INFO  c.w.product.aspect.LoggingAspect - ==> API REQUEST: com.warehouse.product.controller.NotificationController.getNotifications()
2026-05-09 00:13:39 [http-nio-8082-exec-5] INFO  c.w.product.aspect.LoggingAspect - ==> SERVICE METHOD CALLED: com.warehouse.product.service.ProductService.getAllProducts()
2026-05-09 00:13:39 [http-nio-8082-exec-5] INFO  c.w.product.aspect.LoggingAspect - ==> METHOD: getAllProducts() COMPLETED IN: 11 ms
2026-05-09 00:13:51 [http-nio-8082-exec-8] INFO  c.w.product.aspect.LoggingAspect - ==> API REQUEST: com.warehouse.product.controller.NotificationController.getNotifications()
2026-05-09 00:13:51 [http-nio-8082-exec-8] INFO  c.w.product.aspect.LoggingAspect - ==> SERVICE METHOD CALLED: com.warehouse.product.service.ProductService.getAllProducts()
2026-05-09 00:13:51 [http-nio-8082-exec-8] INFO  c.w.product.aspect.LoggingAspect - ==> METHOD: getAllProducts() COMPLETED IN: 8 ms
2026-05-09 00:13:56 [http-nio-8082-exec-9] INFO  c.w.product.aspect.LoggingAspect - ==> API REQUEST: com.warehouse.product.controller.NotificationController.getNotifications()
2026-05-09 00:13:56 [http-nio-8082-exec-9] INFO  c.w.product.aspect.LoggingAspect - ==> SERVICE METHOD CALLED: com.warehouse.product.service.ProductService.getAllProducts()
2026-05-09 00:13:56 [http-nio-8082-exec-9] INFO  c.w.product.aspect.LoggingAspect - ==> METHOD: getAllProducts() COMPLETED IN: 7 ms
2026-05-09 00:13:57 [http-nio-8082-exec-6] INFO  c.w.product.aspect.LoggingAspect - ==> API REQUEST: com.warehouse.product.controller.NotificationController.getNotifications()
2026-05-09 00:13:57 [http-nio-8082-exec-6] INFO  c.w.product.aspect.LoggingAspect - ==> SERVICE METHOD CALLED: com.warehouse.product.service.ProductService.getAllProducts()
2026-05-09 00:13:57 [http-nio-8082-exec-6] INFO  c.w.product.aspect.LoggingAspect - ==> METHOD: getAllProducts() COMPLETED IN: 8 ms
2026-05-09 00:13:58 [http-nio-8082-exec-10] INFO  c.w.product.aspect.LoggingAspect - ==> API REQUEST: com.warehouse.product.controller.NotificationController.getNotifications()
2026-05-09 00:13:58 [http-nio-8082-exec-10] INFO  c.w.product.aspect.LoggingAspect - ==> SERVICE METHOD CALLED: com.warehouse.product.service.ProductService.getAllProducts()
2026-05-09 00:13:58 [http-nio-8082-exec-10] INFO  c.w.product.aspect.LoggingAspect - ==> METHOD: getAllProducts() COMPLETED IN: 8 ms
2026-05-09 00:14:03 [http-nio-8082-exec-7] INFO  c.w.product.aspect.LoggingAspect - ==> API REQUEST: com.warehouse.product.controller.NotificationController.getNotifications()
2026-05-09 00:14:03 [http-nio-8082-exec-7] INFO  c.w.product.aspect.LoggingAspect - ==> SERVICE METHOD CALLED: com.warehouse.product.service.ProductService.getAllProducts()
2026-05-09 00:14:03 [http-nio-8082-exec-7] INFO  c.w.product.aspect.LoggingAspect - ==> METHOD: getAllProducts() COMPLETED IN: 9 ms
2026-05-09 00:14:05 [http-nio-8082-exec-2] INFO  c.w.product.aspect.LoggingAspect - ==> API REQUEST: com.warehouse.product.controller.NotificationController.getNotifications()
2026-05-09 00:14:05 [http-nio-8082-exec-2] INFO  c.w.product.aspect.LoggingAspect - ==> SERVICE METHOD CALLED: com.warehouse.product.service.ProductService.getAllProducts()
2026-05-09 00:14:05 [http-nio-8082-exec-2] INFO  c.w.product.aspect.LoggingAspect - ==> METHOD: getAllProducts() COMPLETED IN: 14 ms
2026-05-09 00:14:07 [http-nio-8082-exec-1] INFO  c.w.product.aspect.LoggingAspect - ==> API REQUEST: com.warehouse.product.controller.NotificationController.getNotifications()
2026-05-09 00:14:07 [http-nio-8082-exec-1] INFO  c.w.product.aspect.LoggingAspect - ==> SERVICE METHOD CALLED: com.warehouse.product.service.ProductService.getAllProducts()
2026-05-09 00:14:07 [http-nio-8082-exec-1] INFO  c.w.product.aspect.LoggingAspect - ==> METHOD: getAllProducts() COMPLETED IN: 10 ms
2026-05-09 00:14:10 [http-nio-8082-exec-3] INFO  c.w.product.aspect.LoggingAspect - ==> API REQUEST: com.warehouse.product.controller.NotificationController.getNotifications()
2026-05-09 00:14:10 [http-nio-8082-exec-3] INFO  c.w.product.aspect.LoggingAspect - ==> SERVICE METHOD CALLED: com.warehouse.product.service.ProductService.getAllProducts()
2026-05-09 00:14:10 [http-nio-8082-exec-3] INFO  c.w.product.aspect.LoggingAspect - ==> METHOD: getAllProducts() COMPLETED IN: 11 ms
2026-05-09 00:14:20 [http-nio-8082-exec-4] INFO  c.w.product.aspect.LoggingAspect - ==> API REQUEST: com.warehouse.product.controller.NotificationController.getNotifications()
2026-05-09 00:14:20 [http-nio-8082-exec-4] INFO  c.w.product.aspect.LoggingAspect - ==> SERVICE METHOD CALLED: com.warehouse.product.service.ProductService.getAllProducts()
2026-05-09 00:14:20 [http-nio-8082-exec-4] INFO  c.w.product.aspect.LoggingAspect - ==> METHOD: getAllProducts() COMPLETED IN: 8 ms
2026-05-09 00:14:25 [http-nio-8082-exec-5] INFO  c.w.product.aspect.LoggingAspect - ==> API REQUEST: com.warehouse.product.controller.NotificationController.getNotifications()
2026-05-09 00:14:25 [http-nio-8082-exec-5] INFO  c.w.product.aspect.LoggingAspect - ==> SERVICE METHOD CALLED: com.warehouse.product.service.ProductService.getAllProducts()
2026-05-09 00:14:25 [http-nio-8082-exec-5] INFO  c.w.product.aspect.LoggingAspect - ==> METHOD: getAllProducts() COMPLETED IN: 6 ms
2026-05-09 00:14:26 [http-nio-8082-exec-8] INFO  c.w.product.aspect.LoggingAspect - ==> API REQUEST: com.warehouse.product.controller.NotificationController.getNotifications()
2026-05-09 00:14:26 [http-nio-8082-exec-8] INFO  c.w.product.aspect.LoggingAspect - ==> SERVICE METHOD CALLED: com.warehouse.product.service.ProductService.getAllProducts()
2026-05-09 00:14:26 [http-nio-8082-exec-8] INFO  c.w.product.aspect.LoggingAspect - ==> METHOD: getAllProducts() COMPLETED IN: 0 ms
2026-05-09 00:14:27 [http-nio-8082-exec-9] INFO  c.w.product.aspect.LoggingAspect - ==> API REQUEST: com.warehouse.product.controller.NotificationController.getNotifications()
2026-05-09 00:14:27 [http-nio-8082-exec-9] INFO  c.w.product.aspect.LoggingAspect - ==> SERVICE METHOD CALLED: com.warehouse.product.service.ProductService.getAllProducts()
2026-05-09 00:14:27 [http-nio-8082-exec-9] INFO  c.w.product.aspect.LoggingAspect - ==> METHOD: getAllProducts() COMPLETED IN: 12 ms
2026-05-09 18:09:23 [http-nio-8082-exec-1] INFO  c.w.product.aspect.LoggingAspect - ==> API REQUEST: com.warehouse.product.controller.NotificationController.getNotifications()
2026-05-09 18:09:23 [http-nio-8082-exec-2] INFO  c.w.product.aspect.LoggingAspect - ==> API REQUEST: com.warehouse.product.controller.ProductController.getAllProducts()
2026-05-09 18:09:23 [http-nio-8082-exec-1] INFO  c.w.product.aspect.LoggingAspect - ==> SERVICE METHOD CALLED: com.warehouse.product.service.ProductService.getAllProducts()
2026-05-09 18:09:23 [http-nio-8082-exec-2] INFO  c.w.product.aspect.LoggingAspect - ==> SERVICE METHOD CALLED: com.warehouse.product.service.ProductService.getAllProducts()
2026-05-09 18:09:25 [http-nio-8082-exec-2] INFO  c.w.product.aspect.LoggingAspect - ==> METHOD: getAllProducts() COMPLETED IN: 1696 ms
2026-05-09 18:09:25 [http-nio-8082-exec-1] INFO  c.w.product.aspect.LoggingAspect - ==> METHOD: getAllProducts() COMPLETED IN: 1696 ms
2026-05-09 18:09:49 [http-nio-8082-exec-4] INFO  c.w.product.aspect.LoggingAspect - ==> API REQUEST: com.warehouse.product.controller.ProductController.getAllProducts()
2026-05-09 18:09:49 [http-nio-8082-exec-3] INFO  c.w.product.aspect.LoggingAspect - ==> API REQUEST: com.warehouse.product.controller.NotificationController.getNotifications()
2026-05-09 18:09:49 [http-nio-8082-exec-3] INFO  c.w.product.aspect.LoggingAspect - ==> SERVICE METHOD CALLED: com.warehouse.product.service.ProductService.getAllProducts()
2026-05-09 18:09:49 [http-nio-8082-exec-4] INFO  c.w.product.aspect.LoggingAspect - ==> SERVICE METHOD CALLED: com.warehouse.product.service.ProductService.getAllProducts()
2026-05-09 18:09:49 [http-nio-8082-exec-4] INFO  c.w.product.aspect.LoggingAspect - ==> METHOD: getAllProducts() COMPLETED IN: 87 ms
2026-05-09 18:09:49 [http-nio-8082-exec-3] INFO  c.w.product.aspect.LoggingAspect - ==> METHOD: getAllProducts() COMPLETED IN: 89 ms
2026-05-09 18:10:54 [http-nio-8082-exec-8] INFO  c.w.product.aspect.LoggingAspect - ==> API REQUEST: com.warehouse.product.controller.NotificationController.getNotifications()
2026-05-09 18:10:54 [http-nio-8082-exec-7] INFO  c.w.product.aspect.LoggingAspect - ==> API REQUEST: com.warehouse.product.controller.ProductController.getAllProducts()
2026-05-09 18:10:54 [http-nio-8082-exec-8] INFO  c.w.product.aspect.LoggingAspect - ==> SERVICE METHOD CALLED: com.warehouse.product.service.ProductService.getAllProducts()
2026-05-09 18:10:54 [http-nio-8082-exec-7] INFO  c.w.product.aspect.LoggingAspect - ==> SERVICE METHOD CALLED: com.warehouse.product.service.ProductService.getAllProducts()
2026-05-09 18:10:55 [http-nio-8082-exec-8] INFO  c.w.product.aspect.LoggingAspect - ==> METHOD: getAllProducts() COMPLETED IN: 849 ms
2026-05-09 18:10:55 [http-nio-8082-exec-7] INFO  c.w.product.aspect.LoggingAspect - ==> METHOD: getAllProducts() COMPLETED IN: 849 ms
2026-05-09 18:10:59 [http-nio-8082-exec-9] INFO  c.w.product.aspect.LoggingAspect - ==> API REQUEST: com.warehouse.product.controller.NotificationController.getNotifications()
2026-05-09 18:10:59 [http-nio-8082-exec-9] INFO  c.w.product.aspect.LoggingAspect - ==> SERVICE METHOD CALLED: com.warehouse.product.service.ProductService.getAllProducts()
2026-05-09 18:10:59 [http-nio-8082-exec-9] INFO  c.w.product.aspect.LoggingAspect - ==> METHOD: getAllProducts() COMPLETED IN: 23 ms
2026-05-09 18:11:20 [http-nio-8082-exec-10] INFO  c.w.product.aspect.LoggingAspect - ==> API REQUEST: com.warehouse.product.controller.ProductController.getAllProducts()
2026-05-09 18:11:20 [http-nio-8082-exec-10] INFO  c.w.product.aspect.LoggingAspect - ==> SERVICE METHOD CALLED: com.warehouse.product.service.ProductService.getAllProducts()
2026-05-09 18:11:20 [http-nio-8082-exec-1] INFO  c.w.product.aspect.LoggingAspect - ==> API REQUEST: com.warehouse.product.controller.NotificationController.getNotifications()
2026-05-09 18:11:20 [http-nio-8082-exec-1] INFO  c.w.product.aspect.LoggingAspect - ==> SERVICE METHOD CALLED: com.warehouse.product.service.ProductService.getAllProducts()
2026-05-09 18:11:20 [http-nio-8082-exec-10] INFO  c.w.product.aspect.LoggingAspect - ==> METHOD: getAllProducts() COMPLETED IN: 93 ms
2026-05-09 18:11:20 [http-nio-8082-exec-1] INFO  c.w.product.aspect.LoggingAspect - ==> METHOD: getAllProducts() COMPLETED IN: 153 ms
2026-05-09 18:11:24 [http-nio-8082-exec-2] INFO  c.w.product.aspect.LoggingAspect - ==> API REQUEST: com.warehouse.product.controller.NotificationController.getNotifications()
2026-05-09 18:11:24 [http-nio-8082-exec-2] INFO  c.w.product.aspect.LoggingAspect - ==> SERVICE METHOD CALLED: com.warehouse.product.service.ProductService.getAllProducts()
2026-05-09 18:11:24 [http-nio-8082-exec-2] INFO  c.w.product.aspect.LoggingAspect - ==> METHOD: getAllProducts() COMPLETED IN: 5 ms
2026-05-09 18:11:27 [http-nio-8082-exec-3] INFO  c.w.product.aspect.LoggingAspect - ==> API REQUEST: com.warehouse.product.controller.NotificationController.getNotifications()
2026-05-09 18:11:27 [http-nio-8082-exec-3] INFO  c.w.product.aspect.LoggingAspect - ==> SERVICE METHOD CALLED: com.warehouse.product.service.ProductService.getAllProducts()
2026-05-09 18:11:27 [http-nio-8082-exec-3] INFO  c.w.product.aspect.LoggingAspect - ==> METHOD: getAllProducts() COMPLETED IN: 92 ms
2026-05-09 18:11:29 [http-nio-8082-exec-4] INFO  c.w.product.aspect.LoggingAspect - ==> API REQUEST: com.warehouse.product.controller.NotificationController.getNotifications()
2026-05-09 18:11:29 [http-nio-8082-exec-4] INFO  c.w.product.aspect.LoggingAspect - ==> SERVICE METHOD CALLED: com.warehouse.product.service.ProductService.getAllProducts()
2026-05-09 18:11:29 [http-nio-8082-exec-4] INFO  c.w.product.aspect.LoggingAspect - ==> METHOD: getAllProducts() COMPLETED IN: 15 ms
2026-05-09 18:11:36 [http-nio-8082-exec-5] INFO  c.w.product.aspect.LoggingAspect - ==> API REQUEST: com.warehouse.product.controller.NotificationController.getNotifications()
2026-05-09 18:11:36 [http-nio-8082-exec-5] INFO  c.w.product.aspect.LoggingAspect - ==> SERVICE METHOD CALLED: com.warehouse.product.service.ProductService.getAllProducts()
2026-05-09 18:11:36 [http-nio-8082-exec-6] INFO  c.w.product.aspect.LoggingAspect - ==> API REQUEST: com.warehouse.product.controller.ProductController.getAllProducts()
2026-05-09 18:11:36 [http-nio-8082-exec-6] INFO  c.w.product.aspect.LoggingAspect - ==> SERVICE METHOD CALLED: com.warehouse.product.service.ProductService.getAllProducts()
2026-05-09 18:11:37 [http-nio-8082-exec-5] INFO  c.w.product.aspect.LoggingAspect - ==> METHOD: getAllProducts() COMPLETED IN: 245 ms
2026-05-09 18:11:37 [http-nio-8082-exec-6] INFO  c.w.product.aspect.LoggingAspect - ==> METHOD: getAllProducts() COMPLETED IN: 175 ms
2026-05-09 18:11:42 [http-nio-8082-exec-8] INFO  c.w.product.aspect.LoggingAspect - ==> API REQUEST: com.warehouse.product.controller.NotificationController.getNotifications()
2026-05-09 18:11:42 [http-nio-8082-exec-8] INFO  c.w.product.aspect.LoggingAspect - ==> SERVICE METHOD CALLED: com.warehouse.product.service.ProductService.getAllProducts()
2026-05-09 18:11:42 [http-nio-8082-exec-8] INFO  c.w.product.aspect.LoggingAspect - ==> METHOD: getAllProducts() COMPLETED IN: 102 ms
2026-05-09 18:11:50 [http-nio-8082-exec-7] INFO  c.w.product.aspect.LoggingAspect - ==> API REQUEST: com.warehouse.product.controller.NotificationController.getNotifications()
2026-05-09 18:11:50 [http-nio-8082-exec-7] INFO  c.w.product.aspect.LoggingAspect - ==> SERVICE METHOD CALLED: com.warehouse.product.service.ProductService.getAllProducts()
2026-05-09 18:11:50 [http-nio-8082-exec-7] INFO  c.w.product.aspect.LoggingAspect - ==> METHOD: getAllProducts() COMPLETED IN: 9 ms
2026-05-09 18:11:51 [http-nio-8082-exec-9] INFO  c.w.product.aspect.LoggingAspect - ==> API REQUEST: com.warehouse.product.controller.NotificationController.getNotifications()
2026-05-09 18:11:51 [http-nio-8082-exec-9] INFO  c.w.product.aspect.LoggingAspect - ==> SERVICE METHOD CALLED: com.warehouse.product.service.ProductService.getAllProducts()
2026-05-09 18:11:51 [http-nio-8082-exec-10] INFO  c.w.product.aspect.LoggingAspect - ==> API REQUEST: com.warehouse.product.controller.ProductController.getAllProducts()
2026-05-09 18:11:51 [http-nio-8082-exec-10] INFO  c.w.product.aspect.LoggingAspect - ==> SERVICE METHOD CALLED: com.warehouse.product.service.ProductService.getAllProducts()
2026-05-09 18:11:51 [http-nio-8082-exec-9] INFO  c.w.product.aspect.LoggingAspect - ==> METHOD: getAllProducts() COMPLETED IN: 16 ms
2026-05-09 18:11:52 [http-nio-8082-exec-10] INFO  c.w.product.aspect.LoggingAspect - ==> METHOD: getAllProducts() COMPLETED IN: 49 ms
2026-05-09 18:11:53 [http-nio-8082-exec-1] INFO  c.w.product.aspect.LoggingAspect - ==> API REQUEST: com.warehouse.product.controller.NotificationController.getNotifications()
2026-05-09 18:11:53 [http-nio-8082-exec-1] INFO  c.w.product.aspect.LoggingAspect - ==> SERVICE METHOD CALLED: com.warehouse.product.service.ProductService.getAllProducts()
2026-05-09 18:11:53 [http-nio-8082-exec-1] INFO  c.w.product.aspect.LoggingAspect - ==> METHOD: getAllProducts() COMPLETED IN: 112 ms
2026-05-09 18:11:54 [http-nio-8082-exec-2] INFO  c.w.product.aspect.LoggingAspect - ==> API REQUEST: com.warehouse.product.controller.NotificationController.getNotifications()
2026-05-09 18:11:54 [http-nio-8082-exec-2] INFO  c.w.product.aspect.LoggingAspect - ==> SERVICE METHOD CALLED: com.warehouse.product.service.ProductService.getAllProducts()
2026-05-09 18:11:54 [http-nio-8082-exec-2] INFO  c.w.product.aspect.LoggingAspect - ==> METHOD: getAllProducts() COMPLETED IN: 12 ms
2026-05-09 18:11:57 [http-nio-8082-exec-3] INFO  c.w.product.aspect.LoggingAspect - ==> API REQUEST: com.warehouse.product.controller.NotificationController.getNotifications()
2026-05-09 18:11:57 [http-nio-8082-exec-3] INFO  c.w.product.aspect.LoggingAspect - ==> SERVICE METHOD CALLED: com.warehouse.product.service.ProductService.getAllProducts()
2026-05-09 18:11:57 [http-nio-8082-exec-3] INFO  c.w.product.aspect.LoggingAspect - ==> METHOD: getAllProducts() COMPLETED IN: 10 ms
2026-05-09 18:11:59 [http-nio-8082-exec-4] INFO  c.w.product.aspect.LoggingAspect - ==> API REQUEST: com.warehouse.product.controller.NotificationController.getNotifications()
2026-05-09 18:11:59 [http-nio-8082-exec-4] INFO  c.w.product.aspect.LoggingAspect - ==> SERVICE METHOD CALLED: com.warehouse.product.service.ProductService.getAllProducts()
2026-05-09 18:11:59 [http-nio-8082-exec-4] INFO  c.w.product.aspect.LoggingAspect - ==> METHOD: getAllProducts() COMPLETED IN: 57 ms
2026-05-09 18:12:07 [http-nio-8082-exec-5] INFO  c.w.product.aspect.LoggingAspect - ==> API REQUEST: com.warehouse.product.controller.NotificationController.getNotifications()
2026-05-09 18:12:07 [http-nio-8082-exec-5] INFO  c.w.product.aspect.LoggingAspect - ==> SERVICE METHOD CALLED: com.warehouse.product.service.ProductService.getAllProducts()
2026-05-09 18:12:07 [http-nio-8082-exec-5] INFO  c.w.product.aspect.LoggingAspect - ==> METHOD: getAllProducts() COMPLETED IN: 12 ms
2026-05-09 18:12:13 [http-nio-8082-exec-6] INFO  c.w.product.aspect.LoggingAspect - ==> API REQUEST: com.warehouse.product.controller.NotificationController.getNotifications()
2026-05-09 18:12:13 [http-nio-8082-exec-6] INFO  c.w.product.aspect.LoggingAspect - ==> SERVICE METHOD CALLED: com.warehouse.product.service.ProductService.getAllProducts()
2026-05-09 18:12:13 [http-nio-8082-exec-6] INFO  c.w.product.aspect.LoggingAspect - ==> METHOD: getAllProducts() COMPLETED IN: 16 ms
2026-05-09 18:12:20 [http-nio-8082-exec-8] INFO  c.w.product.aspect.LoggingAspect - ==> API REQUEST: com.warehouse.product.controller.NotificationController.getNotifications()
2026-05-09 18:12:20 [http-nio-8082-exec-8] INFO  c.w.product.aspect.LoggingAspect - ==> SERVICE METHOD CALLED: com.warehouse.product.service.ProductService.getAllProducts()
2026-05-09 18:12:20 [http-nio-8082-exec-8] INFO  c.w.product.aspect.LoggingAspect - ==> METHOD: getAllProducts() COMPLETED IN: 11 ms
2026-05-09 18:12:22 [http-nio-8082-exec-7] INFO  c.w.product.aspect.LoggingAspect - ==> API REQUEST: com.warehouse.product.controller.NotificationController.getNotifications()
2026-05-09 18:12:22 [http-nio-8082-exec-7] INFO  c.w.product.aspect.LoggingAspect - ==> SERVICE METHOD CALLED: com.warehouse.product.service.ProductService.getAllProducts()
2026-05-09 18:12:22 [http-nio-8082-exec-7] INFO  c.w.product.aspect.LoggingAspect - ==> METHOD: getAllProducts() COMPLETED IN: 50 ms
2026-05-09 18:12:24 [http-nio-8082-exec-9] INFO  c.w.product.aspect.LoggingAspect - ==> API REQUEST: com.warehouse.product.controller.NotificationController.getNotifications()
2026-05-09 18:12:24 [http-nio-8082-exec-9] INFO  c.w.product.aspect.LoggingAspect - ==> SERVICE METHOD CALLED: com.warehouse.product.service.ProductService.getAllProducts()
2026-05-09 18:12:24 [http-nio-8082-exec-9] INFO  c.w.product.aspect.LoggingAspect - ==> METHOD: getAllProducts() COMPLETED IN: 78 ms
2026-05-09 18:12:24 [http-nio-8082-exec-10] INFO  c.w.product.aspect.LoggingAspect - ==> API REQUEST: com.warehouse.product.controller.NotificationController.getNotifications()
2026-05-09 18:12:24 [http-nio-8082-exec-10] INFO  c.w.product.aspect.LoggingAspect - ==> SERVICE METHOD CALLED: com.warehouse.product.service.ProductService.getAllProducts()
2026-05-09 18:12:24 [http-nio-8082-exec-10] INFO  c.w.product.aspect.LoggingAspect - ==> METHOD: getAllProducts() COMPLETED IN: 20 ms
2026-05-09 18:12:28 [http-nio-8082-exec-1] INFO  c.w.product.aspect.LoggingAspect - ==> API REQUEST: com.warehouse.product.controller.NotificationController.getNotifications()
2026-05-09 18:12:28 [http-nio-8082-exec-1] INFO  c.w.product.aspect.LoggingAspect - ==> SERVICE METHOD CALLED: com.warehouse.product.service.ProductService.getAllProducts()
2026-05-09 18:12:28 [http-nio-8082-exec-1] INFO  c.w.product.aspect.LoggingAspect - ==> METHOD: getAllProducts() COMPLETED IN: 13 ms
2026-05-09 18:12:29 [http-nio-8082-exec-2] INFO  c.w.product.aspect.LoggingAspect - ==> API REQUEST: com.warehouse.product.controller.NotificationController.getNotifications()
2026-05-09 18:12:29 [http-nio-8082-exec-2] INFO  c.w.product.aspect.LoggingAspect - ==> SERVICE METHOD CALLED: com.warehouse.product.service.ProductService.getAllProducts()
2026-05-09 18:12:29 [http-nio-8082-exec-2] INFO  c.w.product.aspect.LoggingAspect - ==> METHOD: getAllProducts() COMPLETED IN: 13 ms
2026-05-09 18:12:37 [http-nio-8082-exec-3] INFO  c.w.product.aspect.LoggingAspect - ==> API REQUEST: com.warehouse.product.controller.NotificationController.getNotifications()
2026-05-09 18:12:37 [http-nio-8082-exec-3] INFO  c.w.product.aspect.LoggingAspect - ==> SERVICE METHOD CALLED: com.warehouse.product.service.ProductService.getAllProducts()
2026-05-09 18:12:37 [http-nio-8082-exec-3] INFO  c.w.product.aspect.LoggingAspect - ==> METHOD: getAllProducts() COMPLETED IN: 113 ms
2026-05-09 18:12:43 [http-nio-8082-exec-4] INFO  c.w.product.aspect.LoggingAspect - ==> API REQUEST: com.warehouse.product.controller.NotificationController.getNotifications()
2026-05-09 18:12:43 [http-nio-8082-exec-4] INFO  c.w.product.aspect.LoggingAspect - ==> SERVICE METHOD CALLED: com.warehouse.product.service.ProductService.getAllProducts()
2026-05-09 18:12:43 [http-nio-8082-exec-4] INFO  c.w.product.aspect.LoggingAspect - ==> METHOD: getAllProducts() COMPLETED IN: 18 ms
2026-05-09 18:12:50 [http-nio-8082-exec-5] INFO  c.w.product.aspect.LoggingAspect - ==> API REQUEST: com.warehouse.product.controller.NotificationController.getNotifications()
2026-05-09 18:12:50 [http-nio-8082-exec-5] INFO  c.w.product.aspect.LoggingAspect - ==> SERVICE METHOD CALLED: com.warehouse.product.service.ProductService.getAllProducts()
2026-05-09 18:12:50 [http-nio-8082-exec-5] INFO  c.w.product.aspect.LoggingAspect - ==> METHOD: getAllProducts() COMPLETED IN: 8 ms
2026-05-09 18:12:52 [http-nio-8082-exec-6] INFO  c.w.product.aspect.LoggingAspect - ==> API REQUEST: com.warehouse.product.controller.NotificationController.getNotifications()
2026-05-09 18:12:52 [http-nio-8082-exec-6] INFO  c.w.product.aspect.LoggingAspect - ==> SERVICE METHOD CALLED: com.warehouse.product.service.ProductService.getAllProducts()
2026-05-09 18:12:52 [http-nio-8082-exec-6] INFO  c.w.product.aspect.LoggingAspect - ==> METHOD: getAllProducts() COMPLETED IN: 14 ms
2026-05-09 18:12:53 [http-nio-8082-exec-8] INFO  c.w.product.aspect.LoggingAspect - ==> API REQUEST: com.warehouse.product.controller.NotificationController.getNotifications()
2026-05-09 18:12:53 [http-nio-8082-exec-8] INFO  c.w.product.aspect.LoggingAspect - ==> SERVICE METHOD CALLED: com.warehouse.product.service.ProductService.getAllProducts()
2026-05-09 18:12:53 [http-nio-8082-exec-8] INFO  c.w.product.aspect.LoggingAspect - ==> METHOD: getAllProducts() COMPLETED IN: 37 ms
2026-05-09 18:12:54 [http-nio-8082-exec-7] INFO  c.w.product.aspect.LoggingAspect - ==> API REQUEST: com.warehouse.product.controller.NotificationController.getNotifications()
2026-05-09 18:12:54 [http-nio-8082-exec-7] INFO  c.w.product.aspect.LoggingAspect - ==> SERVICE METHOD CALLED: com.warehouse.product.service.ProductService.getAllProducts()
2026-05-09 18:12:54 [http-nio-8082-exec-7] INFO  c.w.product.aspect.LoggingAspect - ==> METHOD: getAllProducts() COMPLETED IN: 16 ms
2026-05-09 18:12:56 [http-nio-8082-exec-9] INFO  c.w.product.aspect.LoggingAspect - ==> API REQUEST: com.warehouse.product.controller.NotificationController.getNotifications()
2026-05-09 18:12:56 [http-nio-8082-exec-9] INFO  c.w.product.aspect.LoggingAspect - ==> SERVICE METHOD CALLED: com.warehouse.product.service.ProductService.getAllProducts()
2026-05-09 18:12:56 [http-nio-8082-exec-10] INFO  c.w.product.aspect.LoggingAspect - ==> API REQUEST: com.warehouse.product.controller.ProductController.getAllProducts()
2026-05-09 18:12:56 [http-nio-8082-exec-10] INFO  c.w.product.aspect.LoggingAspect - ==> SERVICE METHOD CALLED: com.warehouse.product.service.ProductService.getAllProducts()
2026-05-09 18:12:56 [http-nio-8082-exec-9] INFO  c.w.product.aspect.LoggingAspect - ==> METHOD: getAllProducts() COMPLETED IN: 10 ms
2026-05-09 18:12:56 [http-nio-8082-exec-10] INFO  c.w.product.aspect.LoggingAspect - ==> METHOD: getAllProducts() COMPLETED IN: 20 ms
2026-05-09 18:12:57 [http-nio-8082-exec-1] INFO  c.w.product.aspect.LoggingAspect - ==> API REQUEST: com.warehouse.product.controller.NotificationController.getNotifications()
2026-05-09 18:12:57 [http-nio-8082-exec-1] INFO  c.w.product.aspect.LoggingAspect - ==> SERVICE METHOD CALLED: com.warehouse.product.service.ProductService.getAllProducts()
2026-05-09 18:12:57 [http-nio-8082-exec-1] INFO  c.w.product.aspect.LoggingAspect - ==> METHOD: getAllProducts() COMPLETED IN: 14 ms
2026-05-09 18:12:58 [http-nio-8082-exec-2] INFO  c.w.product.aspect.LoggingAspect - ==> API REQUEST: com.warehouse.product.controller.NotificationController.getNotifications()
2026-05-09 18:12:58 [http-nio-8082-exec-2] INFO  c.w.product.aspect.LoggingAspect - ==> SERVICE METHOD CALLED: com.warehouse.product.service.ProductService.getAllProducts()
2026-05-09 18:12:58 [http-nio-8082-exec-3] INFO  c.w.product.aspect.LoggingAspect - ==> API REQUEST: com.warehouse.product.controller.ProductController.getAllProducts()
2026-05-09 18:12:58 [http-nio-8082-exec-2] INFO  c.w.product.aspect.LoggingAspect - ==> METHOD: getAllProducts() COMPLETED IN: 34 ms
2026-05-09 18:12:58 [http-nio-8082-exec-3] INFO  c.w.product.aspect.LoggingAspect - ==> SERVICE METHOD CALLED: com.warehouse.product.service.ProductService.getAllProducts()
2026-05-09 18:12:58 [http-nio-8082-exec-3] INFO  c.w.product.aspect.LoggingAspect - ==> METHOD: getAllProducts() COMPLETED IN: 33 ms
2026-05-09 18:12:59 [http-nio-8082-exec-4] INFO  c.w.product.aspect.LoggingAspect - ==> API REQUEST: com.warehouse.product.controller.NotificationController.getNotifications()
2026-05-09 18:12:59 [http-nio-8082-exec-4] INFO  c.w.product.aspect.LoggingAspect - ==> SERVICE METHOD CALLED: com.warehouse.product.service.ProductService.getAllProducts()
2026-05-09 18:12:59 [http-nio-8082-exec-4] INFO  c.w.product.aspect.LoggingAspect - ==> METHOD: getAllProducts() COMPLETED IN: 13 ms
2026-05-09 18:13:07 [http-nio-8082-exec-5] INFO  c.w.product.aspect.LoggingAspect - ==> API REQUEST: com.warehouse.product.controller.NotificationController.getNotifications()
2026-05-09 18:13:07 [http-nio-8082-exec-5] INFO  c.w.product.aspect.LoggingAspect - ==> SERVICE METHOD CALLED: com.warehouse.product.service.ProductService.getAllProducts()
2026-05-09 18:13:08 [http-nio-8082-exec-5] INFO  c.w.product.aspect.LoggingAspect - ==> METHOD: getAllProducts() COMPLETED IN: 145 ms
2026-05-09 18:13:13 [http-nio-8082-exec-6] INFO  c.w.product.aspect.LoggingAspect - ==> API REQUEST: com.warehouse.product.controller.NotificationController.getNotifications()
2026-05-09 18:13:13 [http-nio-8082-exec-6] INFO  c.w.product.aspect.LoggingAspect - ==> SERVICE METHOD CALLED: com.warehouse.product.service.ProductService.getAllProducts()
2026-05-09 18:13:13 [http-nio-8082-exec-6] INFO  c.w.product.aspect.LoggingAspect - ==> METHOD: getAllProducts() COMPLETED IN: 11 ms
2026-05-09 18:13:18 [http-nio-8082-exec-8] INFO  c.w.product.aspect.LoggingAspect - ==> API REQUEST: com.warehouse.product.controller.NotificationController.getNotifications()
2026-05-09 18:13:18 [http-nio-8082-exec-8] INFO  c.w.product.aspect.LoggingAspect - ==> SERVICE METHOD CALLED: com.warehouse.product.service.ProductService.getAllProducts()
2026-05-09 18:13:18 [http-nio-8082-exec-8] INFO  c.w.product.aspect.LoggingAspect - ==> METHOD: getAllProducts() COMPLETED IN: 46 ms
2026-05-09 18:13:20 [http-nio-8082-exec-7] INFO  c.w.product.aspect.LoggingAspect - ==> API REQUEST: com.warehouse.product.controller.NotificationController.getNotifications()
2026-05-09 18:13:20 [http-nio-8082-exec-7] INFO  c.w.product.aspect.LoggingAspect - ==> SERVICE METHOD CALLED: com.warehouse.product.service.ProductService.getAllProducts()
2026-05-09 18:13:20 [http-nio-8082-exec-7] INFO  c.w.product.aspect.LoggingAspect - ==> METHOD: getAllProducts() COMPLETED IN: 10 ms
2026-05-09 18:13:21 [http-nio-8082-exec-9] INFO  c.w.product.aspect.LoggingAspect - ==> API REQUEST: com.warehouse.product.controller.NotificationController.getNotifications()
2026-05-09 18:13:21 [http-nio-8082-exec-9] INFO  c.w.product.aspect.LoggingAspect - ==> SERVICE METHOD CALLED: com.warehouse.product.service.ProductService.getAllProducts()
2026-05-09 18:13:21 [http-nio-8082-exec-9] INFO  c.w.product.aspect.LoggingAspect - ==> METHOD: getAllProducts() COMPLETED IN: 11 ms
2026-05-09 18:13:22 [http-nio-8082-exec-10] INFO  c.w.product.aspect.LoggingAspect - ==> API REQUEST: com.warehouse.product.controller.NotificationController.getNotifications()
2026-05-09 18:13:22 [http-nio-8082-exec-10] INFO  c.w.product.aspect.LoggingAspect - ==> SERVICE METHOD CALLED: com.warehouse.product.service.ProductService.getAllProducts()
2026-05-09 18:13:22 [http-nio-8082-exec-10] INFO  c.w.product.aspect.LoggingAspect - ==> METHOD: getAllProducts() COMPLETED IN: 21 ms
2026-05-09 18:13:23 [http-nio-8082-exec-1] INFO  c.w.product.aspect.LoggingAspect - ==> API REQUEST: com.warehouse.product.controller.NotificationController.getNotifications()
2026-05-09 18:13:23 [http-nio-8082-exec-1] INFO  c.w.product.aspect.LoggingAspect - ==> SERVICE METHOD CALLED: com.warehouse.product.service.ProductService.getAllProducts()
2026-05-09 18:13:23 [http-nio-8082-exec-1] INFO  c.w.product.aspect.LoggingAspect - ==> METHOD: getAllProducts() COMPLETED IN: 14 ms
2026-05-09 18:13:23 [http-nio-8082-exec-2] INFO  c.w.product.aspect.LoggingAspect - ==> API REQUEST: com.warehouse.product.controller.NotificationController.getNotifications()
2026-05-09 18:13:23 [http-nio-8082-exec-2] INFO  c.w.product.aspect.LoggingAspect - ==> SERVICE METHOD CALLED: com.warehouse.product.service.ProductService.getAllProducts()
2026-05-09 18:13:23 [http-nio-8082-exec-2] INFO  c.w.product.aspect.LoggingAspect - ==> METHOD: getAllProducts() COMPLETED IN: 20 ms
2026-05-09 18:13:24 [http-nio-8082-exec-3] INFO  c.w.product.aspect.LoggingAspect - ==> API REQUEST: com.warehouse.product.controller.NotificationController.getNotifications()
2026-05-09 18:13:24 [http-nio-8082-exec-3] INFO  c.w.product.aspect.LoggingAspect - ==> SERVICE METHOD CALLED: com.warehouse.product.service.ProductService.getAllProducts()
2026-05-09 18:13:24 [http-nio-8082-exec-3] INFO  c.w.product.aspect.LoggingAspect - ==> METHOD: getAllProducts() COMPLETED IN: 7 ms
2026-05-09 18:13:25 [http-nio-8082-exec-5] INFO  c.w.product.aspect.LoggingAspect - ==> API REQUEST: com.warehouse.product.controller.NotificationController.getNotifications()
2026-05-09 18:13:25 [http-nio-8082-exec-4] INFO  c.w.product.aspect.LoggingAspect - ==> API REQUEST: com.warehouse.product.controller.ProductController.getAllProducts()
2026-05-09 18:13:25 [http-nio-8082-exec-4] INFO  c.w.product.aspect.LoggingAspect - ==> SERVICE METHOD CALLED: com.warehouse.product.service.ProductService.getAllProducts()
2026-05-09 18:13:25 [http-nio-8082-exec-5] INFO  c.w.product.aspect.LoggingAspect - ==> SERVICE METHOD CALLED: com.warehouse.product.service.ProductService.getAllProducts()
2026-05-09 18:13:25 [http-nio-8082-exec-5] INFO  c.w.product.aspect.LoggingAspect - ==> METHOD: getAllProducts() COMPLETED IN: 61 ms
2026-05-09 18:13:25 [http-nio-8082-exec-4] INFO  c.w.product.aspect.LoggingAspect - ==> METHOD: getAllProducts() COMPLETED IN: 115 ms
2026-05-09 18:13:26 [http-nio-8082-exec-6] INFO  c.w.product.aspect.LoggingAspect - ==> API REQUEST: com.warehouse.product.controller.NotificationController.getNotifications()
2026-05-09 18:13:26 [http-nio-8082-exec-6] INFO  c.w.product.aspect.LoggingAspect - ==> SERVICE METHOD CALLED: com.warehouse.product.service.ProductService.getAllProducts()
2026-05-09 18:13:26 [http-nio-8082-exec-6] INFO  c.w.product.aspect.LoggingAspect - ==> METHOD: getAllProducts() COMPLETED IN: 17 ms
2026-05-09 18:13:27 [http-nio-8082-exec-8] INFO  c.w.product.aspect.LoggingAspect - ==> API REQUEST: com.warehouse.product.controller.NotificationController.getNotifications()
2026-05-09 18:13:27 [http-nio-8082-exec-8] INFO  c.w.product.aspect.LoggingAspect - ==> SERVICE METHOD CALLED: com.warehouse.product.service.ProductService.getAllProducts()
2026-05-09 18:13:27 [http-nio-8082-exec-8] INFO  c.w.product.aspect.LoggingAspect - ==> METHOD: getAllProducts() COMPLETED IN: 9 ms
2026-05-09 18:13:28 [http-nio-8082-exec-7] INFO  c.w.product.aspect.LoggingAspect - ==> API REQUEST: com.warehouse.product.controller.NotificationController.getNotifications()
2026-05-09 18:13:28 [http-nio-8082-exec-7] INFO  c.w.product.aspect.LoggingAspect - ==> SERVICE METHOD CALLED: com.warehouse.product.service.ProductService.getAllProducts()
2026-05-09 18:13:28 [http-nio-8082-exec-7] INFO  c.w.product.aspect.LoggingAspect - ==> METHOD: getAllProducts() COMPLETED IN: 12 ms
2026-05-09 18:13:29 [http-nio-8082-exec-9] INFO  c.w.product.aspect.LoggingAspect - ==> API REQUEST: com.warehouse.product.controller.NotificationController.getNotifications()
2026-05-09 18:13:29 [http-nio-8082-exec-9] INFO  c.w.product.aspect.LoggingAspect - ==> SERVICE METHOD CALLED: com.warehouse.product.service.ProductService.getAllProducts()
2026-05-09 18:13:29 [http-nio-8082-exec-9] INFO  c.w.product.aspect.LoggingAspect - ==> METHOD: getAllProducts() COMPLETED IN: 14 ms
2026-05-09 18:13:29 [http-nio-8082-exec-10] INFO  c.w.product.aspect.LoggingAspect - ==> API REQUEST: com.warehouse.product.controller.NotificationController.getNotifications()
2026-05-09 18:13:29 [http-nio-8082-exec-10] INFO  c.w.product.aspect.LoggingAspect - ==> SERVICE METHOD CALLED: com.warehouse.product.service.ProductService.getAllProducts()
2026-05-09 18:13:29 [http-nio-8082-exec-10] INFO  c.w.product.aspect.LoggingAspect - ==> METHOD: getAllProducts() COMPLETED IN: 16 ms
2026-05-09 18:13:36 [http-nio-8082-exec-1] INFO  c.w.product.aspect.LoggingAspect - ==> API REQUEST: com.warehouse.product.controller.NotificationController.getNotifications()
2026-05-09 18:13:36 [http-nio-8082-exec-1] INFO  c.w.product.aspect.LoggingAspect - ==> SERVICE METHOD CALLED: com.warehouse.product.service.ProductService.getAllProducts()
2026-05-09 18:13:36 [http-nio-8082-exec-1] INFO  c.w.product.aspect.LoggingAspect - ==> METHOD: getAllProducts() COMPLETED IN: 9 ms
2026-05-09 18:13:42 [http-nio-8082-exec-2] INFO  c.w.product.aspect.LoggingAspect - ==> API REQUEST: com.warehouse.product.controller.NotificationController.getNotifications()
2026-05-09 18:13:42 [http-nio-8082-exec-2] INFO  c.w.product.aspect.LoggingAspect - ==> SERVICE METHOD CALLED: com.warehouse.product.service.ProductService.getAllProducts()
2026-05-09 18:13:42 [http-nio-8082-exec-2] INFO  c.w.product.aspect.LoggingAspect - ==> METHOD: getAllProducts() COMPLETED IN: 13 ms
2026-05-09 18:13:48 [http-nio-8082-exec-3] INFO  c.w.product.aspect.LoggingAspect - ==> API REQUEST: com.warehouse.product.controller.NotificationController.getNotifications()
2026-05-09 18:13:48 [http-nio-8082-exec-3] INFO  c.w.product.aspect.LoggingAspect - ==> SERVICE METHOD CALLED: com.warehouse.product.service.ProductService.getAllProducts()
2026-05-09 18:13:48 [http-nio-8082-exec-3] INFO  c.w.product.aspect.LoggingAspect - ==> METHOD: getAllProducts() COMPLETED IN: 12 ms
2026-05-09 18:13:50 [http-nio-8082-exec-5] INFO  c.w.product.aspect.LoggingAspect - ==> API REQUEST: com.warehouse.product.controller.NotificationController.getNotifications()
2026-05-09 18:13:50 [http-nio-8082-exec-5] INFO  c.w.product.aspect.LoggingAspect - ==> SERVICE METHOD CALLED: com.warehouse.product.service.ProductService.getAllProducts()
2026-05-09 18:13:50 [http-nio-8082-exec-5] INFO  c.w.product.aspect.LoggingAspect - ==> METHOD: getAllProducts() COMPLETED IN: 12 ms
2026-05-09 18:13:51 [http-nio-8082-exec-4] INFO  c.w.product.aspect.LoggingAspect - ==> API REQUEST: com.warehouse.product.controller.NotificationController.getNotifications()
2026-05-09 18:13:51 [http-nio-8082-exec-4] INFO  c.w.product.aspect.LoggingAspect - ==> SERVICE METHOD CALLED: com.warehouse.product.service.ProductService.getAllProducts()
2026-05-09 18:13:52 [http-nio-8082-exec-4] INFO  c.w.product.aspect.LoggingAspect - ==> METHOD: getAllProducts() COMPLETED IN: 10 ms
2026-05-09 18:13:52 [http-nio-8082-exec-6] INFO  c.w.product.aspect.LoggingAspect - ==> API REQUEST: com.warehouse.product.controller.NotificationController.getNotifications()
2026-05-09 18:13:52 [http-nio-8082-exec-6] INFO  c.w.product.aspect.LoggingAspect - ==> SERVICE METHOD CALLED: com.warehouse.product.service.ProductService.getAllProducts()
2026-05-09 18:13:52 [http-nio-8082-exec-6] INFO  c.w.product.aspect.LoggingAspect - ==> METHOD: getAllProducts() COMPLETED IN: 22 ms
2026-05-09 18:13:53 [http-nio-8082-exec-8] INFO  c.w.product.aspect.LoggingAspect - ==> API REQUEST: com.warehouse.product.controller.NotificationController.getNotifications()
2026-05-09 18:13:53 [http-nio-8082-exec-8] INFO  c.w.product.aspect.LoggingAspect - ==> SERVICE METHOD CALLED: com.warehouse.product.service.ProductService.getAllProducts()
2026-05-09 18:13:53 [http-nio-8082-exec-8] INFO  c.w.product.aspect.LoggingAspect - ==> METHOD: getAllProducts() COMPLETED IN: 27 ms
2026-05-09 18:13:53 [http-nio-8082-exec-7] INFO  c.w.product.aspect.LoggingAspect - ==> API REQUEST: com.warehouse.product.controller.NotificationController.getNotifications()
2026-05-09 18:13:53 [http-nio-8082-exec-7] INFO  c.w.product.aspect.LoggingAspect - ==> SERVICE METHOD CALLED: com.warehouse.product.service.ProductService.getAllProducts()
2026-05-09 18:13:53 [http-nio-8082-exec-7] INFO  c.w.product.aspect.LoggingAspect - ==> METHOD: getAllProducts() COMPLETED IN: 7 ms
2026-05-09 18:13:54 [http-nio-8082-exec-9] INFO  c.w.product.aspect.LoggingAspect - ==> API REQUEST: com.warehouse.product.controller.NotificationController.getNotifications()
2026-05-09 18:13:54 [http-nio-8082-exec-9] INFO  c.w.product.aspect.LoggingAspect - ==> SERVICE METHOD CALLED: com.warehouse.product.service.ProductService.getAllProducts()
2026-05-09 18:13:54 [http-nio-8082-exec-9] INFO  c.w.product.aspect.LoggingAspect - ==> METHOD: getAllProducts() COMPLETED IN: 19 ms
2026-05-09 18:13:55 [http-nio-8082-exec-10] INFO  c.w.product.aspect.LoggingAspect - ==> API REQUEST: com.warehouse.product.controller.NotificationController.getNotifications()
2026-05-09 18:13:55 [http-nio-8082-exec-10] INFO  c.w.product.aspect.LoggingAspect - ==> SERVICE METHOD CALLED: com.warehouse.product.service.ProductService.getAllProducts()
2026-05-09 18:13:55 [http-nio-8082-exec-10] INFO  c.w.product.aspect.LoggingAspect - ==> METHOD: getAllProducts() COMPLETED IN: 10 ms
2026-05-09 18:13:56 [http-nio-8082-exec-1] INFO  c.w.product.aspect.LoggingAspect - ==> API REQUEST: com.warehouse.product.controller.NotificationController.getNotifications()
2026-05-09 18:13:56 [http-nio-8082-exec-1] INFO  c.w.product.aspect.LoggingAspect - ==> SERVICE METHOD CALLED: com.warehouse.product.service.ProductService.getAllProducts()
2026-05-09 18:13:56 [http-nio-8082-exec-1] INFO  c.w.product.aspect.LoggingAspect - ==> METHOD: getAllProducts() COMPLETED IN: 15 ms
2026-05-09 18:13:57 [http-nio-8082-exec-2] INFO  c.w.product.aspect.LoggingAspect - ==> API REQUEST: com.warehouse.product.controller.NotificationController.getNotifications()
2026-05-09 18:13:57 [http-nio-8082-exec-2] INFO  c.w.product.aspect.LoggingAspect - ==> SERVICE METHOD CALLED: com.warehouse.product.service.ProductService.getAllProducts()
2026-05-09 18:13:57 [http-nio-8082-exec-2] INFO  c.w.product.aspect.LoggingAspect - ==> METHOD: getAllProducts() COMPLETED IN: 10 ms
2026-05-09 18:13:58 [http-nio-8082-exec-3] INFO  c.w.product.aspect.LoggingAspect - ==> API REQUEST: com.warehouse.product.controller.NotificationController.getNotifications()
2026-05-09 18:13:58 [http-nio-8082-exec-3] INFO  c.w.product.aspect.LoggingAspect - ==> SERVICE METHOD CALLED: com.warehouse.product.service.ProductService.getAllProducts()
2026-05-09 18:13:58 [http-nio-8082-exec-3] INFO  c.w.product.aspect.LoggingAspect - ==> METHOD: getAllProducts() COMPLETED IN: 19 ms
2026-05-09 18:13:59 [http-nio-8082-exec-5] INFO  c.w.product.aspect.LoggingAspect - ==> API REQUEST: com.warehouse.product.controller.NotificationController.getNotifications()
2026-05-09 18:13:59 [http-nio-8082-exec-5] INFO  c.w.product.aspect.LoggingAspect - ==> SERVICE METHOD CALLED: com.warehouse.product.service.ProductService.getAllProducts()
2026-05-09 18:13:59 [http-nio-8082-exec-5] INFO  c.w.product.aspect.LoggingAspect - ==> METHOD: getAllProducts() COMPLETED IN: 12 ms
2026-05-09 18:13:59 [http-nio-8082-exec-4] INFO  c.w.product.aspect.LoggingAspect - ==> API REQUEST: com.warehouse.product.controller.NotificationController.getNotifications()
2026-05-09 18:13:59 [http-nio-8082-exec-4] INFO  c.w.product.aspect.LoggingAspect - ==> SERVICE METHOD CALLED: com.warehouse.product.service.ProductService.getAllProducts()
2026-05-09 18:13:59 [http-nio-8082-exec-4] INFO  c.w.product.aspect.LoggingAspect - ==> METHOD: getAllProducts() COMPLETED IN: 6 ms
2026-05-09 18:14:02 [http-nio-8082-exec-6] INFO  c.w.product.aspect.LoggingAspect - ==> API REQUEST: com.warehouse.product.controller.ProductController.getAllProducts()
2026-05-09 18:14:02 [http-nio-8082-exec-6] INFO  c.w.product.aspect.LoggingAspect - ==> SERVICE METHOD CALLED: com.warehouse.product.service.ProductService.getAllProducts()
2026-05-09 18:14:02 [http-nio-8082-exec-8] INFO  c.w.product.aspect.LoggingAspect - ==> API REQUEST: com.warehouse.product.controller.NotificationController.getNotifications()
2026-05-09 18:14:02 [http-nio-8082-exec-8] INFO  c.w.product.aspect.LoggingAspect - ==> SERVICE METHOD CALLED: com.warehouse.product.service.ProductService.getAllProducts()
2026-05-09 18:14:02 [http-nio-8082-exec-6] INFO  c.w.product.aspect.LoggingAspect - ==> METHOD: getAllProducts() COMPLETED IN: 55 ms
2026-05-09 18:14:02 [http-nio-8082-exec-8] INFO  c.w.product.aspect.LoggingAspect - ==> METHOD: getAllProducts() COMPLETED IN: 72 ms
2026-05-09 18:14:06 [http-nio-8082-exec-7] INFO  c.w.product.aspect.LoggingAspect - ==> API REQUEST: com.warehouse.product.controller.NotificationController.getNotifications()
2026-05-09 18:14:06 [http-nio-8082-exec-7] INFO  c.w.product.aspect.LoggingAspect - ==> SERVICE METHOD CALLED: com.warehouse.product.service.ProductService.getAllProducts()
2026-05-09 18:14:06 [http-nio-8082-exec-7] INFO  c.w.product.aspect.LoggingAspect - ==> METHOD: getAllProducts() COMPLETED IN: 6 ms
2026-05-09 18:14:12 [http-nio-8082-exec-9] INFO  c.w.product.aspect.LoggingAspect - ==> API REQUEST: com.warehouse.product.controller.NotificationController.getNotifications()
2026-05-09 18:14:12 [http-nio-8082-exec-9] INFO  c.w.product.aspect.LoggingAspect - ==> SERVICE METHOD CALLED: com.warehouse.product.service.ProductService.getAllProducts()
2026-05-09 18:14:12 [http-nio-8082-exec-9] INFO  c.w.product.aspect.LoggingAspect - ==> METHOD: getAllProducts() COMPLETED IN: 11 ms
2026-05-09 18:14:16 [http-nio-8082-exec-10] INFO  c.w.product.aspect.LoggingAspect - ==> API REQUEST: com.warehouse.product.controller.NotificationController.getNotifications()
2026-05-09 18:14:16 [http-nio-8082-exec-10] INFO  c.w.product.aspect.LoggingAspect - ==> SERVICE METHOD CALLED: com.warehouse.product.service.ProductService.getAllProducts()
2026-05-09 18:14:17 [http-nio-8082-exec-10] INFO  c.w.product.aspect.LoggingAspect - ==> METHOD: getAllProducts() COMPLETED IN: 14 ms
2026-05-09 18:14:18 [http-nio-8082-exec-1] INFO  c.w.product.aspect.LoggingAspect - ==> API REQUEST: com.warehouse.product.controller.NotificationController.getNotifications()
2026-05-09 18:14:18 [http-nio-8082-exec-1] INFO  c.w.product.aspect.LoggingAspect - ==> SERVICE METHOD CALLED: com.warehouse.product.service.ProductService.getAllProducts()
2026-05-09 18:14:18 [http-nio-8082-exec-1] INFO  c.w.product.aspect.LoggingAspect - ==> METHOD: getAllProducts() COMPLETED IN: 8 ms
2026-05-09 18:14:19 [http-nio-8082-exec-2] INFO  c.w.product.aspect.LoggingAspect - ==> API REQUEST: com.warehouse.product.controller.ProductController.getAllProducts()
2026-05-09 18:14:19 [http-nio-8082-exec-2] INFO  c.w.product.aspect.LoggingAspect - ==> SERVICE METHOD CALLED: com.warehouse.product.service.ProductService.getAllProducts()
2026-05-09 18:14:19 [http-nio-8082-exec-3] INFO  c.w.product.aspect.LoggingAspect - ==> API REQUEST: com.warehouse.product.controller.NotificationController.getNotifications()
2026-05-09 18:14:19 [http-nio-8082-exec-3] INFO  c.w.product.aspect.LoggingAspect - ==> SERVICE METHOD CALLED: com.warehouse.product.service.ProductService.getAllProducts()
2026-05-09 18:14:19 [http-nio-8082-exec-2] INFO  c.w.product.aspect.LoggingAspect - ==> METHOD: getAllProducts() COMPLETED IN: 20 ms
2026-05-09 18:14:19 [http-nio-8082-exec-3] INFO  c.w.product.aspect.LoggingAspect - ==> METHOD: getAllProducts() COMPLETED IN: 83 ms
2026-05-09 18:14:20 [http-nio-8082-exec-5] INFO  c.w.product.aspect.LoggingAspect - ==> API REQUEST: com.warehouse.product.controller.NotificationController.getNotifications()
2026-05-09 18:14:20 [http-nio-8082-exec-5] INFO  c.w.product.aspect.LoggingAspect - ==> SERVICE METHOD CALLED: com.warehouse.product.service.ProductService.getAllProducts()
2026-05-09 18:14:20 [http-nio-8082-exec-5] INFO  c.w.product.aspect.LoggingAspect - ==> METHOD: getAllProducts() COMPLETED IN: 13 ms
2026-05-09 18:14:21 [http-nio-8082-exec-4] INFO  c.w.product.aspect.LoggingAspect - ==> API REQUEST: com.warehouse.product.controller.NotificationController.getNotifications()
2026-05-09 18:14:21 [http-nio-8082-exec-4] INFO  c.w.product.aspect.LoggingAspect - ==> SERVICE METHOD CALLED: com.warehouse.product.service.ProductService.getAllProducts()
2026-05-09 18:14:21 [http-nio-8082-exec-4] INFO  c.w.product.aspect.LoggingAspect - ==> METHOD: getAllProducts() COMPLETED IN: 6 ms
2026-05-09 18:14:22 [http-nio-8082-exec-6] INFO  c.w.product.aspect.LoggingAspect - ==> API REQUEST: com.warehouse.product.controller.ProductController.getAllProducts()
2026-05-09 18:14:22 [http-nio-8082-exec-6] INFO  c.w.product.aspect.LoggingAspect - ==> SERVICE METHOD CALLED: com.warehouse.product.service.ProductService.getAllProducts()
2026-05-09 18:14:22 [http-nio-8082-exec-6] INFO  c.w.product.aspect.LoggingAspect - ==> METHOD: getAllProducts() COMPLETED IN: 68 ms
2026-05-09 18:14:22 [http-nio-8082-exec-8] INFO  c.w.product.aspect.LoggingAspect - ==> API REQUEST: com.warehouse.product.controller.NotificationController.getNotifications()
2026-05-09 18:14:22 [http-nio-8082-exec-8] INFO  c.w.product.aspect.LoggingAspect - ==> SERVICE METHOD CALLED: com.warehouse.product.service.ProductService.getAllProducts()
2026-05-09 18:14:22 [http-nio-8082-exec-8] INFO  c.w.product.aspect.LoggingAspect - ==> METHOD: getAllProducts() COMPLETED IN: 20 ms
2026-05-09 18:14:22 [http-nio-8082-exec-7] INFO  c.w.product.aspect.LoggingAspect - ==> API REQUEST: com.warehouse.product.controller.NotificationController.getNotifications()
2026-05-09 18:14:22 [http-nio-8082-exec-7] INFO  c.w.product.aspect.LoggingAspect - ==> SERVICE METHOD CALLED: com.warehouse.product.service.ProductService.getAllProducts()
2026-05-09 18:14:22 [http-nio-8082-exec-7] INFO  c.w.product.aspect.LoggingAspect - ==> METHOD: getAllProducts() COMPLETED IN: 82 ms
2026-05-09 18:14:23 [http-nio-8082-exec-9] INFO  c.w.product.aspect.LoggingAspect - ==> API REQUEST: com.warehouse.product.controller.NotificationController.getNotifications()
2026-05-09 18:14:23 [http-nio-8082-exec-9] INFO  c.w.product.aspect.LoggingAspect - ==> SERVICE METHOD CALLED: com.warehouse.product.service.ProductService.getAllProducts()
2026-05-09 18:14:23 [http-nio-8082-exec-9] INFO  c.w.product.aspect.LoggingAspect - ==> METHOD: getAllProducts() COMPLETED IN: 11 ms
2026-05-09 18:14:23 [http-nio-8082-exec-10] INFO  c.w.product.aspect.LoggingAspect - ==> API REQUEST: com.warehouse.product.controller.NotificationController.getNotifications()
2026-05-09 18:14:23 [http-nio-8082-exec-10] INFO  c.w.product.aspect.LoggingAspect - ==> SERVICE METHOD CALLED: com.warehouse.product.service.ProductService.getAllProducts()
2026-05-09 18:14:23 [http-nio-8082-exec-10] INFO  c.w.product.aspect.LoggingAspect - ==> METHOD: getAllProducts() COMPLETED IN: 13 ms
2026-05-09 18:14:24 [http-nio-8082-exec-1] INFO  c.w.product.aspect.LoggingAspect - ==> API REQUEST: com.warehouse.product.controller.NotificationController.getNotifications()
2026-05-09 18:14:24 [http-nio-8082-exec-1] INFO  c.w.product.aspect.LoggingAspect - ==> SERVICE METHOD CALLED: com.warehouse.product.service.ProductService.getAllProducts()
2026-05-09 18:14:24 [http-nio-8082-exec-1] INFO  c.w.product.aspect.LoggingAspect - ==> METHOD: getAllProducts() COMPLETED IN: 3 ms
2026-05-09 18:14:25 [http-nio-8082-exec-2] INFO  c.w.product.aspect.LoggingAspect - ==> API REQUEST: com.warehouse.product.controller.NotificationController.getNotifications()
2026-05-09 18:14:25 [http-nio-8082-exec-2] INFO  c.w.product.aspect.LoggingAspect - ==> SERVICE METHOD CALLED: com.warehouse.product.service.ProductService.getAllProducts()
2026-05-09 18:14:25 [http-nio-8082-exec-2] INFO  c.w.product.aspect.LoggingAspect - ==> METHOD: getAllProducts() COMPLETED IN: 5 ms
2026-05-09 18:14:27 [http-nio-8082-exec-3] INFO  c.w.product.aspect.LoggingAspect - ==> API REQUEST: com.warehouse.product.controller.NotificationController.getNotifications()
2026-05-09 18:14:27 [http-nio-8082-exec-3] INFO  c.w.product.aspect.LoggingAspect - ==> SERVICE METHOD CALLED: com.warehouse.product.service.ProductService.getAllProducts()
2026-05-09 18:14:27 [http-nio-8082-exec-3] INFO  c.w.product.aspect.LoggingAspect - ==> METHOD: getAllProducts() COMPLETED IN: 16 ms
2026-05-09 18:14:28 [http-nio-8082-exec-5] INFO  c.w.product.aspect.LoggingAspect - ==> API REQUEST: com.warehouse.product.controller.NotificationController.getNotifications()
2026-05-09 18:14:28 [http-nio-8082-exec-5] INFO  c.w.product.aspect.LoggingAspect - ==> SERVICE METHOD CALLED: com.warehouse.product.service.ProductService.getAllProducts()
2026-05-09 18:14:28 [http-nio-8082-exec-5] INFO  c.w.product.aspect.LoggingAspect - ==> METHOD: getAllProducts() COMPLETED IN: 5 ms
2026-05-09 18:14:28 [http-nio-8082-exec-4] INFO  c.w.product.aspect.LoggingAspect - ==> API REQUEST: com.warehouse.product.controller.NotificationController.getNotifications()
2026-05-09 18:14:28 [http-nio-8082-exec-4] INFO  c.w.product.aspect.LoggingAspect - ==> SERVICE METHOD CALLED: com.warehouse.product.service.ProductService.getAllProducts()
2026-05-09 18:14:28 [http-nio-8082-exec-4] INFO  c.w.product.aspect.LoggingAspect - ==> METHOD: getAllProducts() COMPLETED IN: 13 ms
2026-05-09 18:14:29 [http-nio-8082-exec-6] INFO  c.w.product.aspect.LoggingAspect - ==> API REQUEST: com.warehouse.product.controller.NotificationController.getNotifications()
2026-05-09 18:14:29 [http-nio-8082-exec-6] INFO  c.w.product.aspect.LoggingAspect - ==> SERVICE METHOD CALLED: com.warehouse.product.service.ProductService.getAllProducts()
2026-05-09 18:14:29 [http-nio-8082-exec-6] INFO  c.w.product.aspect.LoggingAspect - ==> METHOD: getAllProducts() COMPLETED IN: 6 ms
2026-05-09 18:14:30 [http-nio-8082-exec-8] INFO  c.w.product.aspect.LoggingAspect - ==> API REQUEST: com.warehouse.product.controller.NotificationController.getNotifications()
2026-05-09 18:14:30 [http-nio-8082-exec-8] INFO  c.w.product.aspect.LoggingAspect - ==> SERVICE METHOD CALLED: com.warehouse.product.service.ProductService.getAllProducts()
2026-05-09 18:14:30 [http-nio-8082-exec-8] INFO  c.w.product.aspect.LoggingAspect - ==> METHOD: getAllProducts() COMPLETED IN: 11 ms
2026-05-09 18:14:33 [http-nio-8082-exec-7] INFO  c.w.product.aspect.LoggingAspect - ==> API REQUEST: com.warehouse.product.controller.NotificationController.getNotifications()
2026-05-09 18:14:33 [http-nio-8082-exec-7] INFO  c.w.product.aspect.LoggingAspect - ==> SERVICE METHOD CALLED: com.warehouse.product.service.ProductService.getAllProducts()
2026-05-09 18:14:33 [http-nio-8082-exec-7] INFO  c.w.product.aspect.LoggingAspect - ==> METHOD: getAllProducts() COMPLETED IN: 10 ms
2026-05-09 18:14:37 [http-nio-8082-exec-9] INFO  c.w.product.aspect.LoggingAspect - ==> API REQUEST: com.warehouse.product.controller.NotificationController.getNotifications()
2026-05-09 18:14:37 [http-nio-8082-exec-9] INFO  c.w.product.aspect.LoggingAspect - ==> SERVICE METHOD CALLED: com.warehouse.product.service.ProductService.getAllProducts()
2026-05-09 18:14:37 [http-nio-8082-exec-9] INFO  c.w.product.aspect.LoggingAspect - ==> METHOD: getAllProducts() COMPLETED IN: 6 ms
2026-05-09 18:14:43 [http-nio-8082-exec-10] INFO  c.w.product.aspect.LoggingAspect - ==> API REQUEST: com.warehouse.product.controller.NotificationController.getNotifications()
2026-05-09 18:14:43 [http-nio-8082-exec-10] INFO  c.w.product.aspect.LoggingAspect - ==> SERVICE METHOD CALLED: com.warehouse.product.service.ProductService.getAllProducts()
2026-05-09 18:14:43 [http-nio-8082-exec-10] INFO  c.w.product.aspect.LoggingAspect - ==> METHOD: getAllProducts() COMPLETED IN: 32 ms
2026-05-09 18:14:47 [http-nio-8082-exec-1] INFO  c.w.product.aspect.LoggingAspect - ==> API REQUEST: com.warehouse.product.controller.NotificationController.getNotifications()
2026-05-09 18:14:47 [http-nio-8082-exec-1] INFO  c.w.product.aspect.LoggingAspect - ==> SERVICE METHOD CALLED: com.warehouse.product.service.ProductService.getAllProducts()
2026-05-09 18:14:47 [http-nio-8082-exec-1] INFO  c.w.product.aspect.LoggingAspect - ==> METHOD: getAllProducts() COMPLETED IN: 10 ms
2026-05-09 18:14:48 [http-nio-8082-exec-2] INFO  c.w.product.aspect.LoggingAspect - ==> API REQUEST: com.warehouse.product.controller.NotificationController.getNotifications()
2026-05-09 18:14:48 [http-nio-8082-exec-2] INFO  c.w.product.aspect.LoggingAspect - ==> SERVICE METHOD CALLED: com.warehouse.product.service.ProductService.getAllProducts()
2026-05-09 18:14:48 [http-nio-8082-exec-2] INFO  c.w.product.aspect.LoggingAspect - ==> METHOD: getAllProducts() COMPLETED IN: 9 ms
2026-05-09 18:14:50 [http-nio-8082-exec-3] INFO  c.w.product.aspect.LoggingAspect - ==> API REQUEST: com.warehouse.product.controller.NotificationController.getNotifications()
2026-05-09 18:14:50 [http-nio-8082-exec-3] INFO  c.w.product.aspect.LoggingAspect - ==> SERVICE METHOD CALLED: com.warehouse.product.service.ProductService.getAllProducts()
2026-05-09 18:14:50 [http-nio-8082-exec-3] INFO  c.w.product.aspect.LoggingAspect - ==> METHOD: getAllProducts() COMPLETED IN: 11 ms
2026-05-09 18:14:50 [http-nio-8082-exec-5] INFO  c.w.product.aspect.LoggingAspect - ==> API REQUEST: com.warehouse.product.controller.NotificationController.getNotifications()
2026-05-09 18:14:50 [http-nio-8082-exec-5] INFO  c.w.product.aspect.LoggingAspect - ==> SERVICE METHOD CALLED: com.warehouse.product.service.ProductService.getAllProducts()
2026-05-09 18:14:50 [http-nio-8082-exec-5] INFO  c.w.product.aspect.LoggingAspect - ==> METHOD: getAllProducts() COMPLETED IN: 6 ms
2026-05-09 18:14:52 [http-nio-8082-exec-4] INFO  c.w.product.aspect.LoggingAspect - ==> API REQUEST: com.warehouse.product.controller.NotificationController.getNotifications()
2026-05-09 18:14:52 [http-nio-8082-exec-4] INFO  c.w.product.aspect.LoggingAspect - ==> SERVICE METHOD CALLED: com.warehouse.product.service.ProductService.getAllProducts()
2026-05-09 18:14:52 [http-nio-8082-exec-4] INFO  c.w.product.aspect.LoggingAspect - ==> METHOD: getAllProducts() COMPLETED IN: 11 ms
2026-05-09 18:14:52 [http-nio-8082-exec-6] INFO  c.w.product.aspect.LoggingAspect - ==> API REQUEST: com.warehouse.product.controller.NotificationController.getNotifications()
2026-05-09 18:14:52 [http-nio-8082-exec-6] INFO  c.w.product.aspect.LoggingAspect - ==> SERVICE METHOD CALLED: com.warehouse.product.service.ProductService.getAllProducts()
2026-05-09 18:14:52 [http-nio-8082-exec-6] INFO  c.w.product.aspect.LoggingAspect - ==> METHOD: getAllProducts() COMPLETED IN: 9 ms
2026-05-09 18:14:52 [http-nio-8082-exec-8] INFO  c.w.product.aspect.LoggingAspect - ==> API REQUEST: com.warehouse.product.controller.NotificationController.getNotifications()
2026-05-09 18:14:52 [http-nio-8082-exec-8] INFO  c.w.product.aspect.LoggingAspect - ==> SERVICE METHOD CALLED: com.warehouse.product.service.ProductService.getAllProducts()
2026-05-09 18:14:52 [http-nio-8082-exec-8] INFO  c.w.product.aspect.LoggingAspect - ==> METHOD: getAllProducts() COMPLETED IN: 7 ms
2026-05-09 18:14:54 [http-nio-8082-exec-7] INFO  c.w.product.aspect.LoggingAspect - ==> API REQUEST: com.warehouse.product.controller.NotificationController.getNotifications()
2026-05-09 18:14:54 [http-nio-8082-exec-7] INFO  c.w.product.aspect.LoggingAspect - ==> SERVICE METHOD CALLED: com.warehouse.product.service.ProductService.getAllProducts()
2026-05-09 18:14:54 [http-nio-8082-exec-7] INFO  c.w.product.aspect.LoggingAspect - ==> METHOD: getAllProducts() COMPLETED IN: 15 ms
2026-05-09 18:14:54 [http-nio-8082-exec-9] INFO  c.w.product.aspect.LoggingAspect - ==> API REQUEST: com.warehouse.product.controller.NotificationController.getNotifications()
2026-05-09 18:14:54 [http-nio-8082-exec-9] INFO  c.w.product.aspect.LoggingAspect - ==> SERVICE METHOD CALLED: com.warehouse.product.service.ProductService.getAllProducts()
2026-05-09 18:14:54 [http-nio-8082-exec-9] INFO  c.w.product.aspect.LoggingAspect - ==> METHOD: getAllProducts() COMPLETED IN: 8 ms
2026-05-09 18:14:54 [http-nio-8082-exec-10] INFO  c.w.product.aspect.LoggingAspect - ==> API REQUEST: com.warehouse.product.controller.NotificationController.getNotifications()
2026-05-09 18:14:54 [http-nio-8082-exec-10] INFO  c.w.product.aspect.LoggingAspect - ==> SERVICE METHOD CALLED: com.warehouse.product.service.ProductService.getAllProducts()
2026-05-09 18:14:54 [http-nio-8082-exec-10] INFO  c.w.product.aspect.LoggingAspect - ==> METHOD: getAllProducts() COMPLETED IN: 27 ms
2026-05-09 18:14:56 [http-nio-8082-exec-1] INFO  c.w.product.aspect.LoggingAspect - ==> API REQUEST: com.warehouse.product.controller.NotificationController.getNotifications()
2026-05-09 18:14:56 [http-nio-8082-exec-1] INFO  c.w.product.aspect.LoggingAspect - ==> SERVICE METHOD CALLED: com.warehouse.product.service.ProductService.getAllProducts()
2026-05-09 18:14:56 [http-nio-8082-exec-1] INFO  c.w.product.aspect.LoggingAspect - ==> METHOD: getAllProducts() COMPLETED IN: 18 ms
2026-05-09 18:14:57 [http-nio-8082-exec-2] INFO  c.w.product.aspect.LoggingAspect - ==> API REQUEST: com.warehouse.product.controller.NotificationController.getNotifications()
2026-05-09 18:14:57 [http-nio-8082-exec-2] INFO  c.w.product.aspect.LoggingAspect - ==> SERVICE METHOD CALLED: com.warehouse.product.service.ProductService.getAllProducts()
2026-05-09 18:14:57 [http-nio-8082-exec-2] INFO  c.w.product.aspect.LoggingAspect - ==> METHOD: getAllProducts() COMPLETED IN: 25 ms
2026-05-09 18:14:58 [http-nio-8082-exec-3] INFO  c.w.product.aspect.LoggingAspect - ==> API REQUEST: com.warehouse.product.controller.NotificationController.getNotifications()
2026-05-09 18:14:58 [http-nio-8082-exec-3] INFO  c.w.product.aspect.LoggingAspect - ==> SERVICE METHOD CALLED: com.warehouse.product.service.ProductService.getAllProducts()
2026-05-09 18:14:58 [http-nio-8082-exec-3] INFO  c.w.product.aspect.LoggingAspect - ==> METHOD: getAllProducts() COMPLETED IN: 22 ms
2026-05-09 18:14:58 [http-nio-8082-exec-5] INFO  c.w.product.aspect.LoggingAspect - ==> API REQUEST: com.warehouse.product.controller.NotificationController.getNotifications()
2026-05-09 18:14:58 [http-nio-8082-exec-5] INFO  c.w.product.aspect.LoggingAspect - ==> SERVICE METHOD CALLED: com.warehouse.product.service.ProductService.getAllProducts()
2026-05-09 18:14:58 [http-nio-8082-exec-5] INFO  c.w.product.aspect.LoggingAspect - ==> METHOD: getAllProducts() COMPLETED IN: 81 ms
2026-05-09 18:14:59 [http-nio-8082-exec-4] INFO  c.w.product.aspect.LoggingAspect - ==> API REQUEST: com.warehouse.product.controller.NotificationController.getNotifications()
2026-05-09 18:14:59 [http-nio-8082-exec-4] INFO  c.w.product.aspect.LoggingAspect - ==> SERVICE METHOD CALLED: com.warehouse.product.service.ProductService.getAllProducts()
2026-05-09 18:14:59 [http-nio-8082-exec-4] INFO  c.w.product.aspect.LoggingAspect - ==> METHOD: getAllProducts() COMPLETED IN: 17 ms
2026-05-09 18:15:00 [http-nio-8082-exec-6] INFO  c.w.product.aspect.LoggingAspect - ==> API REQUEST: com.warehouse.product.controller.NotificationController.getNotifications()
2026-05-09 18:15:00 [http-nio-8082-exec-6] INFO  c.w.product.aspect.LoggingAspect - ==> SERVICE METHOD CALLED: com.warehouse.product.service.ProductService.getAllProducts()
2026-05-09 18:15:00 [http-nio-8082-exec-6] INFO  c.w.product.aspect.LoggingAspect - ==> METHOD: getAllProducts() COMPLETED IN: 24 ms
2026-05-09 18:15:03 [http-nio-8082-exec-8] INFO  c.w.product.aspect.LoggingAspect - ==> API REQUEST: com.warehouse.product.controller.NotificationController.getNotifications()
2026-05-09 18:15:03 [http-nio-8082-exec-8] INFO  c.w.product.aspect.LoggingAspect - ==> SERVICE METHOD CALLED: com.warehouse.product.service.ProductService.getAllProducts()
2026-05-09 18:15:03 [http-nio-8082-exec-8] INFO  c.w.product.aspect.LoggingAspect - ==> METHOD: getAllProducts() COMPLETED IN: 25 ms
2026-05-09 18:15:07 [http-nio-8082-exec-7] INFO  c.w.product.aspect.LoggingAspect - ==> API REQUEST: com.warehouse.product.controller.NotificationController.getNotifications()
2026-05-09 18:15:07 [http-nio-8082-exec-7] INFO  c.w.product.aspect.LoggingAspect - ==> SERVICE METHOD CALLED: com.warehouse.product.service.ProductService.getAllProducts()
2026-05-09 18:15:07 [http-nio-8082-exec-7] INFO  c.w.product.aspect.LoggingAspect - ==> METHOD: getAllProducts() COMPLETED IN: 23 ms
2026-05-09 18:15:13 [http-nio-8082-exec-9] INFO  c.w.product.aspect.LoggingAspect - ==> API REQUEST: com.warehouse.product.controller.NotificationController.getNotifications()
2026-05-09 18:15:13 [http-nio-8082-exec-9] INFO  c.w.product.aspect.LoggingAspect - ==> SERVICE METHOD CALLED: com.warehouse.product.service.ProductService.getAllProducts()
2026-05-09 18:15:13 [http-nio-8082-exec-9] INFO  c.w.product.aspect.LoggingAspect - ==> METHOD: getAllProducts() COMPLETED IN: 10 ms
2026-05-09 18:15:17 [http-nio-8082-exec-10] INFO  c.w.product.aspect.LoggingAspect - ==> API REQUEST: com.warehouse.product.controller.NotificationController.getNotifications()
2026-05-09 18:15:17 [http-nio-8082-exec-10] INFO  c.w.product.aspect.LoggingAspect - ==> SERVICE METHOD CALLED: com.warehouse.product.service.ProductService.getAllProducts()
2026-05-09 18:15:17 [http-nio-8082-exec-10] INFO  c.w.product.aspect.LoggingAspect - ==> METHOD: getAllProducts() COMPLETED IN: 6 ms
2026-05-09 18:15:18 [http-nio-8082-exec-1] INFO  c.w.product.aspect.LoggingAspect - ==> API REQUEST: com.warehouse.product.controller.NotificationController.getNotifications()
2026-05-09 18:15:18 [http-nio-8082-exec-1] INFO  c.w.product.aspect.LoggingAspect - ==> SERVICE METHOD CALLED: com.warehouse.product.service.ProductService.getAllProducts()
2026-05-09 18:15:18 [http-nio-8082-exec-1] INFO  c.w.product.aspect.LoggingAspect - ==> METHOD: getAllProducts() COMPLETED IN: 50 ms
2026-05-09 18:15:20 [http-nio-8082-exec-2] INFO  c.w.product.aspect.LoggingAspect - ==> API REQUEST: com.warehouse.product.controller.NotificationController.getNotifications()
2026-05-09 18:15:20 [http-nio-8082-exec-2] INFO  c.w.product.aspect.LoggingAspect - ==> SERVICE METHOD CALLED: com.warehouse.product.service.ProductService.getAllProducts()
2026-05-09 18:15:20 [http-nio-8082-exec-2] INFO  c.w.product.aspect.LoggingAspect - ==> METHOD: getAllProducts() COMPLETED IN: 8 ms
2026-05-09 18:15:20 [http-nio-8082-exec-3] INFO  c.w.product.aspect.LoggingAspect - ==> API REQUEST: com.warehouse.product.controller.NotificationController.getNotifications()
2026-05-09 18:15:20 [http-nio-8082-exec-3] INFO  c.w.product.aspect.LoggingAspect - ==> SERVICE METHOD CALLED: com.warehouse.product.service.ProductService.getAllProducts()
2026-05-09 18:15:20 [http-nio-8082-exec-3] INFO  c.w.product.aspect.LoggingAspect - ==> METHOD: getAllProducts() COMPLETED IN: 23 ms
2026-05-09 18:15:22 [http-nio-8082-exec-5] INFO  c.w.product.aspect.LoggingAspect - ==> API REQUEST: com.warehouse.product.controller.NotificationController.getNotifications()
2026-05-09 18:15:22 [http-nio-8082-exec-5] INFO  c.w.product.aspect.LoggingAspect - ==> SERVICE METHOD CALLED: com.warehouse.product.service.ProductService.getAllProducts()
2026-05-09 18:15:22 [http-nio-8082-exec-5] INFO  c.w.product.aspect.LoggingAspect - ==> METHOD: getAllProducts() COMPLETED IN: 57 ms
2026-05-09 18:15:22 [http-nio-8082-exec-4] INFO  c.w.product.aspect.LoggingAspect - ==> API REQUEST: com.warehouse.product.controller.NotificationController.getNotifications()
2026-05-09 18:15:22 [http-nio-8082-exec-4] INFO  c.w.product.aspect.LoggingAspect - ==> SERVICE METHOD CALLED: com.warehouse.product.service.ProductService.getAllProducts()
2026-05-09 18:15:22 [http-nio-8082-exec-4] INFO  c.w.product.aspect.LoggingAspect - ==> METHOD: getAllProducts() COMPLETED IN: 110 ms
2026-05-09 18:15:22 [http-nio-8082-exec-6] INFO  c.w.product.aspect.LoggingAspect - ==> API REQUEST: com.warehouse.product.controller.NotificationController.getNotifications()
2026-05-09 18:15:22 [http-nio-8082-exec-6] INFO  c.w.product.aspect.LoggingAspect - ==> SERVICE METHOD CALLED: com.warehouse.product.service.ProductService.getAllProducts()
2026-05-09 18:15:22 [http-nio-8082-exec-6] INFO  c.w.product.aspect.LoggingAspect - ==> METHOD: getAllProducts() COMPLETED IN: 22 ms
2026-05-09 18:15:24 [http-nio-8082-exec-8] INFO  c.w.product.aspect.LoggingAspect - ==> API REQUEST: com.warehouse.product.controller.NotificationController.getNotifications()
2026-05-09 18:15:24 [http-nio-8082-exec-8] INFO  c.w.product.aspect.LoggingAspect - ==> SERVICE METHOD CALLED: com.warehouse.product.service.ProductService.getAllProducts()
2026-05-09 18:15:24 [http-nio-8082-exec-8] INFO  c.w.product.aspect.LoggingAspect - ==> METHOD: getAllProducts() COMPLETED IN: 11 ms
2026-05-09 18:15:24 [http-nio-8082-exec-7] INFO  c.w.product.aspect.LoggingAspect - ==> API REQUEST: com.warehouse.product.controller.NotificationController.getNotifications()
2026-05-09 18:15:24 [http-nio-8082-exec-7] INFO  c.w.product.aspect.LoggingAspect - ==> SERVICE METHOD CALLED: com.warehouse.product.service.ProductService.getAllProducts()
2026-05-09 18:15:24 [http-nio-8082-exec-7] INFO  c.w.product.aspect.LoggingAspect - ==> METHOD: getAllProducts() COMPLETED IN: 7 ms
2026-05-09 18:15:24 [http-nio-8082-exec-9] INFO  c.w.product.aspect.LoggingAspect - ==> API REQUEST: com.warehouse.product.controller.NotificationController.getNotifications()
2026-05-09 18:15:24 [http-nio-8082-exec-9] INFO  c.w.product.aspect.LoggingAspect - ==> SERVICE METHOD CALLED: com.warehouse.product.service.ProductService.getAllProducts()
2026-05-09 18:15:24 [http-nio-8082-exec-9] INFO  c.w.product.aspect.LoggingAspect - ==> METHOD: getAllProducts() COMPLETED IN: 278 ms
2026-05-09 18:15:26 [http-nio-8082-exec-10] INFO  c.w.product.aspect.LoggingAspect - ==> API REQUEST: com.warehouse.product.controller.NotificationController.getNotifications()
2026-05-09 18:15:26 [http-nio-8082-exec-10] INFO  c.w.product.aspect.LoggingAspect - ==> SERVICE METHOD CALLED: com.warehouse.product.service.ProductService.getAllProducts()
2026-05-09 18:15:26 [http-nio-8082-exec-10] INFO  c.w.product.aspect.LoggingAspect - ==> METHOD: getAllProducts() COMPLETED IN: 83 ms
2026-05-09 18:15:26 [http-nio-8082-exec-1] INFO  c.w.product.aspect.LoggingAspect - ==> API REQUEST: com.warehouse.product.controller.NotificationController.getNotifications()
2026-05-09 18:15:26 [http-nio-8082-exec-1] INFO  c.w.product.aspect.LoggingAspect - ==> SERVICE METHOD CALLED: com.warehouse.product.service.ProductService.getAllProducts()
2026-05-09 18:15:26 [http-nio-8082-exec-1] INFO  c.w.product.aspect.LoggingAspect - ==> METHOD: getAllProducts() COMPLETED IN: 17 ms
2026-05-09 18:15:28 [http-nio-8082-exec-2] INFO  c.w.product.aspect.LoggingAspect - ==> API REQUEST: com.warehouse.product.controller.NotificationController.getNotifications()
2026-05-09 18:15:28 [http-nio-8082-exec-2] INFO  c.w.product.aspect.LoggingAspect - ==> SERVICE METHOD CALLED: com.warehouse.product.service.ProductService.getAllProducts()
2026-05-09 18:15:28 [http-nio-8082-exec-2] INFO  c.w.product.aspect.LoggingAspect - ==> METHOD: getAllProducts() COMPLETED IN: 18 ms
2026-05-09 18:15:30 [http-nio-8082-exec-3] INFO  c.w.product.aspect.LoggingAspect - ==> API REQUEST: com.warehouse.product.controller.NotificationController.getNotifications()
2026-05-09 18:15:30 [http-nio-8082-exec-3] INFO  c.w.product.aspect.LoggingAspect - ==> SERVICE METHOD CALLED: com.warehouse.product.service.ProductService.getAllProducts()
2026-05-09 18:15:30 [http-nio-8082-exec-3] INFO  c.w.product.aspect.LoggingAspect - ==> METHOD: getAllProducts() COMPLETED IN: 15 ms
2026-05-09 18:15:33 [http-nio-8082-exec-5] INFO  c.w.product.aspect.LoggingAspect - ==> API REQUEST: com.warehouse.product.controller.NotificationController.getNotifications()
2026-05-09 18:15:33 [http-nio-8082-exec-5] INFO  c.w.product.aspect.LoggingAspect - ==> SERVICE METHOD CALLED: com.warehouse.product.service.ProductService.getAllProducts()
2026-05-09 18:15:33 [http-nio-8082-exec-5] INFO  c.w.product.aspect.LoggingAspect - ==> METHOD: getAllProducts() COMPLETED IN: 9 ms
2026-05-09 18:15:43 [http-nio-8082-exec-4] INFO  c.w.product.aspect.LoggingAspect - ==> API REQUEST: com.warehouse.product.controller.NotificationController.getNotifications()
2026-05-09 18:15:43 [http-nio-8082-exec-4] INFO  c.w.product.aspect.LoggingAspect - ==> SERVICE METHOD CALLED: com.warehouse.product.service.ProductService.getAllProducts()
2026-05-09 18:15:43 [http-nio-8082-exec-4] INFO  c.w.product.aspect.LoggingAspect - ==> METHOD: getAllProducts() COMPLETED IN: 14 ms
2026-05-09 18:15:43 [http-nio-8082-exec-6] INFO  c.w.product.aspect.LoggingAspect - ==> API REQUEST: com.warehouse.product.controller.NotificationController.getNotifications()
2026-05-09 18:15:43 [http-nio-8082-exec-6] INFO  c.w.product.aspect.LoggingAspect - ==> SERVICE METHOD CALLED: com.warehouse.product.service.ProductService.getAllProducts()
2026-05-09 18:15:43 [http-nio-8082-exec-6] INFO  c.w.product.aspect.LoggingAspect - ==> METHOD: getAllProducts() COMPLETED IN: 3 ms
2026-05-09 18:15:43 [http-nio-8082-exec-8] INFO  c.w.product.aspect.LoggingAspect - ==> API REQUEST: com.warehouse.product.controller.NotificationController.getNotifications()
2026-05-09 18:15:43 [http-nio-8082-exec-8] INFO  c.w.product.aspect.LoggingAspect - ==> SERVICE METHOD CALLED: com.warehouse.product.service.ProductService.getAllProducts()
2026-05-09 18:15:43 [http-nio-8082-exec-8] INFO  c.w.product.aspect.LoggingAspect - ==> METHOD: getAllProducts() COMPLETED IN: 8 ms
2026-05-09 18:15:43 [http-nio-8082-exec-7] INFO  c.w.product.aspect.LoggingAspect - ==> API REQUEST: com.warehouse.product.controller.NotificationController.getNotifications()
2026-05-09 18:15:43 [http-nio-8082-exec-7] INFO  c.w.product.aspect.LoggingAspect - ==> SERVICE METHOD CALLED: com.warehouse.product.service.ProductService.getAllProducts()
2026-05-09 18:15:43 [http-nio-8082-exec-7] INFO  c.w.product.aspect.LoggingAspect - ==> METHOD: getAllProducts() COMPLETED IN: 13 ms
2026-05-09 18:15:45 [http-nio-8082-exec-10] INFO  c.w.product.aspect.LoggingAspect - ==> API REQUEST: com.warehouse.product.controller.NotificationController.getNotifications()
2026-05-09 18:15:45 [http-nio-8082-exec-9] INFO  c.w.product.aspect.LoggingAspect - ==> API REQUEST: com.warehouse.product.controller.ProductController.getAllProducts()
2026-05-09 18:15:45 [http-nio-8082-exec-10] INFO  c.w.product.aspect.LoggingAspect - ==> SERVICE METHOD CALLED: com.warehouse.product.service.ProductService.getAllProducts()
2026-05-09 18:15:45 [http-nio-8082-exec-9] INFO  c.w.product.aspect.LoggingAspect - ==> SERVICE METHOD CALLED: com.warehouse.product.service.ProductService.getAllProducts()
2026-05-09 18:15:45 [http-nio-8082-exec-9] INFO  c.w.product.aspect.LoggingAspect - ==> METHOD: getAllProducts() COMPLETED IN: 26 ms
2026-05-09 18:15:45 [http-nio-8082-exec-10] INFO  c.w.product.aspect.LoggingAspect - ==> METHOD: getAllProducts() COMPLETED IN: 61 ms
2026-05-09 18:15:46 [http-nio-8082-exec-1] INFO  c.w.product.aspect.LoggingAspect - ==> API REQUEST: com.warehouse.product.controller.NotificationController.getNotifications()
2026-05-09 18:15:46 [http-nio-8082-exec-1] INFO  c.w.product.aspect.LoggingAspect - ==> SERVICE METHOD CALLED: com.warehouse.product.service.ProductService.getAllProducts()
2026-05-09 18:15:46 [http-nio-8082-exec-1] INFO  c.w.product.aspect.LoggingAspect - ==> METHOD: getAllProducts() COMPLETED IN: 11 ms
2026-05-09 18:15:48 [http-nio-8082-exec-2] INFO  c.w.product.aspect.LoggingAspect - ==> API REQUEST: com.warehouse.product.controller.NotificationController.getNotifications()
2026-05-09 18:15:48 [http-nio-8082-exec-2] INFO  c.w.product.aspect.LoggingAspect - ==> SERVICE METHOD CALLED: com.warehouse.product.service.ProductService.getAllProducts()
2026-05-09 18:15:48 [http-nio-8082-exec-2] INFO  c.w.product.aspect.LoggingAspect - ==> METHOD: getAllProducts() COMPLETED IN: 17 ms
2026-05-09 18:15:49 [http-nio-8082-exec-3] INFO  c.w.product.aspect.LoggingAspect - ==> API REQUEST: com.warehouse.product.controller.NotificationController.getNotifications()
2026-05-09 18:15:49 [http-nio-8082-exec-3] INFO  c.w.product.aspect.LoggingAspect - ==> SERVICE METHOD CALLED: com.warehouse.product.service.ProductService.getAllProducts()
2026-05-09 18:15:49 [http-nio-8082-exec-3] INFO  c.w.product.aspect.LoggingAspect - ==> METHOD: getAllProducts() COMPLETED IN: 13 ms
2026-05-09 18:15:50 [http-nio-8082-exec-5] INFO  c.w.product.aspect.LoggingAspect - ==> API REQUEST: com.warehouse.product.controller.NotificationController.getNotifications()
2026-05-09 18:15:50 [http-nio-8082-exec-5] INFO  c.w.product.aspect.LoggingAspect - ==> SERVICE METHOD CALLED: com.warehouse.product.service.ProductService.getAllProducts()
2026-05-09 18:15:50 [http-nio-8082-exec-5] INFO  c.w.product.aspect.LoggingAspect - ==> METHOD: getAllProducts() COMPLETED IN: 13 ms
2026-05-09 18:15:51 [http-nio-8082-exec-4] INFO  c.w.product.aspect.LoggingAspect - ==> API REQUEST: com.warehouse.product.controller.NotificationController.getNotifications()
2026-05-09 18:15:51 [http-nio-8082-exec-4] INFO  c.w.product.aspect.LoggingAspect - ==> SERVICE METHOD CALLED: com.warehouse.product.service.ProductService.getAllProducts()
2026-05-09 18:15:51 [http-nio-8082-exec-4] INFO  c.w.product.aspect.LoggingAspect - ==> METHOD: getAllProducts() COMPLETED IN: 11 ms
2026-05-09 18:15:52 [http-nio-8082-exec-6] INFO  c.w.product.aspect.LoggingAspect - ==> API REQUEST: com.warehouse.product.controller.NotificationController.getNotifications()
2026-05-09 18:15:52 [http-nio-8082-exec-6] INFO  c.w.product.aspect.LoggingAspect - ==> SERVICE METHOD CALLED: com.warehouse.product.service.ProductService.getAllProducts()
2026-05-09 18:15:52 [http-nio-8082-exec-6] INFO  c.w.product.aspect.LoggingAspect - ==> METHOD: getAllProducts() COMPLETED IN: 7 ms
2026-05-09 18:15:52 [http-nio-8082-exec-8] INFO  c.w.product.aspect.LoggingAspect - ==> API REQUEST: com.warehouse.product.controller.NotificationController.getNotifications()
2026-05-09 18:15:52 [http-nio-8082-exec-8] INFO  c.w.product.aspect.LoggingAspect - ==> SERVICE METHOD CALLED: com.warehouse.product.service.ProductService.getAllProducts()
2026-05-09 18:15:52 [http-nio-8082-exec-8] INFO  c.w.product.aspect.LoggingAspect - ==> METHOD: getAllProducts() COMPLETED IN: 12 ms
2026-05-09 18:15:54 [http-nio-8082-exec-7] INFO  c.w.product.aspect.LoggingAspect - ==> API REQUEST: com.warehouse.product.controller.NotificationController.getNotifications()
2026-05-09 18:15:54 [http-nio-8082-exec-7] INFO  c.w.product.aspect.LoggingAspect - ==> SERVICE METHOD CALLED: com.warehouse.product.service.ProductService.getAllProducts()
2026-05-09 18:15:54 [http-nio-8082-exec-7] INFO  c.w.product.aspect.LoggingAspect - ==> METHOD: getAllProducts() COMPLETED IN: 9 ms
2026-05-09 18:15:54 [http-nio-8082-exec-10] INFO  c.w.product.aspect.LoggingAspect - ==> API REQUEST: com.warehouse.product.controller.NotificationController.getNotifications()
2026-05-09 18:15:54 [http-nio-8082-exec-10] INFO  c.w.product.aspect.LoggingAspect - ==> SERVICE METHOD CALLED: com.warehouse.product.service.ProductService.getAllProducts()
2026-05-09 18:15:54 [http-nio-8082-exec-10] INFO  c.w.product.aspect.LoggingAspect - ==> METHOD: getAllProducts() COMPLETED IN: 5 ms
2026-05-09 18:15:54 [http-nio-8082-exec-9] INFO  c.w.product.aspect.LoggingAspect - ==> API REQUEST: com.warehouse.product.controller.NotificationController.getNotifications()
2026-05-09 18:15:54 [http-nio-8082-exec-9] INFO  c.w.product.aspect.LoggingAspect - ==> SERVICE METHOD CALLED: com.warehouse.product.service.ProductService.getAllProducts()
2026-05-09 18:15:54 [http-nio-8082-exec-9] INFO  c.w.product.aspect.LoggingAspect - ==> METHOD: getAllProducts() COMPLETED IN: 5 ms
2026-05-09 18:15:56 [http-nio-8082-exec-1] INFO  c.w.product.aspect.LoggingAspect - ==> API REQUEST: com.warehouse.product.controller.NotificationController.getNotifications()
2026-05-09 18:15:56 [http-nio-8082-exec-1] INFO  c.w.product.aspect.LoggingAspect - ==> SERVICE METHOD CALLED: com.warehouse.product.service.ProductService.getAllProducts()
2026-05-09 18:15:56 [http-nio-8082-exec-1] INFO  c.w.product.aspect.LoggingAspect - ==> METHOD: getAllProducts() COMPLETED IN: 5 ms
2026-05-09 18:15:57 [http-nio-8082-exec-2] INFO  c.w.product.aspect.LoggingAspect - ==> API REQUEST: com.warehouse.product.controller.NotificationController.getNotifications()
2026-05-09 18:15:57 [http-nio-8082-exec-2] INFO  c.w.product.aspect.LoggingAspect - ==> SERVICE METHOD CALLED: com.warehouse.product.service.ProductService.getAllProducts()
2026-05-09 18:15:57 [http-nio-8082-exec-2] INFO  c.w.product.aspect.LoggingAspect - ==> METHOD: getAllProducts() COMPLETED IN: 11 ms
2026-05-09 18:15:58 [http-nio-8082-exec-3] INFO  c.w.product.aspect.LoggingAspect - ==> API REQUEST: com.warehouse.product.controller.NotificationController.getNotifications()
2026-05-09 18:15:58 [http-nio-8082-exec-3] INFO  c.w.product.aspect.LoggingAspect - ==> SERVICE METHOD CALLED: com.warehouse.product.service.ProductService.getAllProducts()
2026-05-09 18:15:58 [http-nio-8082-exec-3] INFO  c.w.product.aspect.LoggingAspect - ==> METHOD: getAllProducts() COMPLETED IN: 36 ms
2026-05-09 18:15:58 [http-nio-8082-exec-5] INFO  c.w.product.aspect.LoggingAspect - ==> API REQUEST: com.warehouse.product.controller.NotificationController.getNotifications()
2026-05-09 18:15:58 [http-nio-8082-exec-5] INFO  c.w.product.aspect.LoggingAspect - ==> SERVICE METHOD CALLED: com.warehouse.product.service.ProductService.getAllProducts()
2026-05-09 18:15:58 [http-nio-8082-exec-5] INFO  c.w.product.aspect.LoggingAspect - ==> METHOD: getAllProducts() COMPLETED IN: 14 ms
2026-05-09 18:15:59 [http-nio-8082-exec-4] INFO  c.w.product.aspect.LoggingAspect - ==> API REQUEST: com.warehouse.product.controller.NotificationController.getNotifications()
2026-05-09 18:15:59 [http-nio-8082-exec-4] INFO  c.w.product.aspect.LoggingAspect - ==> SERVICE METHOD CALLED: com.warehouse.product.service.ProductService.getAllProducts()
2026-05-09 18:15:59 [http-nio-8082-exec-4] INFO  c.w.product.aspect.LoggingAspect - ==> METHOD: getAllProducts() COMPLETED IN: 7 ms
2026-05-09 18:16:00 [http-nio-8082-exec-6] INFO  c.w.product.aspect.LoggingAspect - ==> API REQUEST: com.warehouse.product.controller.NotificationController.getNotifications()
2026-05-09 18:16:00 [http-nio-8082-exec-6] INFO  c.w.product.aspect.LoggingAspect - ==> SERVICE METHOD CALLED: com.warehouse.product.service.ProductService.getAllProducts()
2026-05-09 18:16:00 [http-nio-8082-exec-6] INFO  c.w.product.aspect.LoggingAspect - ==> METHOD: getAllProducts() COMPLETED IN: 10 ms
2026-05-09 18:16:03 [http-nio-8082-exec-8] INFO  c.w.product.aspect.LoggingAspect - ==> API REQUEST: com.warehouse.product.controller.NotificationController.getNotifications()
2026-05-09 18:16:03 [http-nio-8082-exec-8] INFO  c.w.product.aspect.LoggingAspect - ==> SERVICE METHOD CALLED: com.warehouse.product.service.ProductService.getAllProducts()
2026-05-09 18:16:03 [http-nio-8082-exec-8] INFO  c.w.product.aspect.LoggingAspect - ==> METHOD: getAllProducts() COMPLETED IN: 10 ms
2026-05-09 18:16:07 [http-nio-8082-exec-7] INFO  c.w.product.aspect.LoggingAspect - ==> API REQUEST: com.warehouse.product.controller.NotificationController.getNotifications()
2026-05-09 18:16:07 [http-nio-8082-exec-7] INFO  c.w.product.aspect.LoggingAspect - ==> SERVICE METHOD CALLED: com.warehouse.product.service.ProductService.getAllProducts()
2026-05-09 18:16:07 [http-nio-8082-exec-7] INFO  c.w.product.aspect.LoggingAspect - ==> METHOD: getAllProducts() COMPLETED IN: 8 ms
2026-05-09 18:16:13 [http-nio-8082-exec-10] INFO  c.w.product.aspect.LoggingAspect - ==> API REQUEST: com.warehouse.product.controller.NotificationController.getNotifications()
2026-05-09 18:16:13 [http-nio-8082-exec-10] INFO  c.w.product.aspect.LoggingAspect - ==> SERVICE METHOD CALLED: com.warehouse.product.service.ProductService.getAllProducts()
2026-05-09 18:16:13 [http-nio-8082-exec-10] INFO  c.w.product.aspect.LoggingAspect - ==> METHOD: getAllProducts() COMPLETED IN: 11 ms
2026-05-09 18:16:15 [http-nio-8082-exec-9] INFO  c.w.product.aspect.LoggingAspect - ==> API REQUEST: com.warehouse.product.controller.NotificationController.getNotifications()
2026-05-09 18:16:15 [http-nio-8082-exec-9] INFO  c.w.product.aspect.LoggingAspect - ==> SERVICE METHOD CALLED: com.warehouse.product.service.ProductService.getAllProducts()
2026-05-09 18:16:15 [http-nio-8082-exec-9] INFO  c.w.product.aspect.LoggingAspect - ==> METHOD: getAllProducts() COMPLETED IN: 6 ms
2026-05-09 18:16:17 [http-nio-8082-exec-1] INFO  c.w.product.aspect.LoggingAspect - ==> API REQUEST: com.warehouse.product.controller.NotificationController.getNotifications()
2026-05-09 18:16:17 [http-nio-8082-exec-1] INFO  c.w.product.aspect.LoggingAspect - ==> SERVICE METHOD CALLED: com.warehouse.product.service.ProductService.getAllProducts()
2026-05-09 18:16:17 [http-nio-8082-exec-1] INFO  c.w.product.aspect.LoggingAspect - ==> METHOD: getAllProducts() COMPLETED IN: 12 ms
2026-05-09 18:16:18 [http-nio-8082-exec-2] INFO  c.w.product.aspect.LoggingAspect - ==> API REQUEST: com.warehouse.product.controller.NotificationController.getNotifications()
2026-05-09 18:16:18 [http-nio-8082-exec-2] INFO  c.w.product.aspect.LoggingAspect - ==> SERVICE METHOD CALLED: com.warehouse.product.service.ProductService.getAllProducts()
2026-05-09 18:16:18 [http-nio-8082-exec-2] INFO  c.w.product.aspect.LoggingAspect - ==> METHOD: getAllProducts() COMPLETED IN: 12 ms
2026-05-09 18:16:19 [http-nio-8082-exec-3] INFO  c.w.product.aspect.LoggingAspect - ==> API REQUEST: com.warehouse.product.controller.NotificationController.getNotifications()
2026-05-09 18:16:19 [http-nio-8082-exec-3] INFO  c.w.product.aspect.LoggingAspect - ==> SERVICE METHOD CALLED: com.warehouse.product.service.ProductService.getAllProducts()
2026-05-09 18:16:19 [http-nio-8082-exec-3] INFO  c.w.product.aspect.LoggingAspect - ==> METHOD: getAllProducts() COMPLETED IN: 11 ms
2026-05-09 18:16:20 [http-nio-8082-exec-5] INFO  c.w.product.aspect.LoggingAspect - ==> API REQUEST: com.warehouse.product.controller.NotificationController.getNotifications()
2026-05-09 18:16:20 [http-nio-8082-exec-5] INFO  c.w.product.aspect.LoggingAspect - ==> SERVICE METHOD CALLED: com.warehouse.product.service.ProductService.getAllProducts()
2026-05-09 18:16:20 [http-nio-8082-exec-5] INFO  c.w.product.aspect.LoggingAspect - ==> METHOD: getAllProducts() COMPLETED IN: 10 ms
2026-05-09 18:16:21 [http-nio-8082-exec-4] INFO  c.w.product.aspect.LoggingAspect - ==> API REQUEST: com.warehouse.product.controller.NotificationController.getNotifications()
2026-05-09 18:16:21 [http-nio-8082-exec-4] INFO  c.w.product.aspect.LoggingAspect - ==> SERVICE METHOD CALLED: com.warehouse.product.service.ProductService.getAllProducts()
2026-05-09 18:16:21 [http-nio-8082-exec-4] INFO  c.w.product.aspect.LoggingAspect - ==> METHOD: getAllProducts() COMPLETED IN: 11 ms
2026-05-09 18:16:22 [http-nio-8082-exec-6] INFO  c.w.product.aspect.LoggingAspect - ==> API REQUEST: com.warehouse.product.controller.NotificationController.getNotifications()
2026-05-09 18:16:22 [http-nio-8082-exec-6] INFO  c.w.product.aspect.LoggingAspect - ==> SERVICE METHOD CALLED: com.warehouse.product.service.ProductService.getAllProducts()
2026-05-09 18:16:22 [http-nio-8082-exec-6] INFO  c.w.product.aspect.LoggingAspect - ==> METHOD: getAllProducts() COMPLETED IN: 13 ms
2026-05-09 18:16:22 [http-nio-8082-exec-8] INFO  c.w.product.aspect.LoggingAspect - ==> API REQUEST: com.warehouse.product.controller.NotificationController.getNotifications()
2026-05-09 18:16:22 [http-nio-8082-exec-8] INFO  c.w.product.aspect.LoggingAspect - ==> SERVICE METHOD CALLED: com.warehouse.product.service.ProductService.getAllProducts()
2026-05-09 18:16:22 [http-nio-8082-exec-8] INFO  c.w.product.aspect.LoggingAspect - ==> METHOD: getAllProducts() COMPLETED IN: 10 ms
2026-05-09 18:16:23 [http-nio-8082-exec-7] INFO  c.w.product.aspect.LoggingAspect - ==> API REQUEST: com.warehouse.product.controller.NotificationController.getNotifications()
2026-05-09 18:16:23 [http-nio-8082-exec-7] INFO  c.w.product.aspect.LoggingAspect - ==> SERVICE METHOD CALLED: com.warehouse.product.service.ProductService.getAllProducts()
2026-05-09 18:16:23 [http-nio-8082-exec-7] INFO  c.w.product.aspect.LoggingAspect - ==> METHOD: getAllProducts() COMPLETED IN: 49 ms
2026-05-09 18:16:23 [http-nio-8082-exec-10] INFO  c.w.product.aspect.LoggingAspect - ==> API REQUEST: com.warehouse.product.controller.NotificationController.getNotifications()
2026-05-09 18:16:23 [http-nio-8082-exec-10] INFO  c.w.product.aspect.LoggingAspect - ==> SERVICE METHOD CALLED: com.warehouse.product.service.ProductService.getAllProducts()
2026-05-09 18:16:23 [http-nio-8082-exec-10] INFO  c.w.product.aspect.LoggingAspect - ==> METHOD: getAllProducts() COMPLETED IN: 4 ms
2026-05-09 18:16:24 [http-nio-8082-exec-9] INFO  c.w.product.aspect.LoggingAspect - ==> API REQUEST: com.warehouse.product.controller.NotificationController.getNotifications()
2026-05-09 18:16:24 [http-nio-8082-exec-9] INFO  c.w.product.aspect.LoggingAspect - ==> SERVICE METHOD CALLED: com.warehouse.product.service.ProductService.getAllProducts()
2026-05-09 18:16:24 [http-nio-8082-exec-9] INFO  c.w.product.aspect.LoggingAspect - ==> METHOD: getAllProducts() COMPLETED IN: 6 ms
2026-05-09 18:16:25 [http-nio-8082-exec-1] INFO  c.w.product.aspect.LoggingAspect - ==> API REQUEST: com.warehouse.product.controller.ProductController.getAllProducts()
2026-05-09 18:16:25 [http-nio-8082-exec-2] INFO  c.w.product.aspect.LoggingAspect - ==> API REQUEST: com.warehouse.product.controller.NotificationController.getNotifications()
2026-05-09 18:16:25 [http-nio-8082-exec-2] INFO  c.w.product.aspect.LoggingAspect - ==> SERVICE METHOD CALLED: com.warehouse.product.service.ProductService.getAllProducts()
2026-05-09 18:16:25 [http-nio-8082-exec-1] INFO  c.w.product.aspect.LoggingAspect - ==> SERVICE METHOD CALLED: com.warehouse.product.service.ProductService.getAllProducts()
2026-05-09 18:16:25 [http-nio-8082-exec-2] INFO  c.w.product.aspect.LoggingAspect - ==> METHOD: getAllProducts() COMPLETED IN: 13 ms
2026-05-09 18:16:25 [http-nio-8082-exec-1] INFO  c.w.product.aspect.LoggingAspect - ==> METHOD: getAllProducts() COMPLETED IN: 17 ms
2026-05-09 18:16:25 [http-nio-8082-exec-3] INFO  c.w.product.aspect.LoggingAspect - ==> API REQUEST: com.warehouse.product.controller.NotificationController.getNotifications()
2026-05-09 18:16:25 [http-nio-8082-exec-3] INFO  c.w.product.aspect.LoggingAspect - ==> SERVICE METHOD CALLED: com.warehouse.product.service.ProductService.getAllProducts()
2026-05-09 18:16:25 [http-nio-8082-exec-3] INFO  c.w.product.aspect.LoggingAspect - ==> METHOD: getAllProducts() COMPLETED IN: 14 ms
2026-05-09 18:16:26 [http-nio-8082-exec-5] INFO  c.w.product.aspect.LoggingAspect - ==> API REQUEST: com.warehouse.product.controller.NotificationController.getNotifications()
2026-05-09 18:16:26 [http-nio-8082-exec-5] INFO  c.w.product.aspect.LoggingAspect - ==> SERVICE METHOD CALLED: com.warehouse.product.service.ProductService.getAllProducts()
2026-05-09 18:16:26 [http-nio-8082-exec-5] INFO  c.w.product.aspect.LoggingAspect - ==> METHOD: getAllProducts() COMPLETED IN: 8 ms
2026-05-09 18:16:27 [http-nio-8082-exec-4] INFO  c.w.product.aspect.LoggingAspect - ==> API REQUEST: com.warehouse.product.controller.NotificationController.getNotifications()
2026-05-09 18:16:27 [http-nio-8082-exec-4] INFO  c.w.product.aspect.LoggingAspect - ==> SERVICE METHOD CALLED: com.warehouse.product.service.ProductService.getAllProducts()
2026-05-09 18:16:27 [http-nio-8082-exec-4] INFO  c.w.product.aspect.LoggingAspect - ==> METHOD: getAllProducts() COMPLETED IN: 5 ms
2026-05-09 18:16:28 [http-nio-8082-exec-6] INFO  c.w.product.aspect.LoggingAspect - ==> API REQUEST: com.warehouse.product.controller.NotificationController.getNotifications()
2026-05-09 18:16:28 [http-nio-8082-exec-6] INFO  c.w.product.aspect.LoggingAspect - ==> SERVICE METHOD CALLED: com.warehouse.product.service.ProductService.getAllProducts()
2026-05-09 18:16:28 [http-nio-8082-exec-6] INFO  c.w.product.aspect.LoggingAspect - ==> METHOD: getAllProducts() COMPLETED IN: 4 ms
2026-05-09 18:16:28 [http-nio-8082-exec-8] INFO  c.w.product.aspect.LoggingAspect - ==> API REQUEST: com.warehouse.product.controller.NotificationController.getNotifications()
2026-05-09 18:16:28 [http-nio-8082-exec-8] INFO  c.w.product.aspect.LoggingAspect - ==> SERVICE METHOD CALLED: com.warehouse.product.service.ProductService.getAllProducts()
2026-05-09 18:16:28 [http-nio-8082-exec-8] INFO  c.w.product.aspect.LoggingAspect - ==> METHOD: getAllProducts() COMPLETED IN: 19 ms
2026-05-09 18:16:29 [http-nio-8082-exec-7] INFO  c.w.product.aspect.LoggingAspect - ==> API REQUEST: com.warehouse.product.controller.NotificationController.getNotifications()
2026-05-09 18:16:29 [http-nio-8082-exec-7] INFO  c.w.product.aspect.LoggingAspect - ==> SERVICE METHOD CALLED: com.warehouse.product.service.ProductService.getAllProducts()
2026-05-09 18:16:29 [http-nio-8082-exec-7] INFO  c.w.product.aspect.LoggingAspect - ==> METHOD: getAllProducts() COMPLETED IN: 9 ms
2026-05-09 18:16:29 [http-nio-8082-exec-10] INFO  c.w.product.aspect.LoggingAspect - ==> API REQUEST: com.warehouse.product.controller.NotificationController.getNotifications()
2026-05-09 18:16:29 [http-nio-8082-exec-10] INFO  c.w.product.aspect.LoggingAspect - ==> SERVICE METHOD CALLED: com.warehouse.product.service.ProductService.getAllProducts()
2026-05-09 18:16:29 [http-nio-8082-exec-10] INFO  c.w.product.aspect.LoggingAspect - ==> METHOD: getAllProducts() COMPLETED IN: 13 ms
2026-05-09 18:16:32 [http-nio-8082-exec-9] INFO  c.w.product.aspect.LoggingAspect - ==> API REQUEST: com.warehouse.product.controller.NotificationController.getNotifications()
2026-05-09 18:16:32 [http-nio-8082-exec-9] INFO  c.w.product.aspect.LoggingAspect - ==> SERVICE METHOD CALLED: com.warehouse.product.service.ProductService.getAllProducts()
2026-05-09 18:16:32 [http-nio-8082-exec-9] INFO  c.w.product.aspect.LoggingAspect - ==> METHOD: getAllProducts() COMPLETED IN: 18 ms
2026-05-09 18:18:03 [http-nio-8082-exec-5] INFO  c.w.product.aspect.LoggingAspect - ==> API REQUEST: com.warehouse.product.controller.ProductController.getAllProducts()
2026-05-09 18:18:03 [http-nio-8082-exec-3] INFO  c.w.product.aspect.LoggingAspect - ==> API REQUEST: com.warehouse.product.controller.NotificationController.getNotifications()
2026-05-09 18:18:03 [http-nio-8082-exec-5] INFO  c.w.product.aspect.LoggingAspect - ==> SERVICE METHOD CALLED: com.warehouse.product.service.ProductService.getAllProducts()
2026-05-09 18:18:03 [http-nio-8082-exec-3] INFO  c.w.product.aspect.LoggingAspect - ==> SERVICE METHOD CALLED: com.warehouse.product.service.ProductService.getAllProducts()
2026-05-09 18:18:03 [http-nio-8082-exec-3] INFO  c.w.product.aspect.LoggingAspect - ==> METHOD: getAllProducts() COMPLETED IN: 113 ms
2026-05-09 18:18:03 [http-nio-8082-exec-5] INFO  c.w.product.aspect.LoggingAspect - ==> METHOD: getAllProducts() COMPLETED IN: 113 ms
2026-05-09 18:18:07 [http-nio-8082-exec-4] INFO  c.w.product.aspect.LoggingAspect - ==> API REQUEST: com.warehouse.product.controller.NotificationController.getNotifications()
2026-05-09 18:18:07 [http-nio-8082-exec-4] INFO  c.w.product.aspect.LoggingAspect - ==> SERVICE METHOD CALLED: com.warehouse.product.service.ProductService.getAllProducts()
2026-05-09 18:18:07 [http-nio-8082-exec-4] INFO  c.w.product.aspect.LoggingAspect - ==> METHOD: getAllProducts() COMPLETED IN: 16 ms
2026-05-09 18:18:12 [http-nio-8082-exec-6] INFO  c.w.product.aspect.LoggingAspect - ==> API REQUEST: com.warehouse.product.controller.NotificationController.getNotifications()
2026-05-09 18:18:12 [http-nio-8082-exec-6] INFO  c.w.product.aspect.LoggingAspect - ==> SERVICE METHOD CALLED: com.warehouse.product.service.ProductService.getAllProducts()
2026-05-09 18:18:12 [http-nio-8082-exec-8] INFO  c.w.product.aspect.LoggingAspect - ==> API REQUEST: com.warehouse.product.controller.ProductController.getAllProducts()
2026-05-09 18:18:12 [http-nio-8082-exec-8] INFO  c.w.product.aspect.LoggingAspect - ==> SERVICE METHOD CALLED: com.warehouse.product.service.ProductService.getAllProducts()
2026-05-09 18:18:12 [http-nio-8082-exec-6] INFO  c.w.product.aspect.LoggingAspect - ==> METHOD: getAllProducts() COMPLETED IN: 9 ms
2026-05-09 18:18:12 [http-nio-8082-exec-8] INFO  c.w.product.aspect.LoggingAspect - ==> METHOD: getAllProducts() COMPLETED IN: 10 ms
2026-05-09 18:18:15 [http-nio-8082-exec-7] INFO  c.w.product.aspect.LoggingAspect - ==> API REQUEST: com.warehouse.product.controller.NotificationController.getNotifications()
2026-05-09 18:18:15 [http-nio-8082-exec-7] INFO  c.w.product.aspect.LoggingAspect - ==> SERVICE METHOD CALLED: com.warehouse.product.service.ProductService.getAllProducts()
2026-05-09 18:18:15 [http-nio-8082-exec-7] INFO  c.w.product.aspect.LoggingAspect - ==> METHOD: getAllProducts() COMPLETED IN: 15 ms
2026-05-09 18:18:19 [http-nio-8082-exec-10] INFO  c.w.product.aspect.LoggingAspect - ==> API REQUEST: com.warehouse.product.controller.ProductController.getAllProducts()
2026-05-09 18:18:19 [http-nio-8082-exec-10] INFO  c.w.product.aspect.LoggingAspect - ==> SERVICE METHOD CALLED: com.warehouse.product.service.ProductService.getAllProducts()
2026-05-09 18:18:19 [http-nio-8082-exec-10] INFO  c.w.product.aspect.LoggingAspect - ==> METHOD: getAllProducts() COMPLETED IN: 13 ms
2026-05-09 18:18:19 [http-nio-8082-exec-10] INFO  c.w.product.aspect.LoggingAspect - ==> API REQUEST: com.warehouse.product.controller.NotificationController.getNotifications()
2026-05-09 18:18:19 [http-nio-8082-exec-10] INFO  c.w.product.aspect.LoggingAspect - ==> SERVICE METHOD CALLED: com.warehouse.product.service.ProductService.getAllProducts()
2026-05-09 18:18:19 [http-nio-8082-exec-10] INFO  c.w.product.aspect.LoggingAspect - ==> METHOD: getAllProducts() COMPLETED IN: 96 ms
2026-05-09 18:18:21 [http-nio-8082-exec-2] INFO  c.w.product.aspect.LoggingAspect - ==> API REQUEST: com.warehouse.product.controller.NotificationController.getNotifications()
2026-05-09 18:18:21 [http-nio-8082-exec-2] INFO  c.w.product.aspect.LoggingAspect - ==> SERVICE METHOD CALLED: com.warehouse.product.service.ProductService.getAllProducts()
2026-05-09 18:18:21 [http-nio-8082-exec-2] INFO  c.w.product.aspect.LoggingAspect - ==> METHOD: getAllProducts() COMPLETED IN: 6 ms
2026-05-09 18:18:23 [http-nio-8082-exec-3] INFO  c.w.product.aspect.LoggingAspect - ==> API REQUEST: com.warehouse.product.controller.NotificationController.getNotifications()
2026-05-09 18:18:23 [http-nio-8082-exec-3] INFO  c.w.product.aspect.LoggingAspect - ==> SERVICE METHOD CALLED: com.warehouse.product.service.ProductService.getAllProducts()
2026-05-09 18:18:23 [http-nio-8082-exec-1] INFO  c.w.product.aspect.LoggingAspect - ==> API REQUEST: com.warehouse.product.controller.ProductController.getAllProducts()
2026-05-09 18:18:23 [http-nio-8082-exec-1] INFO  c.w.product.aspect.LoggingAspect - ==> SERVICE METHOD CALLED: com.warehouse.product.service.ProductService.getAllProducts()
2026-05-09 18:18:23 [http-nio-8082-exec-1] INFO  c.w.product.aspect.LoggingAspect - ==> METHOD: getAllProducts() COMPLETED IN: 46 ms
2026-05-09 18:18:23 [http-nio-8082-exec-3] INFO  c.w.product.aspect.LoggingAspect - ==> METHOD: getAllProducts() COMPLETED IN: 53 ms
2026-05-09 18:18:33 [http-nio-8082-exec-5] INFO  c.w.product.aspect.LoggingAspect - ==> API REQUEST: com.warehouse.product.controller.NotificationController.getNotifications()
2026-05-09 18:18:33 [http-nio-8082-exec-5] INFO  c.w.product.aspect.LoggingAspect - ==> SERVICE METHOD CALLED: com.warehouse.product.service.ProductService.getAllProducts()
2026-05-09 18:18:33 [http-nio-8082-exec-5] INFO  c.w.product.aspect.LoggingAspect - ==> METHOD: getAllProducts() COMPLETED IN: 10 ms
2026-05-09 18:18:37 [http-nio-8082-exec-4] INFO  c.w.product.aspect.LoggingAspect - ==> API REQUEST: com.warehouse.product.controller.NotificationController.getNotifications()
2026-05-09 18:18:37 [http-nio-8082-exec-4] INFO  c.w.product.aspect.LoggingAspect - ==> SERVICE METHOD CALLED: com.warehouse.product.service.ProductService.getAllProducts()
2026-05-09 18:18:37 [http-nio-8082-exec-4] INFO  c.w.product.aspect.LoggingAspect - ==> METHOD: getAllProducts() COMPLETED IN: 13 ms
2026-05-09 18:18:43 [http-nio-8082-exec-6] INFO  c.w.product.aspect.LoggingAspect - ==> API REQUEST: com.warehouse.product.controller.NotificationController.getNotifications()
2026-05-09 18:18:43 [http-nio-8082-exec-6] INFO  c.w.product.aspect.LoggingAspect - ==> SERVICE METHOD CALLED: com.warehouse.product.service.ProductService.getAllProducts()
2026-05-09 18:18:43 [http-nio-8082-exec-6] INFO  c.w.product.aspect.LoggingAspect - ==> METHOD: getAllProducts() COMPLETED IN: 8 ms
2026-05-09 18:18:45 [http-nio-8082-exec-8] INFO  c.w.product.aspect.LoggingAspect - ==> API REQUEST: com.warehouse.product.controller.NotificationController.getNotifications()
2026-05-09 18:18:45 [http-nio-8082-exec-8] INFO  c.w.product.aspect.LoggingAspect - ==> SERVICE METHOD CALLED: com.warehouse.product.service.ProductService.getAllProducts()
2026-05-09 18:18:45 [http-nio-8082-exec-8] INFO  c.w.product.aspect.LoggingAspect - ==> METHOD: getAllProducts() COMPLETED IN: 18 ms
2026-05-09 18:18:49 [http-nio-8082-exec-7] INFO  c.w.product.aspect.LoggingAspect - ==> API REQUEST: com.warehouse.product.controller.NotificationController.getNotifications()
2026-05-09 18:18:49 [http-nio-8082-exec-7] INFO  c.w.product.aspect.LoggingAspect - ==> SERVICE METHOD CALLED: com.warehouse.product.service.ProductService.getAllProducts()
2026-05-09 18:18:49 [http-nio-8082-exec-7] INFO  c.w.product.aspect.LoggingAspect - ==> METHOD: getAllProducts() COMPLETED IN: 10 ms
2026-05-09 18:18:52 [http-nio-8082-exec-9] INFO  c.w.product.aspect.LoggingAspect - ==> API REQUEST: com.warehouse.product.controller.NotificationController.getNotifications()
2026-05-09 18:18:52 [http-nio-8082-exec-9] INFO  c.w.product.aspect.LoggingAspect - ==> SERVICE METHOD CALLED: com.warehouse.product.service.ProductService.getAllProducts()
2026-05-09 18:18:52 [http-nio-8082-exec-9] INFO  c.w.product.aspect.LoggingAspect - ==> METHOD: getAllProducts() COMPLETED IN: 9 ms
2026-05-09 18:18:53 [http-nio-8082-exec-10] INFO  c.w.product.aspect.LoggingAspect - ==> API REQUEST: com.warehouse.product.controller.NotificationController.getNotifications()
2026-05-09 18:18:53 [http-nio-8082-exec-10] INFO  c.w.product.aspect.LoggingAspect - ==> SERVICE METHOD CALLED: com.warehouse.product.service.ProductService.getAllProducts()
2026-05-09 18:18:53 [http-nio-8082-exec-10] INFO  c.w.product.aspect.LoggingAspect - ==> METHOD: getAllProducts() COMPLETED IN: 18 ms
2026-05-09 18:19:03 [http-nio-8082-exec-2] INFO  c.w.product.aspect.LoggingAspect - ==> API REQUEST: com.warehouse.product.controller.NotificationController.getNotifications()
2026-05-09 18:19:03 [http-nio-8082-exec-2] INFO  c.w.product.aspect.LoggingAspect - ==> SERVICE METHOD CALLED: com.warehouse.product.service.ProductService.getAllProducts()
2026-05-09 18:19:03 [http-nio-8082-exec-2] INFO  c.w.product.aspect.LoggingAspect - ==> METHOD: getAllProducts() COMPLETED IN: 22 ms
2026-05-09 18:19:07 [http-nio-8082-exec-3] INFO  c.w.product.aspect.LoggingAspect - ==> API REQUEST: com.warehouse.product.controller.NotificationController.getNotifications()
2026-05-09 18:19:07 [http-nio-8082-exec-3] INFO  c.w.product.aspect.LoggingAspect - ==> SERVICE METHOD CALLED: com.warehouse.product.service.ProductService.getAllProducts()
2026-05-09 18:19:07 [http-nio-8082-exec-3] INFO  c.w.product.aspect.LoggingAspect - ==> METHOD: getAllProducts() COMPLETED IN: 13 ms
2026-05-09 18:19:13 [http-nio-8082-exec-1] INFO  c.w.product.aspect.LoggingAspect - ==> API REQUEST: com.warehouse.product.controller.NotificationController.getNotifications()
2026-05-09 18:19:13 [http-nio-8082-exec-1] INFO  c.w.product.aspect.LoggingAspect - ==> SERVICE METHOD CALLED: com.warehouse.product.service.ProductService.getAllProducts()
2026-05-09 18:19:13 [http-nio-8082-exec-1] INFO  c.w.product.aspect.LoggingAspect - ==> METHOD: getAllProducts() COMPLETED IN: 32 ms
2026-05-09 18:19:15 [http-nio-8082-exec-5] INFO  c.w.product.aspect.LoggingAspect - ==> API REQUEST: com.warehouse.product.controller.NotificationController.getNotifications()
2026-05-09 18:19:15 [http-nio-8082-exec-5] INFO  c.w.product.aspect.LoggingAspect - ==> SERVICE METHOD CALLED: com.warehouse.product.service.ProductService.getAllProducts()
2026-05-09 18:19:15 [http-nio-8082-exec-5] INFO  c.w.product.aspect.LoggingAspect - ==> METHOD: getAllProducts() COMPLETED IN: 12 ms
2026-05-09 18:19:19 [http-nio-8082-exec-4] INFO  c.w.product.aspect.LoggingAspect - ==> API REQUEST: com.warehouse.product.controller.NotificationController.getNotifications()
2026-05-09 18:19:19 [http-nio-8082-exec-4] INFO  c.w.product.aspect.LoggingAspect - ==> SERVICE METHOD CALLED: com.warehouse.product.service.ProductService.getAllProducts()
2026-05-09 18:19:19 [http-nio-8082-exec-4] INFO  c.w.product.aspect.LoggingAspect - ==> METHOD: getAllProducts() COMPLETED IN: 9 ms
2026-05-09 18:19:22 [http-nio-8082-exec-6] INFO  c.w.product.aspect.LoggingAspect - ==> API REQUEST: com.warehouse.product.controller.NotificationController.getNotifications()
2026-05-09 18:19:22 [http-nio-8082-exec-6] INFO  c.w.product.aspect.LoggingAspect - ==> SERVICE METHOD CALLED: com.warehouse.product.service.ProductService.getAllProducts()
2026-05-09 18:19:22 [http-nio-8082-exec-6] INFO  c.w.product.aspect.LoggingAspect - ==> METHOD: getAllProducts() COMPLETED IN: 8 ms
2026-05-09 18:19:23 [http-nio-8082-exec-8] INFO  c.w.product.aspect.LoggingAspect - ==> API REQUEST: com.warehouse.product.controller.NotificationController.getNotifications()
2026-05-09 18:19:23 [http-nio-8082-exec-8] INFO  c.w.product.aspect.LoggingAspect - ==> SERVICE METHOD CALLED: com.warehouse.product.service.ProductService.getAllProducts()
2026-05-09 18:19:23 [http-nio-8082-exec-8] INFO  c.w.product.aspect.LoggingAspect - ==> METHOD: getAllProducts() COMPLETED IN: 11 ms
2026-05-09 18:19:33 [http-nio-8082-exec-7] INFO  c.w.product.aspect.LoggingAspect - ==> API REQUEST: com.warehouse.product.controller.NotificationController.getNotifications()
2026-05-09 18:19:33 [http-nio-8082-exec-7] INFO  c.w.product.aspect.LoggingAspect - ==> SERVICE METHOD CALLED: com.warehouse.product.service.ProductService.getAllProducts()
2026-05-09 18:19:33 [http-nio-8082-exec-7] INFO  c.w.product.aspect.LoggingAspect - ==> METHOD: getAllProducts() COMPLETED IN: 11 ms
2026-05-09 18:19:37 [http-nio-8082-exec-9] INFO  c.w.product.aspect.LoggingAspect - ==> API REQUEST: com.warehouse.product.controller.NotificationController.getNotifications()
2026-05-09 18:19:37 [http-nio-8082-exec-9] INFO  c.w.product.aspect.LoggingAspect - ==> SERVICE METHOD CALLED: com.warehouse.product.service.ProductService.getAllProducts()
2026-05-09 18:19:37 [http-nio-8082-exec-9] INFO  c.w.product.aspect.LoggingAspect - ==> METHOD: getAllProducts() COMPLETED IN: 20 ms
2026-05-09 18:19:43 [http-nio-8082-exec-10] INFO  c.w.product.aspect.LoggingAspect - ==> API REQUEST: com.warehouse.product.controller.NotificationController.getNotifications()
2026-05-09 18:19:43 [http-nio-8082-exec-10] INFO  c.w.product.aspect.LoggingAspect - ==> SERVICE METHOD CALLED: com.warehouse.product.service.ProductService.getAllProducts()
2026-05-09 18:19:43 [http-nio-8082-exec-10] INFO  c.w.product.aspect.LoggingAspect - ==> METHOD: getAllProducts() COMPLETED IN: 16 ms
2026-05-09 18:19:45 [http-nio-8082-exec-2] INFO  c.w.product.aspect.LoggingAspect - ==> API REQUEST: com.warehouse.product.controller.NotificationController.getNotifications()
2026-05-09 18:19:45 [http-nio-8082-exec-2] INFO  c.w.product.aspect.LoggingAspect - ==> SERVICE METHOD CALLED: com.warehouse.product.service.ProductService.getAllProducts()
2026-05-09 18:19:45 [http-nio-8082-exec-2] INFO  c.w.product.aspect.LoggingAspect - ==> METHOD: getAllProducts() COMPLETED IN: 8 ms
2026-05-09 18:19:49 [http-nio-8082-exec-3] INFO  c.w.product.aspect.LoggingAspect - ==> API REQUEST: com.warehouse.product.controller.NotificationController.getNotifications()
2026-05-09 18:19:49 [http-nio-8082-exec-3] INFO  c.w.product.aspect.LoggingAspect - ==> SERVICE METHOD CALLED: com.warehouse.product.service.ProductService.getAllProducts()
2026-05-09 18:19:49 [http-nio-8082-exec-3] INFO  c.w.product.aspect.LoggingAspect - ==> METHOD: getAllProducts() COMPLETED IN: 19 ms
2026-05-09 18:19:52 [http-nio-8082-exec-1] INFO  c.w.product.aspect.LoggingAspect - ==> API REQUEST: com.warehouse.product.controller.NotificationController.getNotifications()
2026-05-09 18:19:52 [http-nio-8082-exec-1] INFO  c.w.product.aspect.LoggingAspect - ==> SERVICE METHOD CALLED: com.warehouse.product.service.ProductService.getAllProducts()
2026-05-09 18:19:52 [http-nio-8082-exec-1] INFO  c.w.product.aspect.LoggingAspect - ==> METHOD: getAllProducts() COMPLETED IN: 14 ms
2026-05-09 18:19:53 [http-nio-8082-exec-5] INFO  c.w.product.aspect.LoggingAspect - ==> API REQUEST: com.warehouse.product.controller.NotificationController.getNotifications()
2026-05-09 18:19:53 [http-nio-8082-exec-5] INFO  c.w.product.aspect.LoggingAspect - ==> SERVICE METHOD CALLED: com.warehouse.product.service.ProductService.getAllProducts()
2026-05-09 18:19:53 [http-nio-8082-exec-5] INFO  c.w.product.aspect.LoggingAspect - ==> METHOD: getAllProducts() COMPLETED IN: 18 ms
2026-05-09 18:20:03 [http-nio-8082-exec-4] INFO  c.w.product.aspect.LoggingAspect - ==> API REQUEST: com.warehouse.product.controller.NotificationController.getNotifications()
2026-05-09 18:20:03 [http-nio-8082-exec-4] INFO  c.w.product.aspect.LoggingAspect - ==> SERVICE METHOD CALLED: com.warehouse.product.service.ProductService.getAllProducts()
2026-05-09 18:20:03 [http-nio-8082-exec-4] INFO  c.w.product.aspect.LoggingAspect - ==> METHOD: getAllProducts() COMPLETED IN: 8 ms
2026-05-09 18:20:07 [http-nio-8082-exec-6] INFO  c.w.product.aspect.LoggingAspect - ==> API REQUEST: com.warehouse.product.controller.NotificationController.getNotifications()
2026-05-09 18:20:07 [http-nio-8082-exec-6] INFO  c.w.product.aspect.LoggingAspect - ==> SERVICE METHOD CALLED: com.warehouse.product.service.ProductService.getAllProducts()
2026-05-09 18:20:07 [http-nio-8082-exec-6] INFO  c.w.product.aspect.LoggingAspect - ==> METHOD: getAllProducts() COMPLETED IN: 8 ms
2026-05-09 18:20:13 [http-nio-8082-exec-8] INFO  c.w.product.aspect.LoggingAspect - ==> API REQUEST: com.warehouse.product.controller.NotificationController.getNotifications()
2026-05-09 18:20:13 [http-nio-8082-exec-8] INFO  c.w.product.aspect.LoggingAspect - ==> SERVICE METHOD CALLED: com.warehouse.product.service.ProductService.getAllProducts()
2026-05-09 18:20:13 [http-nio-8082-exec-8] INFO  c.w.product.aspect.LoggingAspect - ==> METHOD: getAllProducts() COMPLETED IN: 4 ms
2026-05-09 18:20:15 [http-nio-8082-exec-7] INFO  c.w.product.aspect.LoggingAspect - ==> API REQUEST: com.warehouse.product.controller.NotificationController.getNotifications()
2026-05-09 18:20:15 [http-nio-8082-exec-7] INFO  c.w.product.aspect.LoggingAspect - ==> SERVICE METHOD CALLED: com.warehouse.product.service.ProductService.getAllProducts()
2026-05-09 18:20:15 [http-nio-8082-exec-7] INFO  c.w.product.aspect.LoggingAspect - ==> METHOD: getAllProducts() COMPLETED IN: 11 ms
2026-05-09 18:20:19 [http-nio-8082-exec-9] INFO  c.w.product.aspect.LoggingAspect - ==> API REQUEST: com.warehouse.product.controller.NotificationController.getNotifications()
2026-05-09 18:20:19 [http-nio-8082-exec-9] INFO  c.w.product.aspect.LoggingAspect - ==> SERVICE METHOD CALLED: com.warehouse.product.service.ProductService.getAllProducts()
2026-05-09 18:20:19 [http-nio-8082-exec-9] INFO  c.w.product.aspect.LoggingAspect - ==> METHOD: getAllProducts() COMPLETED IN: 3 ms
2026-05-09 18:20:22 [http-nio-8082-exec-10] INFO  c.w.product.aspect.LoggingAspect - ==> API REQUEST: com.warehouse.product.controller.NotificationController.getNotifications()
2026-05-09 18:20:22 [http-nio-8082-exec-10] INFO  c.w.product.aspect.LoggingAspect - ==> SERVICE METHOD CALLED: com.warehouse.product.service.ProductService.getAllProducts()
2026-05-09 18:20:22 [http-nio-8082-exec-10] INFO  c.w.product.aspect.LoggingAspect - ==> METHOD: getAllProducts() COMPLETED IN: 9 ms
2026-05-09 18:20:23 [http-nio-8082-exec-2] INFO  c.w.product.aspect.LoggingAspect - ==> API REQUEST: com.warehouse.product.controller.NotificationController.getNotifications()
2026-05-09 18:20:23 [http-nio-8082-exec-2] INFO  c.w.product.aspect.LoggingAspect - ==> SERVICE METHOD CALLED: com.warehouse.product.service.ProductService.getAllProducts()
2026-05-09 18:20:23 [http-nio-8082-exec-2] INFO  c.w.product.aspect.LoggingAspect - ==> METHOD: getAllProducts() COMPLETED IN: 9 ms
2026-05-09 18:20:33 [http-nio-8082-exec-3] INFO  c.w.product.aspect.LoggingAspect - ==> API REQUEST: com.warehouse.product.controller.NotificationController.getNotifications()
2026-05-09 18:20:33 [http-nio-8082-exec-3] INFO  c.w.product.aspect.LoggingAspect - ==> SERVICE METHOD CALLED: com.warehouse.product.service.ProductService.getAllProducts()
2026-05-09 18:20:33 [http-nio-8082-exec-3] INFO  c.w.product.aspect.LoggingAspect - ==> METHOD: getAllProducts() COMPLETED IN: 20 ms
2026-05-09 18:20:37 [http-nio-8082-exec-1] INFO  c.w.product.aspect.LoggingAspect - ==> API REQUEST: com.warehouse.product.controller.NotificationController.getNotifications()
2026-05-09 18:20:37 [http-nio-8082-exec-1] INFO  c.w.product.aspect.LoggingAspect - ==> SERVICE METHOD CALLED: com.warehouse.product.service.ProductService.getAllProducts()
2026-05-09 18:20:37 [http-nio-8082-exec-1] INFO  c.w.product.aspect.LoggingAspect - ==> METHOD: getAllProducts() COMPLETED IN: 20 ms
2026-05-09 18:20:43 [http-nio-8082-exec-5] INFO  c.w.product.aspect.LoggingAspect - ==> API REQUEST: com.warehouse.product.controller.NotificationController.getNotifications()
2026-05-09 18:20:43 [http-nio-8082-exec-5] INFO  c.w.product.aspect.LoggingAspect - ==> SERVICE METHOD CALLED: com.warehouse.product.service.ProductService.getAllProducts()
2026-05-09 18:20:43 [http-nio-8082-exec-5] INFO  c.w.product.aspect.LoggingAspect - ==> METHOD: getAllProducts() COMPLETED IN: 27 ms
2026-05-09 18:20:45 [http-nio-8082-exec-4] INFO  c.w.product.aspect.LoggingAspect - ==> API REQUEST: com.warehouse.product.controller.NotificationController.getNotifications()
2026-05-09 18:20:45 [http-nio-8082-exec-4] INFO  c.w.product.aspect.LoggingAspect - ==> SERVICE METHOD CALLED: com.warehouse.product.service.ProductService.getAllProducts()
2026-05-09 18:20:45 [http-nio-8082-exec-4] INFO  c.w.product.aspect.LoggingAspect - ==> METHOD: getAllProducts() COMPLETED IN: 24 ms
2026-05-09 18:20:49 [http-nio-8082-exec-6] INFO  c.w.product.aspect.LoggingAspect - ==> API REQUEST: com.warehouse.product.controller.NotificationController.getNotifications()
2026-05-09 18:20:49 [http-nio-8082-exec-6] INFO  c.w.product.aspect.LoggingAspect - ==> SERVICE METHOD CALLED: com.warehouse.product.service.ProductService.getAllProducts()
2026-05-09 18:20:49 [http-nio-8082-exec-6] INFO  c.w.product.aspect.LoggingAspect - ==> METHOD: getAllProducts() COMPLETED IN: 9 ms
2026-05-09 18:20:52 [http-nio-8082-exec-8] INFO  c.w.product.aspect.LoggingAspect - ==> API REQUEST: com.warehouse.product.controller.NotificationController.getNotifications()
2026-05-09 18:20:52 [http-nio-8082-exec-8] INFO  c.w.product.aspect.LoggingAspect - ==> SERVICE METHOD CALLED: com.warehouse.product.service.ProductService.getAllProducts()
2026-05-09 18:20:52 [http-nio-8082-exec-8] INFO  c.w.product.aspect.LoggingAspect - ==> METHOD: getAllProducts() COMPLETED IN: 7 ms
2026-05-09 18:20:53 [http-nio-8082-exec-7] INFO  c.w.product.aspect.LoggingAspect - ==> API REQUEST: com.warehouse.product.controller.NotificationController.getNotifications()
2026-05-09 18:20:53 [http-nio-8082-exec-7] INFO  c.w.product.aspect.LoggingAspect - ==> SERVICE METHOD CALLED: com.warehouse.product.service.ProductService.getAllProducts()
2026-05-09 18:20:53 [http-nio-8082-exec-7] INFO  c.w.product.aspect.LoggingAspect - ==> METHOD: getAllProducts() COMPLETED IN: 17 ms
2026-05-09 18:21:07 [http-nio-8082-exec-9] INFO  c.w.product.aspect.LoggingAspect - ==> API REQUEST: com.warehouse.product.controller.NotificationController.getNotifications()
2026-05-09 18:21:07 [http-nio-8082-exec-9] INFO  c.w.product.aspect.LoggingAspect - ==> SERVICE METHOD CALLED: com.warehouse.product.service.ProductService.getAllProducts()
2026-05-09 18:21:07 [http-nio-8082-exec-9] INFO  c.w.product.aspect.LoggingAspect - ==> METHOD: getAllProducts() COMPLETED IN: 12 ms
2026-05-09 18:21:13 [http-nio-8082-exec-10] INFO  c.w.product.aspect.LoggingAspect - ==> API REQUEST: com.warehouse.product.controller.NotificationController.getNotifications()
2026-05-09 18:21:13 [http-nio-8082-exec-10] INFO  c.w.product.aspect.LoggingAspect - ==> SERVICE METHOD CALLED: com.warehouse.product.service.ProductService.getAllProducts()
2026-05-09 18:21:13 [http-nio-8082-exec-10] INFO  c.w.product.aspect.LoggingAspect - ==> METHOD: getAllProducts() COMPLETED IN: 8 ms
2026-05-09 18:21:15 [http-nio-8082-exec-2] INFO  c.w.product.aspect.LoggingAspect - ==> API REQUEST: com.warehouse.product.controller.NotificationController.getNotifications()
2026-05-09 18:21:15 [http-nio-8082-exec-2] INFO  c.w.product.aspect.LoggingAspect - ==> SERVICE METHOD CALLED: com.warehouse.product.service.ProductService.getAllProducts()
2026-05-09 18:21:15 [http-nio-8082-exec-2] INFO  c.w.product.aspect.LoggingAspect - ==> METHOD: getAllProducts() COMPLETED IN: 11 ms
2026-05-09 18:21:19 [http-nio-8082-exec-3] INFO  c.w.product.aspect.LoggingAspect - ==> API REQUEST: com.warehouse.product.controller.NotificationController.getNotifications()
2026-05-09 18:21:19 [http-nio-8082-exec-3] INFO  c.w.product.aspect.LoggingAspect - ==> SERVICE METHOD CALLED: com.warehouse.product.service.ProductService.getAllProducts()
2026-05-09 18:21:19 [http-nio-8082-exec-3] INFO  c.w.product.aspect.LoggingAspect - ==> METHOD: getAllProducts() COMPLETED IN: 5 ms
2026-05-09 18:21:22 [http-nio-8082-exec-1] INFO  c.w.product.aspect.LoggingAspect - ==> API REQUEST: com.warehouse.product.controller.NotificationController.getNotifications()
2026-05-09 18:21:22 [http-nio-8082-exec-1] INFO  c.w.product.aspect.LoggingAspect - ==> SERVICE METHOD CALLED: com.warehouse.product.service.ProductService.getAllProducts()
2026-05-09 18:21:22 [http-nio-8082-exec-1] INFO  c.w.product.aspect.LoggingAspect - ==> METHOD: getAllProducts() COMPLETED IN: 6 ms
2026-05-09 18:21:23 [http-nio-8082-exec-5] INFO  c.w.product.aspect.LoggingAspect - ==> API REQUEST: com.warehouse.product.controller.NotificationController.getNotifications()
2026-05-09 18:21:23 [http-nio-8082-exec-5] INFO  c.w.product.aspect.LoggingAspect - ==> SERVICE METHOD CALLED: com.warehouse.product.service.ProductService.getAllProducts()
2026-05-09 18:21:23 [http-nio-8082-exec-5] INFO  c.w.product.aspect.LoggingAspect - ==> METHOD: getAllProducts() COMPLETED IN: 9 ms
2026-05-09 18:21:50 [http-nio-8082-exec-4] INFO  c.w.product.aspect.LoggingAspect - ==> API REQUEST: com.warehouse.product.controller.NotificationController.getNotifications()
2026-05-09 18:21:50 [http-nio-8082-exec-4] INFO  c.w.product.aspect.LoggingAspect - ==> SERVICE METHOD CALLED: com.warehouse.product.service.ProductService.getAllProducts()
2026-05-09 18:21:50 [http-nio-8082-exec-4] INFO  c.w.product.aspect.LoggingAspect - ==> METHOD: getAllProducts() COMPLETED IN: 15 ms
2026-05-09 18:21:50 [http-nio-8082-exec-6] INFO  c.w.product.aspect.LoggingAspect - ==> API REQUEST: com.warehouse.product.controller.NotificationController.getNotifications()
2026-05-09 18:21:50 [http-nio-8082-exec-6] INFO  c.w.product.aspect.LoggingAspect - ==> SERVICE METHOD CALLED: com.warehouse.product.service.ProductService.getAllProducts()
2026-05-09 18:21:50 [http-nio-8082-exec-6] INFO  c.w.product.aspect.LoggingAspect - ==> METHOD: getAllProducts() COMPLETED IN: 6 ms
2026-05-09 18:21:50 [http-nio-8082-exec-8] INFO  c.w.product.aspect.LoggingAspect - ==> API REQUEST: com.warehouse.product.controller.NotificationController.getNotifications()
2026-05-09 18:21:50 [http-nio-8082-exec-8] INFO  c.w.product.aspect.LoggingAspect - ==> SERVICE METHOD CALLED: com.warehouse.product.service.ProductService.getAllProducts()
2026-05-09 18:21:50 [http-nio-8082-exec-8] INFO  c.w.product.aspect.LoggingAspect - ==> METHOD: getAllProducts() COMPLETED IN: 7 ms
2026-05-09 18:21:50 [http-nio-8082-exec-7] INFO  c.w.product.aspect.LoggingAspect - ==> API REQUEST: com.warehouse.product.controller.NotificationController.getNotifications()
2026-05-09 18:21:50 [http-nio-8082-exec-7] INFO  c.w.product.aspect.LoggingAspect - ==> SERVICE METHOD CALLED: com.warehouse.product.service.ProductService.getAllProducts()
2026-05-09 18:21:50 [http-nio-8082-exec-7] INFO  c.w.product.aspect.LoggingAspect - ==> METHOD: getAllProducts() COMPLETED IN: 3 ms
2026-05-09 18:21:50 [http-nio-8082-exec-9] INFO  c.w.product.aspect.LoggingAspect - ==> API REQUEST: com.warehouse.product.controller.NotificationController.getNotifications()
2026-05-09 18:21:50 [http-nio-8082-exec-9] INFO  c.w.product.aspect.LoggingAspect - ==> SERVICE METHOD CALLED: com.warehouse.product.service.ProductService.getAllProducts()
2026-05-09 18:21:50 [http-nio-8082-exec-9] INFO  c.w.product.aspect.LoggingAspect - ==> METHOD: getAllProducts() COMPLETED IN: 4 ms
2026-05-09 18:22:50 [http-nio-8082-exec-10] INFO  c.w.product.aspect.LoggingAspect - ==> API REQUEST: com.warehouse.product.controller.NotificationController.getNotifications()
2026-05-09 18:22:50 [http-nio-8082-exec-10] INFO  c.w.product.aspect.LoggingAspect - ==> SERVICE METHOD CALLED: com.warehouse.product.service.ProductService.getAllProducts()
2026-05-09 18:22:50 [http-nio-8082-exec-10] INFO  c.w.product.aspect.LoggingAspect - ==> METHOD: getAllProducts() COMPLETED IN: 9 ms
2026-05-09 18:22:50 [http-nio-8082-exec-2] INFO  c.w.product.aspect.LoggingAspect - ==> API REQUEST: com.warehouse.product.controller.NotificationController.getNotifications()
2026-05-09 18:22:50 [http-nio-8082-exec-2] INFO  c.w.product.aspect.LoggingAspect - ==> SERVICE METHOD CALLED: com.warehouse.product.service.ProductService.getAllProducts()
2026-05-09 18:22:50 [http-nio-8082-exec-2] INFO  c.w.product.aspect.LoggingAspect - ==> METHOD: getAllProducts() COMPLETED IN: 5 ms
2026-05-09 18:22:50 [http-nio-8082-exec-3] INFO  c.w.product.aspect.LoggingAspect - ==> API REQUEST: com.warehouse.product.controller.NotificationController.getNotifications()
2026-05-09 18:22:50 [http-nio-8082-exec-3] INFO  c.w.product.aspect.LoggingAspect - ==> SERVICE METHOD CALLED: com.warehouse.product.service.ProductService.getAllProducts()
2026-05-09 18:22:50 [http-nio-8082-exec-3] INFO  c.w.product.aspect.LoggingAspect - ==> METHOD: getAllProducts() COMPLETED IN: 5 ms
2026-05-09 18:22:50 [http-nio-8082-exec-1] INFO  c.w.product.aspect.LoggingAspect - ==> API REQUEST: com.warehouse.product.controller.NotificationController.getNotifications()
2026-05-09 18:22:50 [http-nio-8082-exec-1] INFO  c.w.product.aspect.LoggingAspect - ==> SERVICE METHOD CALLED: com.warehouse.product.service.ProductService.getAllProducts()
2026-05-09 18:22:50 [http-nio-8082-exec-1] INFO  c.w.product.aspect.LoggingAspect - ==> METHOD: getAllProducts() COMPLETED IN: 4 ms
2026-05-09 18:22:50 [http-nio-8082-exec-5] INFO  c.w.product.aspect.LoggingAspect - ==> API REQUEST: com.warehouse.product.controller.NotificationController.getNotifications()
2026-05-09 18:22:50 [http-nio-8082-exec-5] INFO  c.w.product.aspect.LoggingAspect - ==> SERVICE METHOD CALLED: com.warehouse.product.service.ProductService.getAllProducts()
2026-05-09 18:22:50 [http-nio-8082-exec-5] INFO  c.w.product.aspect.LoggingAspect - ==> METHOD: getAllProducts() COMPLETED IN: 5 ms
2026-05-09 18:22:50 [http-nio-8082-exec-4] INFO  c.w.product.aspect.LoggingAspect - ==> API REQUEST: com.warehouse.product.controller.NotificationController.getNotifications()
2026-05-09 18:22:50 [http-nio-8082-exec-4] INFO  c.w.product.aspect.LoggingAspect - ==> SERVICE METHOD CALLED: com.warehouse.product.service.ProductService.getAllProducts()
2026-05-09 18:22:50 [http-nio-8082-exec-4] INFO  c.w.product.aspect.LoggingAspect - ==> METHOD: getAllProducts() COMPLETED IN: 4 ms
2026-05-09 18:22:50 [http-nio-8082-exec-6] INFO  c.w.product.aspect.LoggingAspect - ==> API REQUEST: com.warehouse.product.controller.NotificationController.getNotifications()
2026-05-09 18:22:50 [http-nio-8082-exec-6] INFO  c.w.product.aspect.LoggingAspect - ==> SERVICE METHOD CALLED: com.warehouse.product.service.ProductService.getAllProducts()
2026-05-09 18:22:50 [http-nio-8082-exec-6] INFO  c.w.product.aspect.LoggingAspect - ==> METHOD: getAllProducts() COMPLETED IN: 6 ms
2026-05-09 18:23:51 [http-nio-8082-exec-9] INFO  c.w.product.aspect.LoggingAspect - ==> API REQUEST: com.warehouse.product.controller.NotificationController.getNotifications()
2026-05-09 18:23:51 [http-nio-8082-exec-9] INFO  c.w.product.aspect.LoggingAspect - ==> SERVICE METHOD CALLED: com.warehouse.product.service.ProductService.getAllProducts()
2026-05-09 18:23:51 [http-nio-8082-exec-9] INFO  c.w.product.aspect.LoggingAspect - ==> METHOD: getAllProducts() COMPLETED IN: 281 ms
2026-05-09 18:23:51 [http-nio-8082-exec-10] INFO  c.w.product.aspect.LoggingAspect - ==> API REQUEST: com.warehouse.product.controller.NotificationController.getNotifications()
2026-05-09 18:23:51 [http-nio-8082-exec-10] INFO  c.w.product.aspect.LoggingAspect - ==> SERVICE METHOD CALLED: com.warehouse.product.service.ProductService.getAllProducts()
2026-05-09 18:23:51 [http-nio-8082-exec-10] INFO  c.w.product.aspect.LoggingAspect - ==> METHOD: getAllProducts() COMPLETED IN: 16 ms
2026-05-09 18:23:51 [http-nio-8082-exec-2] INFO  c.w.product.aspect.LoggingAspect - ==> API REQUEST: com.warehouse.product.controller.NotificationController.getNotifications()
2026-05-09 18:23:51 [http-nio-8082-exec-2] INFO  c.w.product.aspect.LoggingAspect - ==> SERVICE METHOD CALLED: com.warehouse.product.service.ProductService.getAllProducts()
2026-05-09 18:23:51 [http-nio-8082-exec-2] INFO  c.w.product.aspect.LoggingAspect - ==> METHOD: getAllProducts() COMPLETED IN: 12 ms
2026-05-09 18:23:51 [http-nio-8082-exec-3] INFO  c.w.product.aspect.LoggingAspect - ==> API REQUEST: com.warehouse.product.controller.NotificationController.getNotifications()
2026-05-09 18:23:51 [http-nio-8082-exec-3] INFO  c.w.product.aspect.LoggingAspect - ==> SERVICE METHOD CALLED: com.warehouse.product.service.ProductService.getAllProducts()
2026-05-09 18:23:51 [http-nio-8082-exec-3] INFO  c.w.product.aspect.LoggingAspect - ==> METHOD: getAllProducts() COMPLETED IN: 6 ms
2026-05-09 18:23:51 [http-nio-8082-exec-1] INFO  c.w.product.aspect.LoggingAspect - ==> API REQUEST: com.warehouse.product.controller.NotificationController.getNotifications()
2026-05-09 18:23:51 [http-nio-8082-exec-1] INFO  c.w.product.aspect.LoggingAspect - ==> SERVICE METHOD CALLED: com.warehouse.product.service.ProductService.getAllProducts()
2026-05-09 18:23:51 [http-nio-8082-exec-1] INFO  c.w.product.aspect.LoggingAspect - ==> METHOD: getAllProducts() COMPLETED IN: 14 ms
2026-05-09 18:23:51 [http-nio-8082-exec-5] INFO  c.w.product.aspect.LoggingAspect - ==> API REQUEST: com.warehouse.product.controller.NotificationController.getNotifications()
2026-05-09 18:23:51 [http-nio-8082-exec-5] INFO  c.w.product.aspect.LoggingAspect - ==> SERVICE METHOD CALLED: com.warehouse.product.service.ProductService.getAllProducts()
2026-05-09 18:23:51 [http-nio-8082-exec-5] INFO  c.w.product.aspect.LoggingAspect - ==> METHOD: getAllProducts() COMPLETED IN: 10 ms
2026-05-09 18:23:51 [http-nio-8082-exec-4] INFO  c.w.product.aspect.LoggingAspect - ==> API REQUEST: com.warehouse.product.controller.NotificationController.getNotifications()
2026-05-09 18:23:51 [http-nio-8082-exec-4] INFO  c.w.product.aspect.LoggingAspect - ==> SERVICE METHOD CALLED: com.warehouse.product.service.ProductService.getAllProducts()
2026-05-09 18:23:51 [http-nio-8082-exec-4] INFO  c.w.product.aspect.LoggingAspect - ==> METHOD: getAllProducts() COMPLETED IN: 12 ms
2026-05-09 18:24:50 [http-nio-8082-exec-6] INFO  c.w.product.aspect.LoggingAspect - ==> API REQUEST: com.warehouse.product.controller.NotificationController.getNotifications()
2026-05-09 18:24:50 [http-nio-8082-exec-6] INFO  c.w.product.aspect.LoggingAspect - ==> SERVICE METHOD CALLED: com.warehouse.product.service.ProductService.getAllProducts()
2026-05-09 18:24:51 [http-nio-8082-exec-6] INFO  c.w.product.aspect.LoggingAspect - ==> METHOD: getAllProducts() COMPLETED IN: 305 ms
2026-05-09 18:24:51 [http-nio-8082-exec-8] INFO  c.w.product.aspect.LoggingAspect - ==> API REQUEST: com.warehouse.product.controller.NotificationController.getNotifications()
2026-05-09 18:24:51 [http-nio-8082-exec-8] INFO  c.w.product.aspect.LoggingAspect - ==> SERVICE METHOD CALLED: com.warehouse.product.service.ProductService.getAllProducts()
2026-05-09 18:24:51 [http-nio-8082-exec-8] INFO  c.w.product.aspect.LoggingAspect - ==> METHOD: getAllProducts() COMPLETED IN: 22 ms
2026-05-09 18:24:51 [http-nio-8082-exec-7] INFO  c.w.product.aspect.LoggingAspect - ==> API REQUEST: com.warehouse.product.controller.NotificationController.getNotifications()
2026-05-09 18:24:51 [http-nio-8082-exec-7] INFO  c.w.product.aspect.LoggingAspect - ==> SERVICE METHOD CALLED: com.warehouse.product.service.ProductService.getAllProducts()
2026-05-09 18:24:51 [http-nio-8082-exec-7] INFO  c.w.product.aspect.LoggingAspect - ==> METHOD: getAllProducts() COMPLETED IN: 11 ms
2026-05-09 18:24:51 [http-nio-8082-exec-9] INFO  c.w.product.aspect.LoggingAspect - ==> API REQUEST: com.warehouse.product.controller.NotificationController.getNotifications()
2026-05-09 18:24:51 [http-nio-8082-exec-9] INFO  c.w.product.aspect.LoggingAspect - ==> SERVICE METHOD CALLED: com.warehouse.product.service.ProductService.getAllProducts()
2026-05-09 18:24:51 [http-nio-8082-exec-9] INFO  c.w.product.aspect.LoggingAspect - ==> METHOD: getAllProducts() COMPLETED IN: 12 ms
2026-05-09 18:24:51 [http-nio-8082-exec-10] INFO  c.w.product.aspect.LoggingAspect - ==> API REQUEST: com.warehouse.product.controller.NotificationController.getNotifications()
2026-05-09 18:24:51 [http-nio-8082-exec-10] INFO  c.w.product.aspect.LoggingAspect - ==> SERVICE METHOD CALLED: com.warehouse.product.service.ProductService.getAllProducts()
2026-05-09 18:24:51 [http-nio-8082-exec-10] INFO  c.w.product.aspect.LoggingAspect - ==> METHOD: getAllProducts() COMPLETED IN: 9 ms
2026-05-09 18:24:51 [http-nio-8082-exec-2] INFO  c.w.product.aspect.LoggingAspect - ==> API REQUEST: com.warehouse.product.controller.NotificationController.getNotifications()
2026-05-09 18:24:51 [http-nio-8082-exec-2] INFO  c.w.product.aspect.LoggingAspect - ==> SERVICE METHOD CALLED: com.warehouse.product.service.ProductService.getAllProducts()
2026-05-09 18:24:51 [http-nio-8082-exec-2] INFO  c.w.product.aspect.LoggingAspect - ==> METHOD: getAllProducts() COMPLETED IN: 81 ms
2026-05-09 18:24:51 [http-nio-8082-exec-3] INFO  c.w.product.aspect.LoggingAspect - ==> API REQUEST: com.warehouse.product.controller.NotificationController.getNotifications()
2026-05-09 18:24:51 [http-nio-8082-exec-3] INFO  c.w.product.aspect.LoggingAspect - ==> SERVICE METHOD CALLED: com.warehouse.product.service.ProductService.getAllProducts()
2026-05-09 18:24:51 [http-nio-8082-exec-3] INFO  c.w.product.aspect.LoggingAspect - ==> METHOD: getAllProducts() COMPLETED IN: 11 ms
2026-05-09 18:25:51 [http-nio-8082-exec-1] INFO  c.w.product.aspect.LoggingAspect - ==> API REQUEST: com.warehouse.product.controller.NotificationController.getNotifications()
2026-05-09 18:25:51 [http-nio-8082-exec-1] INFO  c.w.product.aspect.LoggingAspect - ==> SERVICE METHOD CALLED: com.warehouse.product.service.ProductService.getAllProducts()
2026-05-09 18:25:51 [http-nio-8082-exec-1] INFO  c.w.product.aspect.LoggingAspect - ==> METHOD: getAllProducts() COMPLETED IN: 246 ms
2026-05-09 18:25:51 [http-nio-8082-exec-5] INFO  c.w.product.aspect.LoggingAspect - ==> API REQUEST: com.warehouse.product.controller.NotificationController.getNotifications()
2026-05-09 18:25:51 [http-nio-8082-exec-5] INFO  c.w.product.aspect.LoggingAspect - ==> SERVICE METHOD CALLED: com.warehouse.product.service.ProductService.getAllProducts()
2026-05-09 18:25:51 [http-nio-8082-exec-5] INFO  c.w.product.aspect.LoggingAspect - ==> METHOD: getAllProducts() COMPLETED IN: 20 ms
2026-05-09 18:25:51 [http-nio-8082-exec-4] INFO  c.w.product.aspect.LoggingAspect - ==> API REQUEST: com.warehouse.product.controller.NotificationController.getNotifications()
2026-05-09 18:25:51 [http-nio-8082-exec-4] INFO  c.w.product.aspect.LoggingAspect - ==> SERVICE METHOD CALLED: com.warehouse.product.service.ProductService.getAllProducts()
2026-05-09 18:25:51 [http-nio-8082-exec-4] INFO  c.w.product.aspect.LoggingAspect - ==> METHOD: getAllProducts() COMPLETED IN: 10 ms
2026-05-09 18:25:51 [http-nio-8082-exec-6] INFO  c.w.product.aspect.LoggingAspect - ==> API REQUEST: com.warehouse.product.controller.NotificationController.getNotifications()
2026-05-09 18:25:51 [http-nio-8082-exec-6] INFO  c.w.product.aspect.LoggingAspect - ==> SERVICE METHOD CALLED: com.warehouse.product.service.ProductService.getAllProducts()
2026-05-09 18:25:51 [http-nio-8082-exec-6] INFO  c.w.product.aspect.LoggingAspect - ==> METHOD: getAllProducts() COMPLETED IN: 6 ms
2026-05-09 18:25:51 [http-nio-8082-exec-8] INFO  c.w.product.aspect.LoggingAspect - ==> API REQUEST: com.warehouse.product.controller.NotificationController.getNotifications()
2026-05-09 18:25:51 [http-nio-8082-exec-8] INFO  c.w.product.aspect.LoggingAspect - ==> SERVICE METHOD CALLED: com.warehouse.product.service.ProductService.getAllProducts()
2026-05-09 18:25:51 [http-nio-8082-exec-8] INFO  c.w.product.aspect.LoggingAspect - ==> METHOD: getAllProducts() COMPLETED IN: 8 ms
2026-05-09 18:25:51 [http-nio-8082-exec-7] INFO  c.w.product.aspect.LoggingAspect - ==> API REQUEST: com.warehouse.product.controller.NotificationController.getNotifications()
2026-05-09 18:25:51 [http-nio-8082-exec-7] INFO  c.w.product.aspect.LoggingAspect - ==> SERVICE METHOD CALLED: com.warehouse.product.service.ProductService.getAllProducts()
2026-05-09 18:25:51 [http-nio-8082-exec-7] INFO  c.w.product.aspect.LoggingAspect - ==> METHOD: getAllProducts() COMPLETED IN: 7 ms
2026-05-09 18:25:51 [http-nio-8082-exec-9] INFO  c.w.product.aspect.LoggingAspect - ==> API REQUEST: com.warehouse.product.controller.NotificationController.getNotifications()
2026-05-09 18:25:51 [http-nio-8082-exec-9] INFO  c.w.product.aspect.LoggingAspect - ==> SERVICE METHOD CALLED: com.warehouse.product.service.ProductService.getAllProducts()
2026-05-09 18:25:51 [http-nio-8082-exec-9] INFO  c.w.product.aspect.LoggingAspect - ==> METHOD: getAllProducts() COMPLETED IN: 8 ms
2026-05-09 18:26:50 [http-nio-8082-exec-10] INFO  c.w.product.aspect.LoggingAspect - ==> API REQUEST: com.warehouse.product.controller.NotificationController.getNotifications()
2026-05-09 18:26:50 [http-nio-8082-exec-10] INFO  c.w.product.aspect.LoggingAspect - ==> SERVICE METHOD CALLED: com.warehouse.product.service.ProductService.getAllProducts()
2026-05-09 18:26:50 [http-nio-8082-exec-10] INFO  c.w.product.aspect.LoggingAspect - ==> METHOD: getAllProducts() COMPLETED IN: 101 ms
2026-05-09 18:26:50 [http-nio-8082-exec-2] INFO  c.w.product.aspect.LoggingAspect - ==> API REQUEST: com.warehouse.product.controller.NotificationController.getNotifications()
2026-05-09 18:26:50 [http-nio-8082-exec-2] INFO  c.w.product.aspect.LoggingAspect - ==> SERVICE METHOD CALLED: com.warehouse.product.service.ProductService.getAllProducts()
2026-05-09 18:26:50 [http-nio-8082-exec-2] INFO  c.w.product.aspect.LoggingAspect - ==> METHOD: getAllProducts() COMPLETED IN: 5 ms
2026-05-09 18:26:50 [http-nio-8082-exec-3] INFO  c.w.product.aspect.LoggingAspect - ==> API REQUEST: com.warehouse.product.controller.NotificationController.getNotifications()
2026-05-09 18:26:50 [http-nio-8082-exec-3] INFO  c.w.product.aspect.LoggingAspect - ==> SERVICE METHOD CALLED: com.warehouse.product.service.ProductService.getAllProducts()
2026-05-09 18:26:50 [http-nio-8082-exec-3] INFO  c.w.product.aspect.LoggingAspect - ==> METHOD: getAllProducts() COMPLETED IN: 5 ms
2026-05-09 18:26:50 [http-nio-8082-exec-1] INFO  c.w.product.aspect.LoggingAspect - ==> API REQUEST: com.warehouse.product.controller.NotificationController.getNotifications()
2026-05-09 18:26:50 [http-nio-8082-exec-1] INFO  c.w.product.aspect.LoggingAspect - ==> SERVICE METHOD CALLED: com.warehouse.product.service.ProductService.getAllProducts()
2026-05-09 18:26:50 [http-nio-8082-exec-1] INFO  c.w.product.aspect.LoggingAspect - ==> METHOD: getAllProducts() COMPLETED IN: 7 ms
2026-05-09 18:26:50 [http-nio-8082-exec-5] INFO  c.w.product.aspect.LoggingAspect - ==> API REQUEST: com.warehouse.product.controller.NotificationController.getNotifications()
2026-05-09 18:26:50 [http-nio-8082-exec-5] INFO  c.w.product.aspect.LoggingAspect - ==> SERVICE METHOD CALLED: com.warehouse.product.service.ProductService.getAllProducts()
2026-05-09 18:26:50 [http-nio-8082-exec-5] INFO  c.w.product.aspect.LoggingAspect - ==> METHOD: getAllProducts() COMPLETED IN: 3 ms
2026-05-09 18:26:50 [http-nio-8082-exec-4] INFO  c.w.product.aspect.LoggingAspect - ==> API REQUEST: com.warehouse.product.controller.NotificationController.getNotifications()
2026-05-09 18:26:50 [http-nio-8082-exec-4] INFO  c.w.product.aspect.LoggingAspect - ==> SERVICE METHOD CALLED: com.warehouse.product.service.ProductService.getAllProducts()
2026-05-09 18:26:50 [http-nio-8082-exec-4] INFO  c.w.product.aspect.LoggingAspect - ==> METHOD: getAllProducts() COMPLETED IN: 4 ms
2026-05-09 18:26:50 [http-nio-8082-exec-6] INFO  c.w.product.aspect.LoggingAspect - ==> API REQUEST: com.warehouse.product.controller.NotificationController.getNotifications()
2026-05-09 18:26:50 [http-nio-8082-exec-6] INFO  c.w.product.aspect.LoggingAspect - ==> SERVICE METHOD CALLED: com.warehouse.product.service.ProductService.getAllProducts()
2026-05-09 18:26:50 [http-nio-8082-exec-6] INFO  c.w.product.aspect.LoggingAspect - ==> METHOD: getAllProducts() COMPLETED IN: 4 ms
2026-05-09 18:27:50 [http-nio-8082-exec-8] INFO  c.w.product.aspect.LoggingAspect - ==> API REQUEST: com.warehouse.product.controller.NotificationController.getNotifications()
2026-05-09 18:27:50 [http-nio-8082-exec-8] INFO  c.w.product.aspect.LoggingAspect - ==> SERVICE METHOD CALLED: com.warehouse.product.service.ProductService.getAllProducts()
2026-05-09 18:27:50 [http-nio-8082-exec-8] INFO  c.w.product.aspect.LoggingAspect - ==> METHOD: getAllProducts() COMPLETED IN: 10 ms
2026-05-09 18:27:50 [http-nio-8082-exec-7] INFO  c.w.product.aspect.LoggingAspect - ==> API REQUEST: com.warehouse.product.controller.NotificationController.getNotifications()
2026-05-09 18:27:50 [http-nio-8082-exec-7] INFO  c.w.product.aspect.LoggingAspect - ==> SERVICE METHOD CALLED: com.warehouse.product.service.ProductService.getAllProducts()
2026-05-09 18:27:50 [http-nio-8082-exec-7] INFO  c.w.product.aspect.LoggingAspect - ==> METHOD: getAllProducts() COMPLETED IN: 8 ms
2026-05-09 18:27:50 [http-nio-8082-exec-9] INFO  c.w.product.aspect.LoggingAspect - ==> API REQUEST: com.warehouse.product.controller.NotificationController.getNotifications()
2026-05-09 18:27:50 [http-nio-8082-exec-9] INFO  c.w.product.aspect.LoggingAspect - ==> SERVICE METHOD CALLED: com.warehouse.product.service.ProductService.getAllProducts()
2026-05-09 18:27:50 [http-nio-8082-exec-9] INFO  c.w.product.aspect.LoggingAspect - ==> METHOD: getAllProducts() COMPLETED IN: 4 ms
2026-05-09 18:27:50 [http-nio-8082-exec-10] INFO  c.w.product.aspect.LoggingAspect - ==> API REQUEST: com.warehouse.product.controller.NotificationController.getNotifications()
2026-05-09 18:27:50 [http-nio-8082-exec-10] INFO  c.w.product.aspect.LoggingAspect - ==> SERVICE METHOD CALLED: com.warehouse.product.service.ProductService.getAllProducts()
2026-05-09 18:27:50 [http-nio-8082-exec-10] INFO  c.w.product.aspect.LoggingAspect - ==> METHOD: getAllProducts() COMPLETED IN: 5 ms
2026-05-09 18:27:50 [http-nio-8082-exec-2] INFO  c.w.product.aspect.LoggingAspect - ==> API REQUEST: com.warehouse.product.controller.NotificationController.getNotifications()
2026-05-09 18:27:50 [http-nio-8082-exec-2] INFO  c.w.product.aspect.LoggingAspect - ==> SERVICE METHOD CALLED: com.warehouse.product.service.ProductService.getAllProducts()
2026-05-09 18:27:50 [http-nio-8082-exec-2] INFO  c.w.product.aspect.LoggingAspect - ==> METHOD: getAllProducts() COMPLETED IN: 5 ms
2026-05-09 18:27:50 [http-nio-8082-exec-3] INFO  c.w.product.aspect.LoggingAspect - ==> API REQUEST: com.warehouse.product.controller.NotificationController.getNotifications()
2026-05-09 18:27:50 [http-nio-8082-exec-3] INFO  c.w.product.aspect.LoggingAspect - ==> SERVICE METHOD CALLED: com.warehouse.product.service.ProductService.getAllProducts()
2026-05-09 18:27:50 [http-nio-8082-exec-3] INFO  c.w.product.aspect.LoggingAspect - ==> METHOD: getAllProducts() COMPLETED IN: 5 ms
2026-05-09 18:27:50 [http-nio-8082-exec-1] INFO  c.w.product.aspect.LoggingAspect - ==> API REQUEST: com.warehouse.product.controller.NotificationController.getNotifications()
2026-05-09 18:27:50 [http-nio-8082-exec-1] INFO  c.w.product.aspect.LoggingAspect - ==> SERVICE METHOD CALLED: com.warehouse.product.service.ProductService.getAllProducts()
2026-05-09 18:27:50 [http-nio-8082-exec-1] INFO  c.w.product.aspect.LoggingAspect - ==> METHOD: getAllProducts() COMPLETED IN: 5 ms
2026-05-09 18:28:50 [http-nio-8082-exec-5] INFO  c.w.product.aspect.LoggingAspect - ==> API REQUEST: com.warehouse.product.controller.NotificationController.getNotifications()
2026-05-09 18:28:50 [http-nio-8082-exec-5] INFO  c.w.product.aspect.LoggingAspect - ==> SERVICE METHOD CALLED: com.warehouse.product.service.ProductService.getAllProducts()
2026-05-09 18:28:50 [http-nio-8082-exec-5] INFO  c.w.product.aspect.LoggingAspect - ==> METHOD: getAllProducts() COMPLETED IN: 5 ms
2026-05-09 18:28:50 [http-nio-8082-exec-4] INFO  c.w.product.aspect.LoggingAspect - ==> API REQUEST: com.warehouse.product.controller.NotificationController.getNotifications()
2026-05-09 18:28:50 [http-nio-8082-exec-4] INFO  c.w.product.aspect.LoggingAspect - ==> SERVICE METHOD CALLED: com.warehouse.product.service.ProductService.getAllProducts()
2026-05-09 18:28:50 [http-nio-8082-exec-4] INFO  c.w.product.aspect.LoggingAspect - ==> METHOD: getAllProducts() COMPLETED IN: 4 ms
2026-05-09 18:28:50 [http-nio-8082-exec-6] INFO  c.w.product.aspect.LoggingAspect - ==> API REQUEST: com.warehouse.product.controller.NotificationController.getNotifications()
2026-05-09 18:28:50 [http-nio-8082-exec-6] INFO  c.w.product.aspect.LoggingAspect - ==> SERVICE METHOD CALLED: com.warehouse.product.service.ProductService.getAllProducts()
2026-05-09 18:28:50 [http-nio-8082-exec-6] INFO  c.w.product.aspect.LoggingAspect - ==> METHOD: getAllProducts() COMPLETED IN: 5 ms
2026-05-09 18:28:50 [http-nio-8082-exec-8] INFO  c.w.product.aspect.LoggingAspect - ==> API REQUEST: com.warehouse.product.controller.NotificationController.getNotifications()
2026-05-09 18:28:50 [http-nio-8082-exec-8] INFO  c.w.product.aspect.LoggingAspect - ==> SERVICE METHOD CALLED: com.warehouse.product.service.ProductService.getAllProducts()
2026-05-09 18:28:50 [http-nio-8082-exec-8] INFO  c.w.product.aspect.LoggingAspect - ==> METHOD: getAllProducts() COMPLETED IN: 4 ms
2026-05-09 18:28:50 [http-nio-8082-exec-7] INFO  c.w.product.aspect.LoggingAspect - ==> API REQUEST: com.warehouse.product.controller.NotificationController.getNotifications()
2026-05-09 18:28:50 [http-nio-8082-exec-7] INFO  c.w.product.aspect.LoggingAspect - ==> SERVICE METHOD CALLED: com.warehouse.product.service.ProductService.getAllProducts()
2026-05-09 18:28:50 [http-nio-8082-exec-7] INFO  c.w.product.aspect.LoggingAspect - ==> METHOD: getAllProducts() COMPLETED IN: 5 ms
2026-05-09 18:28:50 [http-nio-8082-exec-9] INFO  c.w.product.aspect.LoggingAspect - ==> API REQUEST: com.warehouse.product.controller.NotificationController.getNotifications()
2026-05-09 18:28:50 [http-nio-8082-exec-9] INFO  c.w.product.aspect.LoggingAspect - ==> SERVICE METHOD CALLED: com.warehouse.product.service.ProductService.getAllProducts()
2026-05-09 18:28:50 [http-nio-8082-exec-9] INFO  c.w.product.aspect.LoggingAspect - ==> METHOD: getAllProducts() COMPLETED IN: 7 ms
2026-05-09 18:28:50 [http-nio-8082-exec-10] INFO  c.w.product.aspect.LoggingAspect - ==> API REQUEST: com.warehouse.product.controller.NotificationController.getNotifications()
2026-05-09 18:28:50 [http-nio-8082-exec-10] INFO  c.w.product.aspect.LoggingAspect - ==> SERVICE METHOD CALLED: com.warehouse.product.service.ProductService.getAllProducts()
2026-05-09 18:28:50 [http-nio-8082-exec-10] INFO  c.w.product.aspect.LoggingAspect - ==> METHOD: getAllProducts() COMPLETED IN: 4 ms
2026-05-09 18:29:43 [http-nio-8082-exec-1] INFO  c.w.product.aspect.LoggingAspect - ==> API REQUEST: com.warehouse.product.controller.NotificationController.getNotifications()
2026-05-09 18:29:43 [http-nio-8082-exec-5] INFO  c.w.product.aspect.LoggingAspect - ==> API REQUEST: com.warehouse.product.controller.ProductController.getAllProducts()
2026-05-09 18:29:43 [http-nio-8082-exec-5] INFO  c.w.product.aspect.LoggingAspect - ==> SERVICE METHOD CALLED: com.warehouse.product.service.ProductService.getAllProducts()
2026-05-09 18:29:43 [http-nio-8082-exec-1] INFO  c.w.product.aspect.LoggingAspect - ==> SERVICE METHOD CALLED: com.warehouse.product.service.ProductService.getAllProducts()
2026-05-09 18:29:44 [http-nio-8082-exec-5] INFO  c.w.product.aspect.LoggingAspect - ==> METHOD: getAllProducts() COMPLETED IN: 619 ms
2026-05-09 18:29:44 [http-nio-8082-exec-1] INFO  c.w.product.aspect.LoggingAspect - ==> METHOD: getAllProducts() COMPLETED IN: 619 ms
2026-05-09 18:30:21 [http-nio-8082-exec-6] INFO  c.w.product.aspect.LoggingAspect - ==> API REQUEST: com.warehouse.product.controller.NotificationController.getNotifications()
2026-05-09 18:30:21 [http-nio-8082-exec-4] INFO  c.w.product.aspect.LoggingAspect - ==> API REQUEST: com.warehouse.product.controller.ProductController.getAllProducts()
2026-05-09 18:30:21 [http-nio-8082-exec-4] INFO  c.w.product.aspect.LoggingAspect - ==> SERVICE METHOD CALLED: com.warehouse.product.service.ProductService.getAllProducts()
2026-05-09 18:30:21 [http-nio-8082-exec-6] INFO  c.w.product.aspect.LoggingAspect - ==> SERVICE METHOD CALLED: com.warehouse.product.service.ProductService.getAllProducts()
2026-05-09 18:30:21 [http-nio-8082-exec-4] INFO  c.w.product.aspect.LoggingAspect - ==> METHOD: getAllProducts() COMPLETED IN: 438 ms
2026-05-09 18:30:21 [http-nio-8082-exec-6] INFO  c.w.product.aspect.LoggingAspect - ==> METHOD: getAllProducts() COMPLETED IN: 438 ms
2026-05-09 18:30:27 [http-nio-8082-exec-8] INFO  c.w.product.aspect.LoggingAspect - ==> API REQUEST: com.warehouse.product.controller.NotificationController.getNotifications()
2026-05-09 18:30:27 [http-nio-8082-exec-8] INFO  c.w.product.aspect.LoggingAspect - ==> SERVICE METHOD CALLED: com.warehouse.product.service.ProductService.getAllProducts()
2026-05-09 18:30:27 [http-nio-8082-exec-8] INFO  c.w.product.aspect.LoggingAspect - ==> METHOD: getAllProducts() COMPLETED IN: 12 ms
2026-05-09 18:30:51 [http-nio-8082-exec-7] INFO  c.w.product.aspect.LoggingAspect - ==> API REQUEST: com.warehouse.product.controller.NotificationController.getNotifications()
2026-05-09 18:30:51 [http-nio-8082-exec-7] INFO  c.w.product.aspect.LoggingAspect - ==> SERVICE METHOD CALLED: com.warehouse.product.service.ProductService.getAllProducts()
2026-05-09 18:30:51 [http-nio-8082-exec-7] INFO  c.w.product.aspect.LoggingAspect - ==> METHOD: getAllProducts() COMPLETED IN: 110 ms
2026-05-09 18:30:57 [http-nio-8082-exec-9] INFO  c.w.product.aspect.LoggingAspect - ==> API REQUEST: com.warehouse.product.controller.NotificationController.getNotifications()
2026-05-09 18:30:57 [http-nio-8082-exec-9] INFO  c.w.product.aspect.LoggingAspect - ==> SERVICE METHOD CALLED: com.warehouse.product.service.ProductService.getAllProducts()
2026-05-09 18:30:57 [http-nio-8082-exec-9] INFO  c.w.product.aspect.LoggingAspect - ==> METHOD: getAllProducts() COMPLETED IN: 8 ms
2026-05-09 18:31:21 [http-nio-8082-exec-10] INFO  c.w.product.aspect.LoggingAspect - ==> API REQUEST: com.warehouse.product.controller.NotificationController.getNotifications()
2026-05-09 18:31:21 [http-nio-8082-exec-10] INFO  c.w.product.aspect.LoggingAspect - ==> SERVICE METHOD CALLED: com.warehouse.product.service.ProductService.getAllProducts()
2026-05-09 18:31:21 [http-nio-8082-exec-10] INFO  c.w.product.aspect.LoggingAspect - ==> METHOD: getAllProducts() COMPLETED IN: 30 ms
2026-05-09 18:31:27 [http-nio-8082-exec-2] INFO  c.w.product.aspect.LoggingAspect - ==> API REQUEST: com.warehouse.product.controller.NotificationController.getNotifications()
2026-05-09 18:31:27 [http-nio-8082-exec-2] INFO  c.w.product.aspect.LoggingAspect - ==> SERVICE METHOD CALLED: com.warehouse.product.service.ProductService.getAllProducts()
2026-05-09 18:31:27 [http-nio-8082-exec-2] INFO  c.w.product.aspect.LoggingAspect - ==> METHOD: getAllProducts() COMPLETED IN: 11 ms
2026-05-09 18:31:51 [http-nio-8082-exec-3] INFO  c.w.product.aspect.LoggingAspect - ==> API REQUEST: com.warehouse.product.controller.NotificationController.getNotifications()
2026-05-09 18:31:51 [http-nio-8082-exec-3] INFO  c.w.product.aspect.LoggingAspect - ==> SERVICE METHOD CALLED: com.warehouse.product.service.ProductService.getAllProducts()
2026-05-09 18:31:51 [http-nio-8082-exec-3] INFO  c.w.product.aspect.LoggingAspect - ==> METHOD: getAllProducts() COMPLETED IN: 8 ms
2026-05-09 18:31:57 [http-nio-8082-exec-1] INFO  c.w.product.aspect.LoggingAspect - ==> API REQUEST: com.warehouse.product.controller.NotificationController.getNotifications()
2026-05-09 18:31:57 [http-nio-8082-exec-1] INFO  c.w.product.aspect.LoggingAspect - ==> SERVICE METHOD CALLED: com.warehouse.product.service.ProductService.getAllProducts()
2026-05-09 18:31:57 [http-nio-8082-exec-1] INFO  c.w.product.aspect.LoggingAspect - ==> METHOD: getAllProducts() COMPLETED IN: 15 ms
2026-05-09 18:32:21 [http-nio-8082-exec-5] INFO  c.w.product.aspect.LoggingAspect - ==> API REQUEST: com.warehouse.product.controller.NotificationController.getNotifications()
2026-05-09 18:32:21 [http-nio-8082-exec-5] INFO  c.w.product.aspect.LoggingAspect - ==> SERVICE METHOD CALLED: com.warehouse.product.service.ProductService.getAllProducts()
2026-05-09 18:32:21 [http-nio-8082-exec-5] INFO  c.w.product.aspect.LoggingAspect - ==> METHOD: getAllProducts() COMPLETED IN: 156 ms
2026-05-09 18:32:27 [http-nio-8082-exec-4] INFO  c.w.product.aspect.LoggingAspect - ==> API REQUEST: com.warehouse.product.controller.NotificationController.getNotifications()
2026-05-09 18:32:27 [http-nio-8082-exec-4] INFO  c.w.product.aspect.LoggingAspect - ==> SERVICE METHOD CALLED: com.warehouse.product.service.ProductService.getAllProducts()
2026-05-09 18:32:27 [http-nio-8082-exec-4] INFO  c.w.product.aspect.LoggingAspect - ==> METHOD: getAllProducts() COMPLETED IN: 8 ms
2026-05-09 18:32:30 [http-nio-8082-exec-8] INFO  c.w.product.aspect.LoggingAspect - ==> API REQUEST: com.warehouse.product.controller.NotificationController.getNotifications()
2026-05-09 18:32:30 [http-nio-8082-exec-6] INFO  c.w.product.aspect.LoggingAspect - ==> API REQUEST: com.warehouse.product.controller.ProductController.getAllProducts()
2026-05-09 18:32:30 [http-nio-8082-exec-8] INFO  c.w.product.aspect.LoggingAspect - ==> SERVICE METHOD CALLED: com.warehouse.product.service.ProductService.getAllProducts()
2026-05-09 18:32:30 [http-nio-8082-exec-6] INFO  c.w.product.aspect.LoggingAspect - ==> SERVICE METHOD CALLED: com.warehouse.product.service.ProductService.getAllProducts()
2026-05-09 18:32:30 [http-nio-8082-exec-8] INFO  c.w.product.aspect.LoggingAspect - ==> METHOD: getAllProducts() COMPLETED IN: 8 ms
2026-05-09 18:32:30 [http-nio-8082-exec-6] INFO  c.w.product.aspect.LoggingAspect - ==> METHOD: getAllProducts() COMPLETED IN: 14 ms
2026-05-09 18:32:51 [http-nio-8082-exec-7] INFO  c.w.product.aspect.LoggingAspect - ==> API REQUEST: com.warehouse.product.controller.NotificationController.getNotifications()
2026-05-09 18:32:51 [http-nio-8082-exec-7] INFO  c.w.product.aspect.LoggingAspect - ==> SERVICE METHOD CALLED: com.warehouse.product.service.ProductService.getAllProducts()
2026-05-09 18:32:51 [http-nio-8082-exec-7] INFO  c.w.product.aspect.LoggingAspect - ==> METHOD: getAllProducts() COMPLETED IN: 6 ms
2026-05-09 18:32:51 [http-nio-8082-exec-9] INFO  c.w.product.aspect.LoggingAspect - ==> API REQUEST: com.warehouse.product.controller.NotificationController.getNotifications()
2026-05-09 18:32:51 [http-nio-8082-exec-9] INFO  c.w.product.aspect.LoggingAspect - ==> SERVICE METHOD CALLED: com.warehouse.product.service.ProductService.getAllProducts()
2026-05-09 18:32:51 [http-nio-8082-exec-9] INFO  c.w.product.aspect.LoggingAspect - ==> METHOD: getAllProducts() COMPLETED IN: 9 ms
2026-05-09 18:32:57 [http-nio-8082-exec-10] INFO  c.w.product.aspect.LoggingAspect - ==> API REQUEST: com.warehouse.product.controller.NotificationController.getNotifications()
2026-05-09 18:32:57 [http-nio-8082-exec-10] INFO  c.w.product.aspect.LoggingAspect - ==> SERVICE METHOD CALLED: com.warehouse.product.service.ProductService.getAllProducts()
2026-05-09 18:32:57 [http-nio-8082-exec-10] INFO  c.w.product.aspect.LoggingAspect - ==> METHOD: getAllProducts() COMPLETED IN: 8 ms
2026-05-09 18:33:00 [http-nio-8082-exec-2] INFO  c.w.product.aspect.LoggingAspect - ==> API REQUEST: com.warehouse.product.controller.NotificationController.getNotifications()
2026-05-09 18:33:00 [http-nio-8082-exec-2] INFO  c.w.product.aspect.LoggingAspect - ==> SERVICE METHOD CALLED: com.warehouse.product.service.ProductService.getAllProducts()
2026-05-09 18:33:00 [http-nio-8082-exec-2] INFO  c.w.product.aspect.LoggingAspect - ==> METHOD: getAllProducts() COMPLETED IN: 7 ms
2026-05-09 18:33:19 [http-nio-8082-exec-3] INFO  c.w.product.aspect.LoggingAspect - ==> API REQUEST: com.warehouse.product.controller.ProductController.getAllProducts()
2026-05-09 18:33:19 [http-nio-8082-exec-3] INFO  c.w.product.aspect.LoggingAspect - ==> SERVICE METHOD CALLED: com.warehouse.product.service.ProductService.getAllProducts()
2026-05-09 18:33:19 [http-nio-8082-exec-1] INFO  c.w.product.aspect.LoggingAspect - ==> API REQUEST: com.warehouse.product.controller.NotificationController.getNotifications()
2026-05-09 18:33:19 [http-nio-8082-exec-1] INFO  c.w.product.aspect.LoggingAspect - ==> SERVICE METHOD CALLED: com.warehouse.product.service.ProductService.getAllProducts()
2026-05-09 18:33:19 [http-nio-8082-exec-3] INFO  c.w.product.aspect.LoggingAspect - ==> METHOD: getAllProducts() COMPLETED IN: 9 ms
2026-05-09 18:33:19 [http-nio-8082-exec-1] INFO  c.w.product.aspect.LoggingAspect - ==> METHOD: getAllProducts() COMPLETED IN: 6 ms
2026-05-09 18:33:21 [http-nio-8082-exec-5] INFO  c.w.product.aspect.LoggingAspect - ==> API REQUEST: com.warehouse.product.controller.NotificationController.getNotifications()
2026-05-09 18:33:21 [http-nio-8082-exec-5] INFO  c.w.product.aspect.LoggingAspect - ==> SERVICE METHOD CALLED: com.warehouse.product.service.ProductService.getAllProducts()
2026-05-09 18:33:21 [http-nio-8082-exec-5] INFO  c.w.product.aspect.LoggingAspect - ==> METHOD: getAllProducts() COMPLETED IN: 9 ms
2026-05-09 18:33:21 [http-nio-8082-exec-4] INFO  c.w.product.aspect.LoggingAspect - ==> API REQUEST: com.warehouse.product.controller.NotificationController.getNotifications()
2026-05-09 18:33:21 [http-nio-8082-exec-4] INFO  c.w.product.aspect.LoggingAspect - ==> SERVICE METHOD CALLED: com.warehouse.product.service.ProductService.getAllProducts()
2026-05-09 18:33:21 [http-nio-8082-exec-4] INFO  c.w.product.aspect.LoggingAspect - ==> METHOD: getAllProducts() COMPLETED IN: 10 ms
2026-05-09 18:33:27 [http-nio-8082-exec-8] INFO  c.w.product.aspect.LoggingAspect - ==> API REQUEST: com.warehouse.product.controller.NotificationController.getNotifications()
2026-05-09 18:33:27 [http-nio-8082-exec-8] INFO  c.w.product.aspect.LoggingAspect - ==> SERVICE METHOD CALLED: com.warehouse.product.service.ProductService.getAllProducts()
2026-05-09 18:33:27 [http-nio-8082-exec-8] INFO  c.w.product.aspect.LoggingAspect - ==> METHOD: getAllProducts() COMPLETED IN: 10 ms
2026-05-09 18:33:30 [http-nio-8082-exec-6] INFO  c.w.product.aspect.LoggingAspect - ==> API REQUEST: com.warehouse.product.controller.NotificationController.getNotifications()
2026-05-09 18:33:30 [http-nio-8082-exec-6] INFO  c.w.product.aspect.LoggingAspect - ==> SERVICE METHOD CALLED: com.warehouse.product.service.ProductService.getAllProducts()
2026-05-09 18:33:30 [http-nio-8082-exec-6] INFO  c.w.product.aspect.LoggingAspect - ==> METHOD: getAllProducts() COMPLETED IN: 21 ms
2026-05-09 18:33:49 [http-nio-8082-exec-7] INFO  c.w.product.aspect.LoggingAspect - ==> API REQUEST: com.warehouse.product.controller.NotificationController.getNotifications()
2026-05-09 18:33:49 [http-nio-8082-exec-7] INFO  c.w.product.aspect.LoggingAspect - ==> SERVICE METHOD CALLED: com.warehouse.product.service.ProductService.getAllProducts()
2026-05-09 18:33:49 [http-nio-8082-exec-7] INFO  c.w.product.aspect.LoggingAspect - ==> METHOD: getAllProducts() COMPLETED IN: 4 ms
2026-05-09 18:33:51 [http-nio-8082-exec-9] INFO  c.w.product.aspect.LoggingAspect - ==> API REQUEST: com.warehouse.product.controller.NotificationController.getNotifications()
2026-05-09 18:33:51 [http-nio-8082-exec-9] INFO  c.w.product.aspect.LoggingAspect - ==> SERVICE METHOD CALLED: com.warehouse.product.service.ProductService.getAllProducts()
2026-05-09 18:33:51 [http-nio-8082-exec-9] INFO  c.w.product.aspect.LoggingAspect - ==> METHOD: getAllProducts() COMPLETED IN: 0 ms
2026-05-09 18:33:51 [http-nio-8082-exec-10] INFO  c.w.product.aspect.LoggingAspect - ==> API REQUEST: com.warehouse.product.controller.NotificationController.getNotifications()
2026-05-09 18:33:51 [http-nio-8082-exec-10] INFO  c.w.product.aspect.LoggingAspect - ==> SERVICE METHOD CALLED: com.warehouse.product.service.ProductService.getAllProducts()
2026-05-09 18:33:51 [http-nio-8082-exec-10] INFO  c.w.product.aspect.LoggingAspect - ==> METHOD: getAllProducts() COMPLETED IN: 0 ms
2026-05-09 18:33:57 [http-nio-8082-exec-2] INFO  c.w.product.aspect.LoggingAspect - ==> API REQUEST: com.warehouse.product.controller.NotificationController.getNotifications()
2026-05-09 18:33:57 [http-nio-8082-exec-2] INFO  c.w.product.aspect.LoggingAspect - ==> SERVICE METHOD CALLED: com.warehouse.product.service.ProductService.getAllProducts()
2026-05-09 18:33:57 [http-nio-8082-exec-2] INFO  c.w.product.aspect.LoggingAspect - ==> METHOD: getAllProducts() COMPLETED IN: 6 ms
2026-05-09 18:34:00 [http-nio-8082-exec-1] INFO  c.w.product.aspect.LoggingAspect - ==> API REQUEST: com.warehouse.product.controller.NotificationController.getNotifications()
2026-05-09 18:34:00 [http-nio-8082-exec-1] INFO  c.w.product.aspect.LoggingAspect - ==> SERVICE METHOD CALLED: com.warehouse.product.service.ProductService.getAllProducts()
2026-05-09 18:34:00 [http-nio-8082-exec-1] INFO  c.w.product.aspect.LoggingAspect - ==> METHOD: getAllProducts() COMPLETED IN: 5 ms
2026-05-09 18:34:19 [http-nio-8082-exec-3] INFO  c.w.product.aspect.LoggingAspect - ==> API REQUEST: com.warehouse.product.controller.NotificationController.getNotifications()
2026-05-09 18:34:19 [http-nio-8082-exec-3] INFO  c.w.product.aspect.LoggingAspect - ==> SERVICE METHOD CALLED: com.warehouse.product.service.ProductService.getAllProducts()
2026-05-09 18:34:19 [http-nio-8082-exec-3] INFO  c.w.product.aspect.LoggingAspect - ==> METHOD: getAllProducts() COMPLETED IN: 9 ms
2026-05-09 18:34:21 [http-nio-8082-exec-5] INFO  c.w.product.aspect.LoggingAspect - ==> API REQUEST: com.warehouse.product.controller.NotificationController.getNotifications()
2026-05-09 18:34:21 [http-nio-8082-exec-5] INFO  c.w.product.aspect.LoggingAspect - ==> SERVICE METHOD CALLED: com.warehouse.product.service.ProductService.getAllProducts()
2026-05-09 18:34:21 [http-nio-8082-exec-5] INFO  c.w.product.aspect.LoggingAspect - ==> METHOD: getAllProducts() COMPLETED IN: 7 ms
2026-05-09 18:34:21 [http-nio-8082-exec-4] INFO  c.w.product.aspect.LoggingAspect - ==> API REQUEST: com.warehouse.product.controller.NotificationController.getNotifications()
2026-05-09 18:34:21 [http-nio-8082-exec-4] INFO  c.w.product.aspect.LoggingAspect - ==> SERVICE METHOD CALLED: com.warehouse.product.service.ProductService.getAllProducts()
2026-05-09 18:34:21 [http-nio-8082-exec-4] INFO  c.w.product.aspect.LoggingAspect - ==> METHOD: getAllProducts() COMPLETED IN: 6 ms
2026-05-09 18:34:27 [http-nio-8082-exec-8] INFO  c.w.product.aspect.LoggingAspect - ==> API REQUEST: com.warehouse.product.controller.NotificationController.getNotifications()
2026-05-09 18:34:27 [http-nio-8082-exec-8] INFO  c.w.product.aspect.LoggingAspect - ==> SERVICE METHOD CALLED: com.warehouse.product.service.ProductService.getAllProducts()
2026-05-09 18:34:27 [http-nio-8082-exec-8] INFO  c.w.product.aspect.LoggingAspect - ==> METHOD: getAllProducts() COMPLETED IN: 8 ms
2026-05-09 18:34:30 [http-nio-8082-exec-6] INFO  c.w.product.aspect.LoggingAspect - ==> API REQUEST: com.warehouse.product.controller.NotificationController.getNotifications()
2026-05-09 18:34:30 [http-nio-8082-exec-6] INFO  c.w.product.aspect.LoggingAspect - ==> SERVICE METHOD CALLED: com.warehouse.product.service.ProductService.getAllProducts()
2026-05-09 18:34:30 [http-nio-8082-exec-6] INFO  c.w.product.aspect.LoggingAspect - ==> METHOD: getAllProducts() COMPLETED IN: 11 ms
2026-05-09 18:34:49 [http-nio-8082-exec-7] INFO  c.w.product.aspect.LoggingAspect - ==> API REQUEST: com.warehouse.product.controller.NotificationController.getNotifications()
2026-05-09 18:34:49 [http-nio-8082-exec-7] INFO  c.w.product.aspect.LoggingAspect - ==> SERVICE METHOD CALLED: com.warehouse.product.service.ProductService.getAllProducts()
2026-05-09 18:34:49 [http-nio-8082-exec-7] INFO  c.w.product.aspect.LoggingAspect - ==> METHOD: getAllProducts() COMPLETED IN: 20 ms
2026-05-09 18:34:51 [http-nio-8082-exec-9] INFO  c.w.product.aspect.LoggingAspect - ==> API REQUEST: com.warehouse.product.controller.NotificationController.getNotifications()
2026-05-09 18:34:51 [http-nio-8082-exec-9] INFO  c.w.product.aspect.LoggingAspect - ==> SERVICE METHOD CALLED: com.warehouse.product.service.ProductService.getAllProducts()
2026-05-09 18:34:51 [http-nio-8082-exec-9] INFO  c.w.product.aspect.LoggingAspect - ==> METHOD: getAllProducts() COMPLETED IN: 9 ms
2026-05-09 18:35:00 [http-nio-8082-exec-10] INFO  c.w.product.aspect.LoggingAspect - ==> API REQUEST: com.warehouse.product.controller.NotificationController.getNotifications()
2026-05-09 18:35:00 [http-nio-8082-exec-10] INFO  c.w.product.aspect.LoggingAspect - ==> SERVICE METHOD CALLED: com.warehouse.product.service.ProductService.getAllProducts()
2026-05-09 18:35:00 [http-nio-8082-exec-10] INFO  c.w.product.aspect.LoggingAspect - ==> METHOD: getAllProducts() COMPLETED IN: 22 ms
2026-05-09 18:35:19 [http-nio-8082-exec-2] INFO  c.w.product.aspect.LoggingAspect - ==> API REQUEST: com.warehouse.product.controller.NotificationController.getNotifications()
2026-05-09 18:35:19 [http-nio-8082-exec-2] INFO  c.w.product.aspect.LoggingAspect - ==> SERVICE METHOD CALLED: com.warehouse.product.service.ProductService.getAllProducts()
2026-05-09 18:35:19 [http-nio-8082-exec-2] INFO  c.w.product.aspect.LoggingAspect - ==> METHOD: getAllProducts() COMPLETED IN: 10 ms
2026-05-09 18:35:21 [http-nio-8082-exec-1] INFO  c.w.product.aspect.LoggingAspect - ==> API REQUEST: com.warehouse.product.controller.NotificationController.getNotifications()
2026-05-09 18:35:21 [http-nio-8082-exec-1] INFO  c.w.product.aspect.LoggingAspect - ==> SERVICE METHOD CALLED: com.warehouse.product.service.ProductService.getAllProducts()
2026-05-09 18:35:21 [http-nio-8082-exec-1] INFO  c.w.product.aspect.LoggingAspect - ==> METHOD: getAllProducts() COMPLETED IN: 6 ms
2026-05-09 18:35:30 [http-nio-8082-exec-3] INFO  c.w.product.aspect.LoggingAspect - ==> API REQUEST: com.warehouse.product.controller.NotificationController.getNotifications()
2026-05-09 18:35:30 [http-nio-8082-exec-3] INFO  c.w.product.aspect.LoggingAspect - ==> SERVICE METHOD CALLED: com.warehouse.product.service.ProductService.getAllProducts()
2026-05-09 18:35:30 [http-nio-8082-exec-3] INFO  c.w.product.aspect.LoggingAspect - ==> METHOD: getAllProducts() COMPLETED IN: 22 ms
2026-05-09 18:35:49 [http-nio-8082-exec-5] INFO  c.w.product.aspect.LoggingAspect - ==> API REQUEST: com.warehouse.product.controller.NotificationController.getNotifications()
2026-05-09 18:35:49 [http-nio-8082-exec-5] INFO  c.w.product.aspect.LoggingAspect - ==> SERVICE METHOD CALLED: com.warehouse.product.service.ProductService.getAllProducts()
2026-05-09 18:35:49 [http-nio-8082-exec-5] INFO  c.w.product.aspect.LoggingAspect - ==> METHOD: getAllProducts() COMPLETED IN: 7 ms
2026-05-09 18:35:50 [http-nio-8082-exec-4] INFO  c.w.product.aspect.LoggingAspect - ==> API REQUEST: com.warehouse.product.controller.NotificationController.getNotifications()
2026-05-09 18:35:50 [http-nio-8082-exec-4] INFO  c.w.product.aspect.LoggingAspect - ==> SERVICE METHOD CALLED: com.warehouse.product.service.ProductService.getAllProducts()
2026-05-09 18:35:50 [http-nio-8082-exec-4] INFO  c.w.product.aspect.LoggingAspect - ==> METHOD: getAllProducts() COMPLETED IN: 9 ms
2026-05-09 18:35:50 [http-nio-8082-exec-8] INFO  c.w.product.aspect.LoggingAspect - ==> API REQUEST: com.warehouse.product.controller.NotificationController.getNotifications()
2026-05-09 18:35:50 [http-nio-8082-exec-8] INFO  c.w.product.aspect.LoggingAspect - ==> SERVICE METHOD CALLED: com.warehouse.product.service.ProductService.getAllProducts()
2026-05-09 18:35:50 [http-nio-8082-exec-8] INFO  c.w.product.aspect.LoggingAspect - ==> METHOD: getAllProducts() COMPLETED IN: 5 ms
2026-05-09 18:35:51 [http-nio-8082-exec-6] INFO  c.w.product.aspect.LoggingAspect - ==> API REQUEST: com.warehouse.product.controller.NotificationController.getNotifications()
2026-05-09 18:35:51 [http-nio-8082-exec-6] INFO  c.w.product.aspect.LoggingAspect - ==> SERVICE METHOD CALLED: com.warehouse.product.service.ProductService.getAllProducts()
2026-05-09 18:35:51 [http-nio-8082-exec-6] INFO  c.w.product.aspect.LoggingAspect - ==> METHOD: getAllProducts() COMPLETED IN: 21 ms
2026-05-09 18:36:19 [http-nio-8082-exec-7] INFO  c.w.product.aspect.LoggingAspect - ==> API REQUEST: com.warehouse.product.controller.NotificationController.getNotifications()
2026-05-09 18:36:19 [http-nio-8082-exec-7] INFO  c.w.product.aspect.LoggingAspect - ==> SERVICE METHOD CALLED: com.warehouse.product.service.ProductService.getAllProducts()
2026-05-09 18:36:20 [http-nio-8082-exec-7] INFO  c.w.product.aspect.LoggingAspect - ==> METHOD: getAllProducts() COMPLETED IN: 347 ms
2026-05-09 18:36:50 [http-nio-8082-exec-9] INFO  c.w.product.aspect.LoggingAspect - ==> API REQUEST: com.warehouse.product.controller.NotificationController.getNotifications()
2026-05-09 18:36:50 [http-nio-8082-exec-9] INFO  c.w.product.aspect.LoggingAspect - ==> SERVICE METHOD CALLED: com.warehouse.product.service.ProductService.getAllProducts()
2026-05-09 18:36:51 [http-nio-8082-exec-9] INFO  c.w.product.aspect.LoggingAspect - ==> METHOD: getAllProducts() COMPLETED IN: 170 ms
2026-05-09 18:36:51 [http-nio-8082-exec-10] INFO  c.w.product.aspect.LoggingAspect - ==> API REQUEST: com.warehouse.product.controller.NotificationController.getNotifications()
2026-05-09 18:36:51 [http-nio-8082-exec-10] INFO  c.w.product.aspect.LoggingAspect - ==> SERVICE METHOD CALLED: com.warehouse.product.service.ProductService.getAllProducts()
2026-05-09 18:36:51 [http-nio-8082-exec-10] INFO  c.w.product.aspect.LoggingAspect - ==> METHOD: getAllProducts() COMPLETED IN: 16 ms
2026-05-09 18:36:51 [http-nio-8082-exec-2] INFO  c.w.product.aspect.LoggingAspect - ==> API REQUEST: com.warehouse.product.controller.NotificationController.getNotifications()
2026-05-09 18:36:51 [http-nio-8082-exec-2] INFO  c.w.product.aspect.LoggingAspect - ==> SERVICE METHOD CALLED: com.warehouse.product.service.ProductService.getAllProducts()
2026-05-09 18:36:51 [http-nio-8082-exec-2] INFO  c.w.product.aspect.LoggingAspect - ==> METHOD: getAllProducts() COMPLETED IN: 14 ms
2026-05-09 18:36:51 [http-nio-8082-exec-1] INFO  c.w.product.aspect.LoggingAspect - ==> API REQUEST: com.warehouse.product.controller.NotificationController.getNotifications()
2026-05-09 18:36:51 [http-nio-8082-exec-1] INFO  c.w.product.aspect.LoggingAspect - ==> SERVICE METHOD CALLED: com.warehouse.product.service.ProductService.getAllProducts()
2026-05-09 18:36:51 [http-nio-8082-exec-1] INFO  c.w.product.aspect.LoggingAspect - ==> METHOD: getAllProducts() COMPLETED IN: 17 ms
2026-05-09 18:36:51 [http-nio-8082-exec-3] INFO  c.w.product.aspect.LoggingAspect - ==> API REQUEST: com.warehouse.product.controller.NotificationController.getNotifications()
2026-05-09 18:36:51 [http-nio-8082-exec-3] INFO  c.w.product.aspect.LoggingAspect - ==> SERVICE METHOD CALLED: com.warehouse.product.service.ProductService.getAllProducts()
2026-05-09 18:36:51 [http-nio-8082-exec-3] INFO  c.w.product.aspect.LoggingAspect - ==> METHOD: getAllProducts() COMPLETED IN: 20 ms
2026-05-09 18:37:50 [http-nio-8082-exec-5] INFO  c.w.product.aspect.LoggingAspect - ==> API REQUEST: com.warehouse.product.controller.NotificationController.getNotifications()
2026-05-09 18:37:50 [http-nio-8082-exec-5] INFO  c.w.product.aspect.LoggingAspect - ==> SERVICE METHOD CALLED: com.warehouse.product.service.ProductService.getAllProducts()
2026-05-09 18:37:50 [http-nio-8082-exec-5] INFO  c.w.product.aspect.LoggingAspect - ==> METHOD: getAllProducts() COMPLETED IN: 67 ms
2026-05-09 18:37:50 [http-nio-8082-exec-4] INFO  c.w.product.aspect.LoggingAspect - ==> API REQUEST: com.warehouse.product.controller.NotificationController.getNotifications()
2026-05-09 18:37:50 [http-nio-8082-exec-4] INFO  c.w.product.aspect.LoggingAspect - ==> SERVICE METHOD CALLED: com.warehouse.product.service.ProductService.getAllProducts()
2026-05-09 18:37:50 [http-nio-8082-exec-4] INFO  c.w.product.aspect.LoggingAspect - ==> METHOD: getAllProducts() COMPLETED IN: 4 ms
2026-05-09 18:37:50 [http-nio-8082-exec-8] INFO  c.w.product.aspect.LoggingAspect - ==> API REQUEST: com.warehouse.product.controller.NotificationController.getNotifications()
2026-05-09 18:37:50 [http-nio-8082-exec-8] INFO  c.w.product.aspect.LoggingAspect - ==> SERVICE METHOD CALLED: com.warehouse.product.service.ProductService.getAllProducts()
2026-05-09 18:37:50 [http-nio-8082-exec-8] INFO  c.w.product.aspect.LoggingAspect - ==> METHOD: getAllProducts() COMPLETED IN: 5 ms
2026-05-09 18:37:50 [http-nio-8082-exec-6] INFO  c.w.product.aspect.LoggingAspect - ==> API REQUEST: com.warehouse.product.controller.NotificationController.getNotifications()
2026-05-09 18:37:50 [http-nio-8082-exec-6] INFO  c.w.product.aspect.LoggingAspect - ==> SERVICE METHOD CALLED: com.warehouse.product.service.ProductService.getAllProducts()
2026-05-09 18:37:50 [http-nio-8082-exec-6] INFO  c.w.product.aspect.LoggingAspect - ==> METHOD: getAllProducts() COMPLETED IN: 5 ms
2026-05-09 18:37:50 [http-nio-8082-exec-7] INFO  c.w.product.aspect.LoggingAspect - ==> API REQUEST: com.warehouse.product.controller.NotificationController.getNotifications()
2026-05-09 18:37:50 [http-nio-8082-exec-7] INFO  c.w.product.aspect.LoggingAspect - ==> SERVICE METHOD CALLED: com.warehouse.product.service.ProductService.getAllProducts()
2026-05-09 18:37:50 [http-nio-8082-exec-7] INFO  c.w.product.aspect.LoggingAspect - ==> METHOD: getAllProducts() COMPLETED IN: 5 ms
2026-05-09 18:38:47 [http-nio-8082-exec-9] INFO  c.w.product.aspect.LoggingAspect - ==> API REQUEST: com.warehouse.product.controller.NotificationController.getNotifications()
2026-05-09 18:38:47 [http-nio-8082-exec-9] INFO  c.w.product.aspect.LoggingAspect - ==> SERVICE METHOD CALLED: com.warehouse.product.service.ProductService.getAllProducts()
2026-05-09 18:38:48 [http-nio-8082-exec-9] INFO  c.w.product.aspect.LoggingAspect - ==> METHOD: getAllProducts() COMPLETED IN: 953 ms
2026-05-09 18:38:49 [http-nio-8082-exec-2] INFO  c.w.product.aspect.LoggingAspect - ==> API REQUEST: com.warehouse.product.controller.ProductController.getAllProducts()
2026-05-09 18:38:49 [http-nio-8082-exec-2] INFO  c.w.product.aspect.LoggingAspect - ==> SERVICE METHOD CALLED: com.warehouse.product.service.ProductService.getAllProducts()
2026-05-09 18:38:49 [http-nio-8082-exec-2] INFO  c.w.product.aspect.LoggingAspect - ==> METHOD: getAllProducts() COMPLETED IN: 21 ms
2026-05-09 18:38:49 [http-nio-8082-exec-1] INFO  c.w.product.aspect.LoggingAspect - ==> API REQUEST: com.warehouse.product.controller.NotificationController.getNotifications()
2026-05-09 18:38:49 [http-nio-8082-exec-1] INFO  c.w.product.aspect.LoggingAspect - ==> SERVICE METHOD CALLED: com.warehouse.product.service.ProductService.getAllProducts()
2026-05-09 18:38:49 [http-nio-8082-exec-1] INFO  c.w.product.aspect.LoggingAspect - ==> METHOD: getAllProducts() COMPLETED IN: 20 ms
2026-05-09 18:39:21 [http-nio-8082-exec-5] INFO  c.w.product.aspect.LoggingAspect - ==> API REQUEST: com.warehouse.product.controller.NotificationController.getNotifications()
2026-05-09 18:39:21 [http-nio-8082-exec-3] INFO  c.w.product.aspect.LoggingAspect - ==> API REQUEST: com.warehouse.product.controller.ProductController.getAllProducts()
2026-05-09 18:39:21 [http-nio-8082-exec-3] INFO  c.w.product.aspect.LoggingAspect - ==> SERVICE METHOD CALLED: com.warehouse.product.service.ProductService.getAllProducts()
2026-05-09 18:39:21 [http-nio-8082-exec-5] INFO  c.w.product.aspect.LoggingAspect - ==> SERVICE METHOD CALLED: com.warehouse.product.service.ProductService.getAllProducts()
2026-05-09 18:39:22 [http-nio-8082-exec-5] INFO  c.w.product.aspect.LoggingAspect - ==> METHOD: getAllProducts() COMPLETED IN: 263 ms
2026-05-09 18:39:22 [http-nio-8082-exec-3] INFO  c.w.product.aspect.LoggingAspect - ==> METHOD: getAllProducts() COMPLETED IN: 263 ms
2026-05-09 18:39:27 [http-nio-8082-exec-4] INFO  c.w.product.aspect.LoggingAspect - ==> API REQUEST: com.warehouse.product.controller.NotificationController.getNotifications()
2026-05-09 18:39:27 [http-nio-8082-exec-4] INFO  c.w.product.aspect.LoggingAspect - ==> SERVICE METHOD CALLED: com.warehouse.product.service.ProductService.getAllProducts()
2026-05-09 18:39:27 [http-nio-8082-exec-4] INFO  c.w.product.aspect.LoggingAspect - ==> METHOD: getAllProducts() COMPLETED IN: 15 ms
2026-05-09 18:39:39 [http-nio-8082-exec-8] INFO  c.w.product.aspect.LoggingAspect - ==> API REQUEST: com.warehouse.product.controller.NotificationController.getNotifications()
2026-05-09 18:39:39 [http-nio-8082-exec-6] INFO  c.w.product.aspect.LoggingAspect - ==> API REQUEST: com.warehouse.product.controller.ProductController.getAllProducts()
2026-05-09 18:39:39 [http-nio-8082-exec-6] INFO  c.w.product.aspect.LoggingAspect - ==> SERVICE METHOD CALLED: com.warehouse.product.service.ProductService.getAllProducts()
2026-05-09 18:39:39 [http-nio-8082-exec-8] INFO  c.w.product.aspect.LoggingAspect - ==> SERVICE METHOD CALLED: com.warehouse.product.service.ProductService.getAllProducts()
2026-05-09 18:39:39 [http-nio-8082-exec-6] INFO  c.w.product.aspect.LoggingAspect - ==> METHOD: getAllProducts() COMPLETED IN: 65 ms
2026-05-09 18:39:39 [http-nio-8082-exec-8] INFO  c.w.product.aspect.LoggingAspect - ==> METHOD: getAllProducts() COMPLETED IN: 65 ms
2026-05-09 18:39:41 [http-nio-8082-exec-7] INFO  c.w.product.aspect.LoggingAspect - ==> API REQUEST: com.warehouse.product.controller.NotificationController.getNotifications()
2026-05-09 18:39:41 [http-nio-8082-exec-7] INFO  c.w.product.aspect.LoggingAspect - ==> SERVICE METHOD CALLED: com.warehouse.product.service.ProductService.getAllProducts()
2026-05-09 18:39:41 [http-nio-8082-exec-7] INFO  c.w.product.aspect.LoggingAspect - ==> METHOD: getAllProducts() COMPLETED IN: 10 ms
2026-05-09 18:39:45 [http-nio-8082-exec-9] INFO  c.w.product.aspect.LoggingAspect - ==> API REQUEST: com.warehouse.product.controller.NotificationController.getNotifications()
2026-05-09 18:39:45 [http-nio-8082-exec-9] INFO  c.w.product.aspect.LoggingAspect - ==> SERVICE METHOD CALLED: com.warehouse.product.service.ProductService.getAllProducts()
2026-05-09 18:39:45 [http-nio-8082-exec-10] INFO  c.w.product.aspect.LoggingAspect - ==> API REQUEST: com.warehouse.product.controller.ProductController.getAllProducts()
2026-05-09 18:39:45 [http-nio-8082-exec-10] INFO  c.w.product.aspect.LoggingAspect - ==> SERVICE METHOD CALLED: com.warehouse.product.service.ProductService.getAllProducts()
2026-05-09 18:39:45 [http-nio-8082-exec-9] INFO  c.w.product.aspect.LoggingAspect - ==> METHOD: getAllProducts() COMPLETED IN: 20 ms
2026-05-09 18:39:45 [http-nio-8082-exec-10] INFO  c.w.product.aspect.LoggingAspect - ==> METHOD: getAllProducts() COMPLETED IN: 15 ms
2026-05-09 18:39:48 [http-nio-8082-exec-1] INFO  c.w.product.aspect.LoggingAspect - ==> API REQUEST: com.warehouse.product.controller.NotificationController.getNotifications()
2026-05-09 18:39:48 [http-nio-8082-exec-1] INFO  c.w.product.aspect.LoggingAspect - ==> SERVICE METHOD CALLED: com.warehouse.product.service.ProductService.getAllProducts()
2026-05-09 18:39:48 [http-nio-8082-exec-1] INFO  c.w.product.aspect.LoggingAspect - ==> METHOD: getAllProducts() COMPLETED IN: 22 ms
2026-05-09 18:39:51 [http-nio-8082-exec-2] INFO  c.w.product.aspect.LoggingAspect - ==> API REQUEST: com.warehouse.product.controller.NotificationController.getNotifications()
2026-05-09 18:39:51 [http-nio-8082-exec-2] INFO  c.w.product.aspect.LoggingAspect - ==> SERVICE METHOD CALLED: com.warehouse.product.service.ProductService.getAllProducts()
2026-05-09 18:39:51 [http-nio-8082-exec-2] INFO  c.w.product.aspect.LoggingAspect - ==> METHOD: getAllProducts() COMPLETED IN: 11 ms
2026-05-09 18:39:53 [http-nio-8082-exec-5] INFO  c.w.product.aspect.LoggingAspect - ==> API REQUEST: com.warehouse.product.controller.ProductController.getAllProducts()
2026-05-09 18:39:53 [http-nio-8082-exec-5] INFO  c.w.product.aspect.LoggingAspect - ==> SERVICE METHOD CALLED: com.warehouse.product.service.ProductService.getAllProducts()
2026-05-09 18:39:53 [http-nio-8082-exec-3] INFO  c.w.product.aspect.LoggingAspect - ==> API REQUEST: com.warehouse.product.controller.NotificationController.getNotifications()
2026-05-09 18:39:53 [http-nio-8082-exec-3] INFO  c.w.product.aspect.LoggingAspect - ==> SERVICE METHOD CALLED: com.warehouse.product.service.ProductService.getAllProducts()
2026-05-09 18:39:53 [http-nio-8082-exec-5] INFO  c.w.product.aspect.LoggingAspect - ==> METHOD: getAllProducts() COMPLETED IN: 12 ms
2026-05-09 18:39:53 [http-nio-8082-exec-3] INFO  c.w.product.aspect.LoggingAspect - ==> METHOD: getAllProducts() COMPLETED IN: 11 ms
2026-05-09 18:39:57 [http-nio-8082-exec-4] INFO  c.w.product.aspect.LoggingAspect - ==> API REQUEST: com.warehouse.product.controller.ProductController.getAllProducts()
2026-05-09 18:39:57 [http-nio-8082-exec-4] INFO  c.w.product.aspect.LoggingAspect - ==> SERVICE METHOD CALLED: com.warehouse.product.service.ProductService.getAllProducts()
2026-05-09 18:39:57 [http-nio-8082-exec-8] INFO  c.w.product.aspect.LoggingAspect - ==> API REQUEST: com.warehouse.product.controller.NotificationController.getNotifications()
2026-05-09 18:39:57 [http-nio-8082-exec-8] INFO  c.w.product.aspect.LoggingAspect - ==> SERVICE METHOD CALLED: com.warehouse.product.service.ProductService.getAllProducts()
2026-05-09 18:39:57 [http-nio-8082-exec-4] INFO  c.w.product.aspect.LoggingAspect - ==> METHOD: getAllProducts() COMPLETED IN: 18 ms
2026-05-09 18:39:57 [http-nio-8082-exec-8] INFO  c.w.product.aspect.LoggingAspect - ==> METHOD: getAllProducts() COMPLETED IN: 13 ms
2026-05-09 18:39:57 [http-nio-8082-exec-6] INFO  c.w.product.aspect.LoggingAspect - ==> API REQUEST: com.warehouse.product.controller.NotificationController.getNotifications()
2026-05-09 18:39:57 [http-nio-8082-exec-6] INFO  c.w.product.aspect.LoggingAspect - ==> SERVICE METHOD CALLED: com.warehouse.product.service.ProductService.getAllProducts()
2026-05-09 18:39:57 [http-nio-8082-exec-6] INFO  c.w.product.aspect.LoggingAspect - ==> METHOD: getAllProducts() COMPLETED IN: 9 ms
2026-05-09 18:40:09 [http-nio-8082-exec-7] INFO  c.w.product.aspect.LoggingAspect - ==> API REQUEST: com.warehouse.product.controller.NotificationController.getNotifications()
2026-05-09 18:40:09 [http-nio-8082-exec-7] INFO  c.w.product.aspect.LoggingAspect - ==> SERVICE METHOD CALLED: com.warehouse.product.service.ProductService.getAllProducts()
2026-05-09 18:40:09 [http-nio-8082-exec-7] INFO  c.w.product.aspect.LoggingAspect - ==> METHOD: getAllProducts() COMPLETED IN: 27 ms
2026-05-09 18:40:12 [http-nio-8082-exec-9] INFO  c.w.product.aspect.LoggingAspect - ==> API REQUEST: com.warehouse.product.controller.NotificationController.getNotifications()
2026-05-09 18:40:12 [http-nio-8082-exec-9] INFO  c.w.product.aspect.LoggingAspect - ==> SERVICE METHOD CALLED: com.warehouse.product.service.ProductService.getAllProducts()
2026-05-09 18:40:12 [http-nio-8082-exec-9] INFO  c.w.product.aspect.LoggingAspect - ==> METHOD: getAllProducts() COMPLETED IN: 19 ms
2026-05-09 18:40:15 [http-nio-8082-exec-10] INFO  c.w.product.aspect.LoggingAspect - ==> API REQUEST: com.warehouse.product.controller.NotificationController.getNotifications()
2026-05-09 18:40:15 [http-nio-8082-exec-10] INFO  c.w.product.aspect.LoggingAspect - ==> SERVICE METHOD CALLED: com.warehouse.product.service.ProductService.getAllProducts()
2026-05-09 18:40:15 [http-nio-8082-exec-10] INFO  c.w.product.aspect.LoggingAspect - ==> METHOD: getAllProducts() COMPLETED IN: 55 ms
2026-05-09 18:40:18 [http-nio-8082-exec-1] INFO  c.w.product.aspect.LoggingAspect - ==> API REQUEST: com.warehouse.product.controller.NotificationController.getNotifications()
2026-05-09 18:40:18 [http-nio-8082-exec-1] INFO  c.w.product.aspect.LoggingAspect - ==> SERVICE METHOD CALLED: com.warehouse.product.service.ProductService.getAllProducts()
2026-05-09 18:40:18 [http-nio-8082-exec-1] INFO  c.w.product.aspect.LoggingAspect - ==> METHOD: getAllProducts() COMPLETED IN: 19 ms
2026-05-09 18:40:22 [http-nio-8082-exec-2] INFO  c.w.product.aspect.LoggingAspect - ==> API REQUEST: com.warehouse.product.controller.NotificationController.getNotifications()
2026-05-09 18:40:22 [http-nio-8082-exec-2] INFO  c.w.product.aspect.LoggingAspect - ==> SERVICE METHOD CALLED: com.warehouse.product.service.ProductService.getAllProducts()
2026-05-09 18:40:22 [http-nio-8082-exec-2] INFO  c.w.product.aspect.LoggingAspect - ==> METHOD: getAllProducts() COMPLETED IN: 14 ms
2026-05-09 18:40:24 [http-nio-8082-exec-5] INFO  c.w.product.aspect.LoggingAspect - ==> API REQUEST: com.warehouse.product.controller.NotificationController.getNotifications()
2026-05-09 18:40:24 [http-nio-8082-exec-5] INFO  c.w.product.aspect.LoggingAspect - ==> SERVICE METHOD CALLED: com.warehouse.product.service.ProductService.getAllProducts()
2026-05-09 18:40:24 [http-nio-8082-exec-5] INFO  c.w.product.aspect.LoggingAspect - ==> METHOD: getAllProducts() COMPLETED IN: 8 ms
2026-05-09 18:40:27 [http-nio-8082-exec-3] INFO  c.w.product.aspect.LoggingAspect - ==> API REQUEST: com.warehouse.product.controller.NotificationController.getNotifications()
2026-05-09 18:40:27 [http-nio-8082-exec-3] INFO  c.w.product.aspect.LoggingAspect - ==> SERVICE METHOD CALLED: com.warehouse.product.service.ProductService.getAllProducts()
2026-05-09 18:40:27 [http-nio-8082-exec-3] INFO  c.w.product.aspect.LoggingAspect - ==> METHOD: getAllProducts() COMPLETED IN: 6 ms
2026-05-09 18:40:28 [http-nio-8082-exec-8] INFO  c.w.product.aspect.LoggingAspect - ==> API REQUEST: com.warehouse.product.controller.NotificationController.getNotifications()
2026-05-09 18:40:28 [http-nio-8082-exec-8] INFO  c.w.product.aspect.LoggingAspect - ==> SERVICE METHOD CALLED: com.warehouse.product.service.ProductService.getAllProducts()
2026-05-09 18:40:28 [http-nio-8082-exec-8] INFO  c.w.product.aspect.LoggingAspect - ==> METHOD: getAllProducts() COMPLETED IN: 9 ms
2026-05-09 18:40:39 [http-nio-8082-exec-4] INFO  c.w.product.aspect.LoggingAspect - ==> API REQUEST: com.warehouse.product.controller.NotificationController.getNotifications()
2026-05-09 18:40:39 [http-nio-8082-exec-4] INFO  c.w.product.aspect.LoggingAspect - ==> SERVICE METHOD CALLED: com.warehouse.product.service.ProductService.getAllProducts()
2026-05-09 18:40:39 [http-nio-8082-exec-4] INFO  c.w.product.aspect.LoggingAspect - ==> METHOD: getAllProducts() COMPLETED IN: 12 ms
2026-05-09 18:40:42 [http-nio-8082-exec-6] INFO  c.w.product.aspect.LoggingAspect - ==> API REQUEST: com.warehouse.product.controller.NotificationController.getNotifications()
2026-05-09 18:40:42 [http-nio-8082-exec-6] INFO  c.w.product.aspect.LoggingAspect - ==> SERVICE METHOD CALLED: com.warehouse.product.service.ProductService.getAllProducts()
2026-05-09 18:40:42 [http-nio-8082-exec-6] INFO  c.w.product.aspect.LoggingAspect - ==> METHOD: getAllProducts() COMPLETED IN: 7 ms
2026-05-09 18:40:45 [http-nio-8082-exec-7] INFO  c.w.product.aspect.LoggingAspect - ==> API REQUEST: com.warehouse.product.controller.NotificationController.getNotifications()
2026-05-09 18:40:45 [http-nio-8082-exec-7] INFO  c.w.product.aspect.LoggingAspect - ==> SERVICE METHOD CALLED: com.warehouse.product.service.ProductService.getAllProducts()
2026-05-09 18:40:45 [http-nio-8082-exec-7] INFO  c.w.product.aspect.LoggingAspect - ==> METHOD: getAllProducts() COMPLETED IN: 2 ms
2026-05-09 18:40:48 [http-nio-8082-exec-9] INFO  c.w.product.aspect.LoggingAspect - ==> API REQUEST: com.warehouse.product.controller.NotificationController.getNotifications()
2026-05-09 18:40:48 [http-nio-8082-exec-9] INFO  c.w.product.aspect.LoggingAspect - ==> SERVICE METHOD CALLED: com.warehouse.product.service.ProductService.getAllProducts()
2026-05-09 18:40:48 [http-nio-8082-exec-9] INFO  c.w.product.aspect.LoggingAspect - ==> METHOD: getAllProducts() COMPLETED IN: 6 ms
2026-05-09 18:40:52 [http-nio-8082-exec-10] INFO  c.w.product.aspect.LoggingAspect - ==> API REQUEST: com.warehouse.product.controller.NotificationController.getNotifications()
2026-05-09 18:40:52 [http-nio-8082-exec-10] INFO  c.w.product.aspect.LoggingAspect - ==> SERVICE METHOD CALLED: com.warehouse.product.service.ProductService.getAllProducts()
2026-05-09 18:40:52 [http-nio-8082-exec-10] INFO  c.w.product.aspect.LoggingAspect - ==> METHOD: getAllProducts() COMPLETED IN: 19 ms
2026-05-09 18:40:54 [http-nio-8082-exec-1] INFO  c.w.product.aspect.LoggingAspect - ==> API REQUEST: com.warehouse.product.controller.NotificationController.getNotifications()
2026-05-09 18:40:54 [http-nio-8082-exec-1] INFO  c.w.product.aspect.LoggingAspect - ==> SERVICE METHOD CALLED: com.warehouse.product.service.ProductService.getAllProducts()
2026-05-09 18:40:54 [http-nio-8082-exec-1] INFO  c.w.product.aspect.LoggingAspect - ==> METHOD: getAllProducts() COMPLETED IN: 7 ms
2026-05-09 18:40:57 [http-nio-8082-exec-2] INFO  c.w.product.aspect.LoggingAspect - ==> API REQUEST: com.warehouse.product.controller.NotificationController.getNotifications()
2026-05-09 18:40:57 [http-nio-8082-exec-2] INFO  c.w.product.aspect.LoggingAspect - ==> SERVICE METHOD CALLED: com.warehouse.product.service.ProductService.getAllProducts()
2026-05-09 18:40:57 [http-nio-8082-exec-2] INFO  c.w.product.aspect.LoggingAspect - ==> METHOD: getAllProducts() COMPLETED IN: 7 ms
2026-05-09 18:40:58 [http-nio-8082-exec-5] INFO  c.w.product.aspect.LoggingAspect - ==> API REQUEST: com.warehouse.product.controller.NotificationController.getNotifications()
2026-05-09 18:40:58 [http-nio-8082-exec-5] INFO  c.w.product.aspect.LoggingAspect - ==> SERVICE METHOD CALLED: com.warehouse.product.service.ProductService.getAllProducts()
2026-05-09 18:40:58 [http-nio-8082-exec-5] INFO  c.w.product.aspect.LoggingAspect - ==> METHOD: getAllProducts() COMPLETED IN: 12 ms
2026-05-09 18:41:09 [http-nio-8082-exec-3] INFO  c.w.product.aspect.LoggingAspect - ==> API REQUEST: com.warehouse.product.controller.NotificationController.getNotifications()
2026-05-09 18:41:09 [http-nio-8082-exec-3] INFO  c.w.product.aspect.LoggingAspect - ==> SERVICE METHOD CALLED: com.warehouse.product.service.ProductService.getAllProducts()
2026-05-09 18:41:09 [http-nio-8082-exec-3] INFO  c.w.product.aspect.LoggingAspect - ==> METHOD: getAllProducts() COMPLETED IN: 6 ms
2026-05-09 18:41:12 [http-nio-8082-exec-8] INFO  c.w.product.aspect.LoggingAspect - ==> API REQUEST: com.warehouse.product.controller.NotificationController.getNotifications()
2026-05-09 18:41:12 [http-nio-8082-exec-8] INFO  c.w.product.aspect.LoggingAspect - ==> SERVICE METHOD CALLED: com.warehouse.product.service.ProductService.getAllProducts()
2026-05-09 18:41:12 [http-nio-8082-exec-8] INFO  c.w.product.aspect.LoggingAspect - ==> METHOD: getAllProducts() COMPLETED IN: 7 ms
2026-05-09 18:41:15 [http-nio-8082-exec-4] INFO  c.w.product.aspect.LoggingAspect - ==> API REQUEST: com.warehouse.product.controller.NotificationController.getNotifications()
2026-05-09 18:41:15 [http-nio-8082-exec-4] INFO  c.w.product.aspect.LoggingAspect - ==> SERVICE METHOD CALLED: com.warehouse.product.service.ProductService.getAllProducts()
2026-05-09 18:41:15 [http-nio-8082-exec-4] INFO  c.w.product.aspect.LoggingAspect - ==> METHOD: getAllProducts() COMPLETED IN: 17 ms
2026-05-09 18:41:18 [http-nio-8082-exec-6] INFO  c.w.product.aspect.LoggingAspect - ==> API REQUEST: com.warehouse.product.controller.NotificationController.getNotifications()
2026-05-09 18:41:18 [http-nio-8082-exec-6] INFO  c.w.product.aspect.LoggingAspect - ==> SERVICE METHOD CALLED: com.warehouse.product.service.ProductService.getAllProducts()
2026-05-09 18:41:18 [http-nio-8082-exec-6] INFO  c.w.product.aspect.LoggingAspect - ==> METHOD: getAllProducts() COMPLETED IN: 10 ms
2026-05-09 18:41:22 [http-nio-8082-exec-7] INFO  c.w.product.aspect.LoggingAspect - ==> API REQUEST: com.warehouse.product.controller.NotificationController.getNotifications()
2026-05-09 18:41:22 [http-nio-8082-exec-7] INFO  c.w.product.aspect.LoggingAspect - ==> SERVICE METHOD CALLED: com.warehouse.product.service.ProductService.getAllProducts()
2026-05-09 18:41:22 [http-nio-8082-exec-7] INFO  c.w.product.aspect.LoggingAspect - ==> METHOD: getAllProducts() COMPLETED IN: 12 ms
2026-05-09 18:41:24 [http-nio-8082-exec-9] INFO  c.w.product.aspect.LoggingAspect - ==> API REQUEST: com.warehouse.product.controller.NotificationController.getNotifications()
2026-05-09 18:41:24 [http-nio-8082-exec-9] INFO  c.w.product.aspect.LoggingAspect - ==> SERVICE METHOD CALLED: com.warehouse.product.service.ProductService.getAllProducts()
2026-05-09 18:41:24 [http-nio-8082-exec-9] INFO  c.w.product.aspect.LoggingAspect - ==> METHOD: getAllProducts() COMPLETED IN: 9 ms
2026-05-09 18:41:27 [http-nio-8082-exec-10] INFO  c.w.product.aspect.LoggingAspect - ==> API REQUEST: com.warehouse.product.controller.NotificationController.getNotifications()
2026-05-09 18:41:27 [http-nio-8082-exec-10] INFO  c.w.product.aspect.LoggingAspect - ==> SERVICE METHOD CALLED: com.warehouse.product.service.ProductService.getAllProducts()
2026-05-09 18:41:27 [http-nio-8082-exec-10] INFO  c.w.product.aspect.LoggingAspect - ==> METHOD: getAllProducts() COMPLETED IN: 11 ms
2026-05-09 18:41:28 [http-nio-8082-exec-1] INFO  c.w.product.aspect.LoggingAspect - ==> API REQUEST: com.warehouse.product.controller.NotificationController.getNotifications()
2026-05-09 18:41:28 [http-nio-8082-exec-1] INFO  c.w.product.aspect.LoggingAspect - ==> SERVICE METHOD CALLED: com.warehouse.product.service.ProductService.getAllProducts()
2026-05-09 18:41:28 [http-nio-8082-exec-1] INFO  c.w.product.aspect.LoggingAspect - ==> METHOD: getAllProducts() COMPLETED IN: 28 ms
2026-05-09 18:41:39 [http-nio-8082-exec-2] INFO  c.w.product.aspect.LoggingAspect - ==> API REQUEST: com.warehouse.product.controller.NotificationController.getNotifications()
2026-05-09 18:41:39 [http-nio-8082-exec-2] INFO  c.w.product.aspect.LoggingAspect - ==> SERVICE METHOD CALLED: com.warehouse.product.service.ProductService.getAllProducts()
2026-05-09 18:41:39 [http-nio-8082-exec-2] INFO  c.w.product.aspect.LoggingAspect - ==> METHOD: getAllProducts() COMPLETED IN: 40 ms
2026-05-09 18:41:42 [http-nio-8082-exec-5] INFO  c.w.product.aspect.LoggingAspect - ==> API REQUEST: com.warehouse.product.controller.NotificationController.getNotifications()
2026-05-09 18:41:42 [http-nio-8082-exec-5] INFO  c.w.product.aspect.LoggingAspect - ==> SERVICE METHOD CALLED: com.warehouse.product.service.ProductService.getAllProducts()
2026-05-09 18:41:42 [http-nio-8082-exec-5] INFO  c.w.product.aspect.LoggingAspect - ==> METHOD: getAllProducts() COMPLETED IN: 25 ms
2026-05-09 18:41:45 [http-nio-8082-exec-3] INFO  c.w.product.aspect.LoggingAspect - ==> API REQUEST: com.warehouse.product.controller.NotificationController.getNotifications()
2026-05-09 18:41:45 [http-nio-8082-exec-3] INFO  c.w.product.aspect.LoggingAspect - ==> SERVICE METHOD CALLED: com.warehouse.product.service.ProductService.getAllProducts()
2026-05-09 18:41:45 [http-nio-8082-exec-3] INFO  c.w.product.aspect.LoggingAspect - ==> METHOD: getAllProducts() COMPLETED IN: 8 ms
2026-05-09 18:41:48 [http-nio-8082-exec-8] INFO  c.w.product.aspect.LoggingAspect - ==> API REQUEST: com.warehouse.product.controller.NotificationController.getNotifications()
2026-05-09 18:41:48 [http-nio-8082-exec-8] INFO  c.w.product.aspect.LoggingAspect - ==> SERVICE METHOD CALLED: com.warehouse.product.service.ProductService.getAllProducts()
2026-05-09 18:41:48 [http-nio-8082-exec-8] INFO  c.w.product.aspect.LoggingAspect - ==> METHOD: getAllProducts() COMPLETED IN: 7 ms
2026-05-09 18:41:52 [http-nio-8082-exec-4] INFO  c.w.product.aspect.LoggingAspect - ==> API REQUEST: com.warehouse.product.controller.NotificationController.getNotifications()
2026-05-09 18:41:52 [http-nio-8082-exec-4] INFO  c.w.product.aspect.LoggingAspect - ==> SERVICE METHOD CALLED: com.warehouse.product.service.ProductService.getAllProducts()
2026-05-09 18:41:52 [http-nio-8082-exec-4] INFO  c.w.product.aspect.LoggingAspect - ==> METHOD: getAllProducts() COMPLETED IN: 16 ms
2026-05-09 18:41:54 [http-nio-8082-exec-6] INFO  c.w.product.aspect.LoggingAspect - ==> API REQUEST: com.warehouse.product.controller.NotificationController.getNotifications()
2026-05-09 18:41:54 [http-nio-8082-exec-6] INFO  c.w.product.aspect.LoggingAspect - ==> SERVICE METHOD CALLED: com.warehouse.product.service.ProductService.getAllProducts()
2026-05-09 18:41:54 [http-nio-8082-exec-6] INFO  c.w.product.aspect.LoggingAspect - ==> METHOD: getAllProducts() COMPLETED IN: 2 ms
2026-05-09 18:41:57 [http-nio-8082-exec-7] INFO  c.w.product.aspect.LoggingAspect - ==> API REQUEST: com.warehouse.product.controller.NotificationController.getNotifications()
2026-05-09 18:41:57 [http-nio-8082-exec-7] INFO  c.w.product.aspect.LoggingAspect - ==> SERVICE METHOD CALLED: com.warehouse.product.service.ProductService.getAllProducts()
2026-05-09 18:41:57 [http-nio-8082-exec-7] INFO  c.w.product.aspect.LoggingAspect - ==> METHOD: getAllProducts() COMPLETED IN: 9 ms
2026-05-09 18:41:58 [http-nio-8082-exec-9] INFO  c.w.product.aspect.LoggingAspect - ==> API REQUEST: com.warehouse.product.controller.NotificationController.getNotifications()
2026-05-09 18:41:58 [http-nio-8082-exec-9] INFO  c.w.product.aspect.LoggingAspect - ==> SERVICE METHOD CALLED: com.warehouse.product.service.ProductService.getAllProducts()
2026-05-09 18:41:58 [http-nio-8082-exec-9] INFO  c.w.product.aspect.LoggingAspect - ==> METHOD: getAllProducts() COMPLETED IN: 3 ms
2026-05-09 18:42:09 [http-nio-8082-exec-10] INFO  c.w.product.aspect.LoggingAspect - ==> API REQUEST: com.warehouse.product.controller.NotificationController.getNotifications()
2026-05-09 18:42:09 [http-nio-8082-exec-10] INFO  c.w.product.aspect.LoggingAspect - ==> SERVICE METHOD CALLED: com.warehouse.product.service.ProductService.getAllProducts()
2026-05-09 18:42:09 [http-nio-8082-exec-10] INFO  c.w.product.aspect.LoggingAspect - ==> METHOD: getAllProducts() COMPLETED IN: 10 ms
2026-05-09 18:42:12 [http-nio-8082-exec-1] INFO  c.w.product.aspect.LoggingAspect - ==> API REQUEST: com.warehouse.product.controller.NotificationController.getNotifications()
2026-05-09 18:42:12 [http-nio-8082-exec-1] INFO  c.w.product.aspect.LoggingAspect - ==> SERVICE METHOD CALLED: com.warehouse.product.service.ProductService.getAllProducts()
2026-05-09 18:42:12 [http-nio-8082-exec-1] INFO  c.w.product.aspect.LoggingAspect - ==> METHOD: getAllProducts() COMPLETED IN: 8 ms
2026-05-09 18:42:15 [http-nio-8082-exec-2] INFO  c.w.product.aspect.LoggingAspect - ==> API REQUEST: com.warehouse.product.controller.NotificationController.getNotifications()
2026-05-09 18:42:15 [http-nio-8082-exec-2] INFO  c.w.product.aspect.LoggingAspect - ==> SERVICE METHOD CALLED: com.warehouse.product.service.ProductService.getAllProducts()
2026-05-09 18:42:15 [http-nio-8082-exec-2] INFO  c.w.product.aspect.LoggingAspect - ==> METHOD: getAllProducts() COMPLETED IN: 13 ms
2026-05-09 18:42:18 [http-nio-8082-exec-5] INFO  c.w.product.aspect.LoggingAspect - ==> API REQUEST: com.warehouse.product.controller.NotificationController.getNotifications()
2026-05-09 18:42:18 [http-nio-8082-exec-5] INFO  c.w.product.aspect.LoggingAspect - ==> SERVICE METHOD CALLED: com.warehouse.product.service.ProductService.getAllProducts()
2026-05-09 18:42:18 [http-nio-8082-exec-5] INFO  c.w.product.aspect.LoggingAspect - ==> METHOD: getAllProducts() COMPLETED IN: 8 ms
2026-05-09 18:42:22 [http-nio-8082-exec-3] INFO  c.w.product.aspect.LoggingAspect - ==> API REQUEST: com.warehouse.product.controller.NotificationController.getNotifications()
2026-05-09 18:42:22 [http-nio-8082-exec-3] INFO  c.w.product.aspect.LoggingAspect - ==> SERVICE METHOD CALLED: com.warehouse.product.service.ProductService.getAllProducts()
2026-05-09 18:42:22 [http-nio-8082-exec-3] INFO  c.w.product.aspect.LoggingAspect - ==> METHOD: getAllProducts() COMPLETED IN: 7 ms
2026-05-09 18:42:24 [http-nio-8082-exec-8] INFO  c.w.product.aspect.LoggingAspect - ==> API REQUEST: com.warehouse.product.controller.NotificationController.getNotifications()
2026-05-09 18:42:24 [http-nio-8082-exec-8] INFO  c.w.product.aspect.LoggingAspect - ==> SERVICE METHOD CALLED: com.warehouse.product.service.ProductService.getAllProducts()
2026-05-09 18:42:24 [http-nio-8082-exec-8] INFO  c.w.product.aspect.LoggingAspect - ==> METHOD: getAllProducts() COMPLETED IN: 10 ms
2026-05-09 18:42:27 [http-nio-8082-exec-4] INFO  c.w.product.aspect.LoggingAspect - ==> API REQUEST: com.warehouse.product.controller.NotificationController.getNotifications()
2026-05-09 18:42:27 [http-nio-8082-exec-4] INFO  c.w.product.aspect.LoggingAspect - ==> SERVICE METHOD CALLED: com.warehouse.product.service.ProductService.getAllProducts()
2026-05-09 18:42:27 [http-nio-8082-exec-4] INFO  c.w.product.aspect.LoggingAspect - ==> METHOD: getAllProducts() COMPLETED IN: 6 ms
2026-05-09 18:42:28 [http-nio-8082-exec-6] INFO  c.w.product.aspect.LoggingAspect - ==> API REQUEST: com.warehouse.product.controller.NotificationController.getNotifications()
2026-05-09 18:42:28 [http-nio-8082-exec-6] INFO  c.w.product.aspect.LoggingAspect - ==> SERVICE METHOD CALLED: com.warehouse.product.service.ProductService.getAllProducts()
2026-05-09 18:42:28 [http-nio-8082-exec-6] INFO  c.w.product.aspect.LoggingAspect - ==> METHOD: getAllProducts() COMPLETED IN: 9 ms
2026-05-09 18:42:39 [http-nio-8082-exec-7] INFO  c.w.product.aspect.LoggingAspect - ==> API REQUEST: com.warehouse.product.controller.NotificationController.getNotifications()
2026-05-09 18:42:39 [http-nio-8082-exec-7] INFO  c.w.product.aspect.LoggingAspect - ==> SERVICE METHOD CALLED: com.warehouse.product.service.ProductService.getAllProducts()
2026-05-09 18:42:39 [http-nio-8082-exec-7] INFO  c.w.product.aspect.LoggingAspect - ==> METHOD: getAllProducts() COMPLETED IN: 151 ms
2026-05-09 18:42:42 [http-nio-8082-exec-9] INFO  c.w.product.aspect.LoggingAspect - ==> API REQUEST: com.warehouse.product.controller.NotificationController.getNotifications()
2026-05-09 18:42:42 [http-nio-8082-exec-9] INFO  c.w.product.aspect.LoggingAspect - ==> SERVICE METHOD CALLED: com.warehouse.product.service.ProductService.getAllProducts()
2026-05-09 18:42:42 [http-nio-8082-exec-9] INFO  c.w.product.aspect.LoggingAspect - ==> METHOD: getAllProducts() COMPLETED IN: 5 ms
2026-05-09 18:42:45 [http-nio-8082-exec-10] INFO  c.w.product.aspect.LoggingAspect - ==> API REQUEST: com.warehouse.product.controller.NotificationController.getNotifications()
2026-05-09 18:42:45 [http-nio-8082-exec-10] INFO  c.w.product.aspect.LoggingAspect - ==> SERVICE METHOD CALLED: com.warehouse.product.service.ProductService.getAllProducts()
2026-05-09 18:42:45 [http-nio-8082-exec-10] INFO  c.w.product.aspect.LoggingAspect - ==> METHOD: getAllProducts() COMPLETED IN: 8 ms
2026-05-09 18:42:48 [http-nio-8082-exec-1] INFO  c.w.product.aspect.LoggingAspect - ==> API REQUEST: com.warehouse.product.controller.NotificationController.getNotifications()
2026-05-09 18:42:48 [http-nio-8082-exec-1] INFO  c.w.product.aspect.LoggingAspect - ==> SERVICE METHOD CALLED: com.warehouse.product.service.ProductService.getAllProducts()
2026-05-09 18:42:48 [http-nio-8082-exec-1] INFO  c.w.product.aspect.LoggingAspect - ==> METHOD: getAllProducts() COMPLETED IN: 6 ms
2026-05-09 18:42:54 [http-nio-8082-exec-2] INFO  c.w.product.aspect.LoggingAspect - ==> API REQUEST: com.warehouse.product.controller.NotificationController.getNotifications()
2026-05-09 18:42:54 [http-nio-8082-exec-2] INFO  c.w.product.aspect.LoggingAspect - ==> SERVICE METHOD CALLED: com.warehouse.product.service.ProductService.getAllProducts()
2026-05-09 18:42:54 [http-nio-8082-exec-2] INFO  c.w.product.aspect.LoggingAspect - ==> METHOD: getAllProducts() COMPLETED IN: 7 ms
2026-05-09 18:42:57 [http-nio-8082-exec-5] INFO  c.w.product.aspect.LoggingAspect - ==> API REQUEST: com.warehouse.product.controller.NotificationController.getNotifications()
2026-05-09 18:42:57 [http-nio-8082-exec-5] INFO  c.w.product.aspect.LoggingAspect - ==> SERVICE METHOD CALLED: com.warehouse.product.service.ProductService.getAllProducts()
2026-05-09 18:42:57 [http-nio-8082-exec-5] INFO  c.w.product.aspect.LoggingAspect - ==> METHOD: getAllProducts() COMPLETED IN: 7 ms
2026-05-09 18:43:50 [http-nio-8082-exec-3] INFO  c.w.product.aspect.LoggingAspect - ==> API REQUEST: com.warehouse.product.controller.NotificationController.getNotifications()
2026-05-09 18:43:50 [http-nio-8082-exec-3] INFO  c.w.product.aspect.LoggingAspect - ==> SERVICE METHOD CALLED: com.warehouse.product.service.ProductService.getAllProducts()
2026-05-09 18:43:50 [http-nio-8082-exec-3] INFO  c.w.product.aspect.LoggingAspect - ==> METHOD: getAllProducts() COMPLETED IN: 31 ms
2026-05-09 18:43:50 [http-nio-8082-exec-8] INFO  c.w.product.aspect.LoggingAspect - ==> API REQUEST: com.warehouse.product.controller.NotificationController.getNotifications()
2026-05-09 18:43:50 [http-nio-8082-exec-8] INFO  c.w.product.aspect.LoggingAspect - ==> SERVICE METHOD CALLED: com.warehouse.product.service.ProductService.getAllProducts()
2026-05-09 18:43:50 [http-nio-8082-exec-8] INFO  c.w.product.aspect.LoggingAspect - ==> METHOD: getAllProducts() COMPLETED IN: 11 ms
2026-05-09 18:43:50 [http-nio-8082-exec-4] INFO  c.w.product.aspect.LoggingAspect - ==> API REQUEST: com.warehouse.product.controller.NotificationController.getNotifications()
2026-05-09 18:43:50 [http-nio-8082-exec-4] INFO  c.w.product.aspect.LoggingAspect - ==> SERVICE METHOD CALLED: com.warehouse.product.service.ProductService.getAllProducts()
2026-05-09 18:43:50 [http-nio-8082-exec-4] INFO  c.w.product.aspect.LoggingAspect - ==> METHOD: getAllProducts() COMPLETED IN: 10 ms
2026-05-09 18:43:50 [http-nio-8082-exec-6] INFO  c.w.product.aspect.LoggingAspect - ==> API REQUEST: com.warehouse.product.controller.NotificationController.getNotifications()
2026-05-09 18:43:50 [http-nio-8082-exec-6] INFO  c.w.product.aspect.LoggingAspect - ==> SERVICE METHOD CALLED: com.warehouse.product.service.ProductService.getAllProducts()
2026-05-09 18:43:50 [http-nio-8082-exec-6] INFO  c.w.product.aspect.LoggingAspect - ==> METHOD: getAllProducts() COMPLETED IN: 13 ms
2026-05-09 18:43:50 [http-nio-8082-exec-7] INFO  c.w.product.aspect.LoggingAspect - ==> API REQUEST: com.warehouse.product.controller.NotificationController.getNotifications()
2026-05-09 18:43:50 [http-nio-8082-exec-7] INFO  c.w.product.aspect.LoggingAspect - ==> SERVICE METHOD CALLED: com.warehouse.product.service.ProductService.getAllProducts()
2026-05-09 18:43:51 [http-nio-8082-exec-7] INFO  c.w.product.aspect.LoggingAspect - ==> METHOD: getAllProducts() COMPLETED IN: 12 ms
2026-05-09 18:43:51 [http-nio-8082-exec-9] INFO  c.w.product.aspect.LoggingAspect - ==> API REQUEST: com.warehouse.product.controller.NotificationController.getNotifications()
2026-05-09 18:43:51 [http-nio-8082-exec-9] INFO  c.w.product.aspect.LoggingAspect - ==> SERVICE METHOD CALLED: com.warehouse.product.service.ProductService.getAllProducts()
2026-05-09 18:43:51 [http-nio-8082-exec-9] INFO  c.w.product.aspect.LoggingAspect - ==> METHOD: getAllProducts() COMPLETED IN: 15 ms
2026-05-09 18:43:51 [http-nio-8082-exec-10] INFO  c.w.product.aspect.LoggingAspect - ==> API REQUEST: com.warehouse.product.controller.NotificationController.getNotifications()
2026-05-09 18:43:51 [http-nio-8082-exec-10] INFO  c.w.product.aspect.LoggingAspect - ==> SERVICE METHOD CALLED: com.warehouse.product.service.ProductService.getAllProducts()
2026-05-09 18:43:51 [http-nio-8082-exec-10] INFO  c.w.product.aspect.LoggingAspect - ==> METHOD: getAllProducts() COMPLETED IN: 12 ms
2026-05-09 18:43:51 [http-nio-8082-exec-1] INFO  c.w.product.aspect.LoggingAspect - ==> API REQUEST: com.warehouse.product.controller.NotificationController.getNotifications()
2026-05-09 18:43:51 [http-nio-8082-exec-1] INFO  c.w.product.aspect.LoggingAspect - ==> SERVICE METHOD CALLED: com.warehouse.product.service.ProductService.getAllProducts()
2026-05-09 18:43:51 [http-nio-8082-exec-1] INFO  c.w.product.aspect.LoggingAspect - ==> METHOD: getAllProducts() COMPLETED IN: 14 ms
2026-05-09 18:44:50 [http-nio-8082-exec-2] INFO  c.w.product.aspect.LoggingAspect - ==> API REQUEST: com.warehouse.product.controller.NotificationController.getNotifications()
2026-05-09 18:44:50 [http-nio-8082-exec-2] INFO  c.w.product.aspect.LoggingAspect - ==> SERVICE METHOD CALLED: com.warehouse.product.service.ProductService.getAllProducts()
2026-05-09 18:44:50 [http-nio-8082-exec-2] INFO  c.w.product.aspect.LoggingAspect - ==> METHOD: getAllProducts() COMPLETED IN: 12 ms
2026-05-09 18:44:50 [http-nio-8082-exec-5] INFO  c.w.product.aspect.LoggingAspect - ==> API REQUEST: com.warehouse.product.controller.NotificationController.getNotifications()
2026-05-09 18:44:50 [http-nio-8082-exec-5] INFO  c.w.product.aspect.LoggingAspect - ==> SERVICE METHOD CALLED: com.warehouse.product.service.ProductService.getAllProducts()
2026-05-09 18:44:50 [http-nio-8082-exec-5] INFO  c.w.product.aspect.LoggingAspect - ==> METHOD: getAllProducts() COMPLETED IN: 8 ms
2026-05-09 18:44:50 [http-nio-8082-exec-3] INFO  c.w.product.aspect.LoggingAspect - ==> API REQUEST: com.warehouse.product.controller.NotificationController.getNotifications()
2026-05-09 18:44:50 [http-nio-8082-exec-3] INFO  c.w.product.aspect.LoggingAspect - ==> SERVICE METHOD CALLED: com.warehouse.product.service.ProductService.getAllProducts()
2026-05-09 18:44:50 [http-nio-8082-exec-3] INFO  c.w.product.aspect.LoggingAspect - ==> METHOD: getAllProducts() COMPLETED IN: 10 ms
2026-05-09 18:44:50 [http-nio-8082-exec-8] INFO  c.w.product.aspect.LoggingAspect - ==> API REQUEST: com.warehouse.product.controller.NotificationController.getNotifications()
2026-05-09 18:44:50 [http-nio-8082-exec-8] INFO  c.w.product.aspect.LoggingAspect - ==> SERVICE METHOD CALLED: com.warehouse.product.service.ProductService.getAllProducts()
2026-05-09 18:44:50 [http-nio-8082-exec-8] INFO  c.w.product.aspect.LoggingAspect - ==> METHOD: getAllProducts() COMPLETED IN: 7 ms
2026-05-09 18:44:50 [http-nio-8082-exec-4] INFO  c.w.product.aspect.LoggingAspect - ==> API REQUEST: com.warehouse.product.controller.NotificationController.getNotifications()
2026-05-09 18:44:50 [http-nio-8082-exec-4] INFO  c.w.product.aspect.LoggingAspect - ==> SERVICE METHOD CALLED: com.warehouse.product.service.ProductService.getAllProducts()
2026-05-09 18:44:50 [http-nio-8082-exec-4] INFO  c.w.product.aspect.LoggingAspect - ==> METHOD: getAllProducts() COMPLETED IN: 9 ms
2026-05-09 18:44:50 [http-nio-8082-exec-6] INFO  c.w.product.aspect.LoggingAspect - ==> API REQUEST: com.warehouse.product.controller.NotificationController.getNotifications()
2026-05-09 18:44:50 [http-nio-8082-exec-6] INFO  c.w.product.aspect.LoggingAspect - ==> SERVICE METHOD CALLED: com.warehouse.product.service.ProductService.getAllProducts()
2026-05-09 18:44:50 [http-nio-8082-exec-6] INFO  c.w.product.aspect.LoggingAspect - ==> METHOD: getAllProducts() COMPLETED IN: 14 ms
2026-05-09 18:44:50 [http-nio-8082-exec-7] INFO  c.w.product.aspect.LoggingAspect - ==> API REQUEST: com.warehouse.product.controller.NotificationController.getNotifications()
2026-05-09 18:44:50 [http-nio-8082-exec-7] INFO  c.w.product.aspect.LoggingAspect - ==> SERVICE METHOD CALLED: com.warehouse.product.service.ProductService.getAllProducts()
2026-05-09 18:44:50 [http-nio-8082-exec-7] INFO  c.w.product.aspect.LoggingAspect - ==> METHOD: getAllProducts() COMPLETED IN: 8 ms
2026-05-09 18:44:50 [http-nio-8082-exec-9] INFO  c.w.product.aspect.LoggingAspect - ==> API REQUEST: com.warehouse.product.controller.NotificationController.getNotifications()
2026-05-09 18:44:50 [http-nio-8082-exec-9] INFO  c.w.product.aspect.LoggingAspect - ==> SERVICE METHOD CALLED: com.warehouse.product.service.ProductService.getAllProducts()
2026-05-09 18:44:50 [http-nio-8082-exec-9] INFO  c.w.product.aspect.LoggingAspect - ==> METHOD: getAllProducts() COMPLETED IN: 7 ms
2026-05-09 18:45:10 [http-nio-8082-exec-10] INFO  c.w.product.aspect.LoggingAspect - ==> API REQUEST: com.warehouse.product.controller.NotificationController.getNotifications()
2026-05-09 18:45:10 [http-nio-8082-exec-10] INFO  c.w.product.aspect.LoggingAspect - ==> SERVICE METHOD CALLED: com.warehouse.product.service.ProductService.getAllProducts()
2026-05-09 18:45:10 [http-nio-8082-exec-10] INFO  c.w.product.aspect.LoggingAspect - ==> METHOD: getAllProducts() COMPLETED IN: 10 ms
2026-05-09 18:45:10 [http-nio-8082-exec-1] INFO  c.w.product.aspect.LoggingAspect - ==> API REQUEST: com.warehouse.product.controller.NotificationController.getNotifications()
2026-05-09 18:45:10 [http-nio-8082-exec-1] INFO  c.w.product.aspect.LoggingAspect - ==> SERVICE METHOD CALLED: com.warehouse.product.service.ProductService.getAllProducts()
2026-05-09 18:45:10 [http-nio-8082-exec-1] INFO  c.w.product.aspect.LoggingAspect - ==> METHOD: getAllProducts() COMPLETED IN: 10 ms
2026-05-09 18:45:10 [http-nio-8082-exec-2] INFO  c.w.product.aspect.LoggingAspect - ==> API REQUEST: com.warehouse.product.controller.NotificationController.getNotifications()
2026-05-09 18:45:10 [http-nio-8082-exec-2] INFO  c.w.product.aspect.LoggingAspect - ==> SERVICE METHOD CALLED: com.warehouse.product.service.ProductService.getAllProducts()
2026-05-09 18:45:10 [http-nio-8082-exec-2] INFO  c.w.product.aspect.LoggingAspect - ==> METHOD: getAllProducts() COMPLETED IN: 18 ms
2026-05-09 18:45:10 [http-nio-8082-exec-5] INFO  c.w.product.aspect.LoggingAspect - ==> API REQUEST: com.warehouse.product.controller.NotificationController.getNotifications()
2026-05-09 18:45:10 [http-nio-8082-exec-5] INFO  c.w.product.aspect.LoggingAspect - ==> SERVICE METHOD CALLED: com.warehouse.product.service.ProductService.getAllProducts()
2026-05-09 18:45:10 [http-nio-8082-exec-5] INFO  c.w.product.aspect.LoggingAspect - ==> METHOD: getAllProducts() COMPLETED IN: 1 ms
2026-05-09 18:45:11 [http-nio-8082-exec-3] INFO  c.w.product.aspect.LoggingAspect - ==> API REQUEST: com.warehouse.product.controller.NotificationController.getNotifications()
2026-05-09 18:45:11 [http-nio-8082-exec-3] INFO  c.w.product.aspect.LoggingAspect - ==> SERVICE METHOD CALLED: com.warehouse.product.service.ProductService.getAllProducts()
2026-05-09 18:45:11 [http-nio-8082-exec-3] INFO  c.w.product.aspect.LoggingAspect - ==> METHOD: getAllProducts() COMPLETED IN: 0 ms
2026-05-09 18:45:15 [http-nio-8082-exec-8] INFO  c.w.product.aspect.LoggingAspect - ==> API REQUEST: com.warehouse.product.controller.NotificationController.getNotifications()
2026-05-09 18:45:15 [http-nio-8082-exec-8] INFO  c.w.product.aspect.LoggingAspect - ==> SERVICE METHOD CALLED: com.warehouse.product.service.ProductService.getAllProducts()
2026-05-09 18:45:15 [http-nio-8082-exec-8] INFO  c.w.product.aspect.LoggingAspect - ==> METHOD: getAllProducts() COMPLETED IN: 16 ms
2026-05-09 18:45:18 [http-nio-8082-exec-4] INFO  c.w.product.aspect.LoggingAspect - ==> API REQUEST: com.warehouse.product.controller.NotificationController.getNotifications()
2026-05-09 18:45:18 [http-nio-8082-exec-4] INFO  c.w.product.aspect.LoggingAspect - ==> SERVICE METHOD CALLED: com.warehouse.product.service.ProductService.getAllProducts()
2026-05-09 18:45:18 [http-nio-8082-exec-4] INFO  c.w.product.aspect.LoggingAspect - ==> METHOD: getAllProducts() COMPLETED IN: 17 ms
2026-05-09 18:45:21 [http-nio-8082-exec-6] INFO  c.w.product.aspect.LoggingAspect - ==> API REQUEST: com.warehouse.product.controller.NotificationController.getNotifications()
2026-05-09 18:45:21 [http-nio-8082-exec-6] INFO  c.w.product.aspect.LoggingAspect - ==> SERVICE METHOD CALLED: com.warehouse.product.service.ProductService.getAllProducts()
2026-05-09 18:45:21 [http-nio-8082-exec-6] INFO  c.w.product.aspect.LoggingAspect - ==> METHOD: getAllProducts() COMPLETED IN: 22 ms
2026-05-09 18:46:53 [http-nio-8082-exec-10] INFO  c.w.product.aspect.LoggingAspect - ==> API REQUEST: com.warehouse.product.controller.ProductController.getAllProducts()
2026-05-09 18:46:53 [http-nio-8082-exec-1] INFO  c.w.product.aspect.LoggingAspect - ==> API REQUEST: com.warehouse.product.controller.NotificationController.getNotifications()
2026-05-09 18:46:53 [http-nio-8082-exec-1] INFO  c.w.product.aspect.LoggingAspect - ==> SERVICE METHOD CALLED: com.warehouse.product.service.ProductService.getAllProducts()
2026-05-09 18:46:53 [http-nio-8082-exec-10] INFO  c.w.product.aspect.LoggingAspect - ==> SERVICE METHOD CALLED: com.warehouse.product.service.ProductService.getAllProducts()
2026-05-09 18:46:53 [http-nio-8082-exec-10] INFO  c.w.product.aspect.LoggingAspect - ==> METHOD: getAllProducts() COMPLETED IN: 23 ms
2026-05-09 18:46:53 [http-nio-8082-exec-1] INFO  c.w.product.aspect.LoggingAspect - ==> METHOD: getAllProducts() COMPLETED IN: 23 ms
2026-05-09 18:46:59 [http-nio-8082-exec-2] INFO  c.w.product.aspect.LoggingAspect - ==> API REQUEST: com.warehouse.product.controller.NotificationController.getNotifications()
2026-05-09 18:46:59 [http-nio-8082-exec-2] INFO  c.w.product.aspect.LoggingAspect - ==> SERVICE METHOD CALLED: com.warehouse.product.service.ProductService.getAllProducts()
2026-05-09 18:46:59 [http-nio-8082-exec-2] INFO  c.w.product.aspect.LoggingAspect - ==> METHOD: getAllProducts() COMPLETED IN: 8 ms
2026-05-09 18:47:05 [http-nio-8082-exec-5] INFO  c.w.product.aspect.LoggingAspect - ==> API REQUEST: com.warehouse.product.controller.ProductController.getAllProducts()
2026-05-09 18:47:05 [http-nio-8082-exec-5] INFO  c.w.product.aspect.LoggingAspect - ==> SERVICE METHOD CALLED: com.warehouse.product.service.ProductService.getAllProducts()
2026-05-09 18:47:05 [http-nio-8082-exec-3] INFO  c.w.product.aspect.LoggingAspect - ==> API REQUEST: com.warehouse.product.controller.NotificationController.getNotifications()
2026-05-09 18:47:05 [http-nio-8082-exec-3] INFO  c.w.product.aspect.LoggingAspect - ==> SERVICE METHOD CALLED: com.warehouse.product.service.ProductService.getAllProducts()
2026-05-09 18:47:05 [http-nio-8082-exec-5] INFO  c.w.product.aspect.LoggingAspect - ==> METHOD: getAllProducts() COMPLETED IN: 5 ms
2026-05-09 18:47:05 [http-nio-8082-exec-3] INFO  c.w.product.aspect.LoggingAspect - ==> METHOD: getAllProducts() COMPLETED IN: 3 ms
2026-05-09 18:47:07 [http-nio-8082-exec-8] INFO  c.w.product.aspect.LoggingAspect - ==> API REQUEST: com.warehouse.product.controller.NotificationController.getNotifications()
2026-05-09 18:47:07 [http-nio-8082-exec-8] INFO  c.w.product.aspect.LoggingAspect - ==> SERVICE METHOD CALLED: com.warehouse.product.service.ProductService.getAllProducts()
2026-05-09 18:47:07 [http-nio-8082-exec-8] INFO  c.w.product.aspect.LoggingAspect - ==> METHOD: getAllProducts() COMPLETED IN: 10 ms
2026-05-09 18:47:08 [http-nio-8082-exec-4] INFO  c.w.product.aspect.LoggingAspect - ==> API REQUEST: com.warehouse.product.controller.NotificationController.getNotifications()
2026-05-09 18:47:08 [http-nio-8082-exec-4] INFO  c.w.product.aspect.LoggingAspect - ==> SERVICE METHOD CALLED: com.warehouse.product.service.ProductService.getAllProducts()
2026-05-09 18:47:08 [http-nio-8082-exec-6] INFO  c.w.product.aspect.LoggingAspect - ==> API REQUEST: com.warehouse.product.controller.ProductController.getAllProducts()
2026-05-09 18:47:08 [http-nio-8082-exec-6] INFO  c.w.product.aspect.LoggingAspect - ==> SERVICE METHOD CALLED: com.warehouse.product.service.ProductService.getAllProducts()
2026-05-09 18:47:08 [http-nio-8082-exec-6] INFO  c.w.product.aspect.LoggingAspect - ==> METHOD: getAllProducts() COMPLETED IN: 5 ms
2026-05-09 18:47:08 [http-nio-8082-exec-4] INFO  c.w.product.aspect.LoggingAspect - ==> METHOD: getAllProducts() COMPLETED IN: 5 ms
2026-05-09 18:47:16 [http-nio-8082-exec-7] INFO  c.w.product.aspect.LoggingAspect - ==> API REQUEST: com.warehouse.product.controller.ProductController.getAllProducts()
2026-05-09 18:47:16 [http-nio-8082-exec-7] INFO  c.w.product.aspect.LoggingAspect - ==> SERVICE METHOD CALLED: com.warehouse.product.service.ProductService.getAllProducts()
2026-05-09 18:47:16 [http-nio-8082-exec-9] INFO  c.w.product.aspect.LoggingAspect - ==> API REQUEST: com.warehouse.product.controller.NotificationController.getNotifications()
2026-05-09 18:47:16 [http-nio-8082-exec-9] INFO  c.w.product.aspect.LoggingAspect - ==> SERVICE METHOD CALLED: com.warehouse.product.service.ProductService.getAllProducts()
2026-05-09 18:47:16 [http-nio-8082-exec-9] INFO  c.w.product.aspect.LoggingAspect - ==> METHOD: getAllProducts() COMPLETED IN: 7 ms
2026-05-09 18:47:16 [http-nio-8082-exec-7] INFO  c.w.product.aspect.LoggingAspect - ==> METHOD: getAllProducts() COMPLETED IN: 7 ms
2026-05-09 18:47:23 [http-nio-8082-exec-1] INFO  c.w.product.aspect.LoggingAspect - ==> API REQUEST: com.warehouse.product.controller.NotificationController.getNotifications()
2026-05-09 18:47:23 [http-nio-8082-exec-1] INFO  c.w.product.aspect.LoggingAspect - ==> SERVICE METHOD CALLED: com.warehouse.product.service.ProductService.getAllProducts()
2026-05-09 18:47:23 [http-nio-8082-exec-1] INFO  c.w.product.aspect.LoggingAspect - ==> METHOD: getAllProducts() COMPLETED IN: 12 ms
2026-05-09 18:47:30 [http-nio-8082-exec-10] INFO  c.w.product.aspect.LoggingAspect - ==> API REQUEST: com.warehouse.product.controller.NotificationController.getNotifications()
2026-05-09 18:47:30 [http-nio-8082-exec-10] INFO  c.w.product.aspect.LoggingAspect - ==> SERVICE METHOD CALLED: com.warehouse.product.service.ProductService.getAllProducts()
2026-05-09 18:47:30 [http-nio-8082-exec-10] INFO  c.w.product.aspect.LoggingAspect - ==> METHOD: getAllProducts() COMPLETED IN: 20 ms
2026-05-09 18:47:36 [http-nio-8082-exec-2] INFO  c.w.product.aspect.LoggingAspect - ==> API REQUEST: com.warehouse.product.controller.NotificationController.getNotifications()
2026-05-09 18:47:36 [http-nio-8082-exec-2] INFO  c.w.product.aspect.LoggingAspect - ==> SERVICE METHOD CALLED: com.warehouse.product.service.ProductService.getAllProducts()
2026-05-09 18:47:36 [http-nio-8082-exec-2] INFO  c.w.product.aspect.LoggingAspect - ==> METHOD: getAllProducts() COMPLETED IN: 16 ms
2026-05-09 18:47:37 [http-nio-8082-exec-3] INFO  c.w.product.aspect.LoggingAspect - ==> API REQUEST: com.warehouse.product.controller.NotificationController.getNotifications()
2026-05-09 18:47:37 [http-nio-8082-exec-3] INFO  c.w.product.aspect.LoggingAspect - ==> SERVICE METHOD CALLED: com.warehouse.product.service.ProductService.getAllProducts()
2026-05-09 18:47:37 [http-nio-8082-exec-3] INFO  c.w.product.aspect.LoggingAspect - ==> METHOD: getAllProducts() COMPLETED IN: 16 ms
2026-05-09 18:47:38 [http-nio-8082-exec-5] INFO  c.w.product.aspect.LoggingAspect - ==> API REQUEST: com.warehouse.product.controller.NotificationController.getNotifications()
2026-05-09 18:47:38 [http-nio-8082-exec-5] INFO  c.w.product.aspect.LoggingAspect - ==> SERVICE METHOD CALLED: com.warehouse.product.service.ProductService.getAllProducts()
2026-05-09 18:47:38 [http-nio-8082-exec-5] INFO  c.w.product.aspect.LoggingAspect - ==> METHOD: getAllProducts() COMPLETED IN: 7 ms
2026-05-09 18:47:47 [http-nio-8082-exec-8] INFO  c.w.product.aspect.LoggingAspect - ==> API REQUEST: com.warehouse.product.controller.NotificationController.getNotifications()
2026-05-09 18:47:47 [http-nio-8082-exec-8] INFO  c.w.product.aspect.LoggingAspect - ==> SERVICE METHOD CALLED: com.warehouse.product.service.ProductService.getAllProducts()
2026-05-09 18:47:47 [http-nio-8082-exec-8] INFO  c.w.product.aspect.LoggingAspect - ==> METHOD: getAllProducts() COMPLETED IN: 4 ms
2026-05-09 18:47:53 [http-nio-8082-exec-4] INFO  c.w.product.aspect.LoggingAspect - ==> API REQUEST: com.warehouse.product.controller.NotificationController.getNotifications()
2026-05-09 18:47:53 [http-nio-8082-exec-4] INFO  c.w.product.aspect.LoggingAspect - ==> SERVICE METHOD CALLED: com.warehouse.product.service.ProductService.getAllProducts()
2026-05-09 18:47:53 [http-nio-8082-exec-4] INFO  c.w.product.aspect.LoggingAspect - ==> METHOD: getAllProducts() COMPLETED IN: 7 ms
2026-05-09 18:48:00 [http-nio-8082-exec-6] INFO  c.w.product.aspect.LoggingAspect - ==> API REQUEST: com.warehouse.product.controller.NotificationController.getNotifications()
2026-05-09 18:48:00 [http-nio-8082-exec-6] INFO  c.w.product.aspect.LoggingAspect - ==> SERVICE METHOD CALLED: com.warehouse.product.service.ProductService.getAllProducts()
2026-05-09 18:48:00 [http-nio-8082-exec-6] INFO  c.w.product.aspect.LoggingAspect - ==> METHOD: getAllProducts() COMPLETED IN: 15 ms
